;benchmark_liisi-fernando;;;
;source_url;context;question;answer
1;https://www.worldweatherattribution.org/a-quick-look-at-the-extreme-rainfall-in-japan/;"On 6 and 7 July 2018, torrential rains came down on parts of southwestern Japan, especially around Hiroshima, Wakayama and Okayama. The resulting flash floods and landslides killed at least 200 people and caused immense damage.
The Fire and Disaster Management Agency estimates that over 200 houses have been damaged fully or partially, and 5,000 more have been affected by the floods and landslides. Evacuation orders were issued to 1.9 million people and advisory notices to 2.3 million people as of 8 July 2018.
For some extreme weather events we cannot do a full attribution study, usually because of the lack of data (observations and/or models). Instead we provide a quick look which is a preliminary analysis of an extreme event with some elements of an attribution analysis but without an attribution statement.
Globally, intense rainfall is increasing, but local trends can deviate substantially from the global tendency (see, e.g., these global maps ). We cannot do a full attribution analysis of the impact of anthropogenic climate change on the extreme rain in southwestern Japan at this time, due to lack of manpower and of enough suitable climate models to produce a robust quantitative assessment. Here we report a quick look at the event, analysing observations and the one model available, resulting in the qualitative conclusion that, based on these lines of evidence only, climate change increased the probability of extreme rains such as observed at the beginning of July in Japan.
A previous attribution analysis of extreme rainfall in this area, triggered by the 2012 extremes, focused on the occurrence of circulation patterns that caused higher rainfall in this region ( Imada et al, 2013 ) as no model available at the time of the study could resolve the precipitation event itself. The study did not detect a shift due to climate change in the main pattern that is sensitive to SST variations. Observational analysis of quality-controlled station data from 1901 to 2004 found a 45% linear increase in the 1 in 10 year extremes summed over western Japan, mainly in autumn ( Fujibe et al, 2005 , Fujibe et al, 2006 ).
Here we focus instead on the rainfall itself, in observations and in a single model operating at high enough resolution to resolve the small-scale precipitation extremes that caused the flash floods and damage in Japan in early July 2018. This analysis therefore includes thermodynamic factors such as the increase in moisture with temperature according to the Clausius-Clapeyron relation. It therefore gives a more complete analysis than Imada et al, 2013 who only considered circulation changes.
We base the observational analysis on the GHCN-Daily v3 station data augmented with real-time data from the GTS system that meteorological institutes use to exchange data for weather forecasting. The results were checked against the 0.5º CPC analysis and GPM/IMERG satellite estimates of precipitation.
Figure 1 shows that on 6 and 7 July a few stations recorded very large amounts of precipitation; up to 338 mm/dy at Iizuka. The extremes were very local and at different locations on these two days, so we consider the highest daily precipitation of the year (RX1day) at station locations as our event definition. In Figure 2 this variable is shown for 2018 (up to 10 July) and as a comparison for 2012, which was analysed by Imada et al, 2013. In 2012 there were more stations that recorded more than 250 mm/dy, but mainly on the southern coast. In 2018 the rains fell more in the mountainous interior.
The GPM/IMERG satellite observations show extreme rainfall on the same two days, but much higher amounts, up to 500 mm/dy in the mountainous interior. This can be due to the fact that the highest rainfall intensities were on mountain slopes with no rain gauges. The intensity of the flash floods is qualitative evidence for this. However, there may also be calibration problems of the retrieval for such high precipitation amounts from the satellite instruments (cf our Houston analysis ). The extreme rainfall was caused by a strong south-westerly flow bringing moisture from the subtropics and convergence over southwestern Japan, the mechanism also described by Imada et al, 2013 .
The south of Japan has its highest rainfall and extremes in the June-July ‘Baiu’ rainy season ( Imada et al, 2013 ). This is caused by a convergence zone that lies over the southern part of Japan and the adjoining oceans. There, a normal year would be called extreme in many other parts of the world, with many stations regularly receiving more than 100 mm/dy on the wettest day of the year, especially on the southern coast (Figure 3). Due to the sharp gradient in the amount of rain on the wettest day of the year between southern and northern Japan we restrict the further analyses to the area south of 36 ºN (indicated by a line of Figure 4), and consider stations in 25-36 ºN, 125-145 ºE (the area below the line, this includes a few stations in South Korea).
Relative to this climatology, we found that the 2018 event was exceptional, with some stations in the interior measuring more than two times the usual amount for the wettest day of the year (Figure 5). In 2012 the extremes on the coast were about 50% higher than normal with two stations in the interior having double the usual amount. So in contrast to the absolute RX1day amounts, the relative deviations from normal were larger in 2018 than in 2012. This may explain why the number of casualties and damages were also larger.
We fitted the observed precipitation series to a GEV distribution in which the position and scale parameters vary with the smoothed global mean temperature as a proxy for global warming (see van der Wiel et al, 2017 for a full description). This gives return times in the current climate, which are more than 200 years at five stations for the 2018 extremes (Urmi, Hiroshima, Okayama, Fukuyama and Matsuyama). Note that due to to the small spatial scale of the extremes, the probability of finding such extremes anywhere in the region is much higher. We estimate there are about 10 degrees of freedom, so that the probability of having a station with a 200-yr return time anywhere in southwestern Japan is about once every 20 years.
It makes little sense to analyse single precipitation series for trends, which in Japan usually have 50 to 60 years of data. The signal/noise ratio is so poor that the trends are dominated by the random weather. We therefore considered all stations in the area together, each fitted to the non-stationary GEV described above. Figure 6 shows that there are more stations with positive trends (a higher probability of extreme rainfall now) than with negative trends. The number of stations with negative trends is compatible with what one expects from pure chance: 6/94 stations (6%) have p<0.1, 3/94 stations (3%) have p<0.05. The number of stations with positive trends is higher: 21/94 (22%) have p<0.1, 10/94 (11%) have p<0.05. This implies that about half the positive trends in Figure 6 are due to natural variability. The other half are due to systematic trends, the most plausible being climate change due to greenhouse gases and aerosols. It is impossible to state which half, but the area of the 2018 floods is almost uniformly blue, i.e., almost all stations there have positive trends up to 2017 (the event under study, 2018, has not been included in the fits).
In order to ascertain the cause of the trends in the station data we have to use climate models. State-of-the-art global climate models with a resolution of about 200 km show an increase in precipitation extremes in the region. However, due to the small scale of the extreme events and the fact that some are due to typhoons that are not resolved by these models, these results are not trustworthy. On physical grounds we require climate models with about 25 km resolution or higher to undertake a full attribution study. Only at that resolution models start to represent tropical cyclones well enough and should have a better representation of the mountainous terrain. However, model output for this region at this resolution is not available to us at the moment. The best we could find were the EC-Earth T799 (~30 km) Future Weather experiments . These are four time slices of five years around the years 1850, 2000, 2030 and 2100 with 6 ensemble members run with RCP4.5 greenhouse gas and aerosol concentrations and observed SSTs in 2002-2006, the SSTs were adjusted to the other periods using the ESSENCE ensemble of ECHAM5/MPI-OM runs under the forcing scenario SRES A1B.
The climatology of the wettest day of the year looks realistic in this model, with the east-west band of high extremes ending at about 36 ºN and the highest extremes on the south coast, just like the observations (compare figures 4 and 7). The seasonal cycle also has the right structure, although the rainy season peaks two weeks earlier than in the observations and the model seems to overestimate the extremes relative to the CMORPH satellite retrieval.
Figure 8 shows the trends in this model. The left panel compares the 2000 runs with the 1850 runs, and the right panel uses all four time slices up to 2098. They both show on average increases in these precipitation extremes,. The differences are due to the obviously higher natural variability and the effects of aerosols, which have large uncertainties. However, southwestern Japan exhibits positive trends in RX1day over both intervals. Because of the uncertainties in the effects of greenhouse gases and aerosols and the large contribution of natural variability to local trends we cannot draw a quantitative conclusion from this single model beyond the statement that the trend is positive.
On 6 and 7 July 2018 extreme amounts of precipitation fell in single days in the interior of southwestern Japan, causing extensive flooding. This is the main rainy season in this region, but the daily extremes were about twice the usual amount on the wettest day of the year in the five stations that experienced the largest rain amounts. This translates into local return times of more than 200 years in the current climate.
The observed precipitation series show significantly more stations with positive trends than negative trends. The latter are compatible with chance behaviour from natural variability, while there are two times more stations showing an increasing trends in the probability of these kinds of high precipitation extremes than the number expected due to natural variability. This agrees with earlier studies that found positive trends in the 1 in 10 year extremes in this region of Japan.
A single model, EC-Earth T799, appears to reproduce the main spatial and seasonal features of the rainfall extremes qualitatively. It also shows positive trends in the wettest day of the year in southwestern Japan both over the historic time period 1850-2006 and the time period spanning past, present and future 1850-2098.
The observational and model evidence agree that climate change has made extremes like the ones observed in 2018 more likely. However, the data on which our observational analysis is based is too noisy to compute by how much. Based on past experience on how much different models diverge in their representation of extreme rainfall events, we choose not to quote quantitative model results from a single model either. A full attribution study will have to be based on multiple models, after a formal model evaluation step.
Unusual cold spells can occur even in a warming world, and cause disruption to transport, energy & food supplies.
Drought affects people in many ways, from reduced water & food supplies to increasing the risk of wildfires.
Rainfall events from a major storm or hurricane, or intense localised downpours can lead to flooding in any type of location.
Heatwaves can be particularly dangerous to humans, and occur all over the world with increasing intensity.";How many people were killed by flash floods and landslides on 6 and 7 July 2018 in southwestern Japan?;At least 200
2;https://www.worldweatherattribution.org/a-quick-look-at-the-extreme-rainfall-in-japan/;"On 6 and 7 July 2018, torrential rains came down on parts of southwestern Japan, especially around Hiroshima, Wakayama and Okayama. The resulting flash floods and landslides killed at least 200 people and caused immense damage.
The Fire and Disaster Management Agency estimates that over 200 houses have been damaged fully or partially, and 5,000 more have been affected by the floods and landslides. Evacuation orders were issued to 1.9 million people and advisory notices to 2.3 million people as of 8 July 2018.
For some extreme weather events we cannot do a full attribution study, usually because of the lack of data (observations and/or models). Instead we provide a quick look which is a preliminary analysis of an extreme event with some elements of an attribution analysis but without an attribution statement.
Globally, intense rainfall is increasing, but local trends can deviate substantially from the global tendency (see, e.g., these global maps ). We cannot do a full attribution analysis of the impact of anthropogenic climate change on the extreme rain in southwestern Japan at this time, due to lack of manpower and of enough suitable climate models to produce a robust quantitative assessment. Here we report a quick look at the event, analysing observations and the one model available, resulting in the qualitative conclusion that, based on these lines of evidence only, climate change increased the probability of extreme rains such as observed at the beginning of July in Japan.
A previous attribution analysis of extreme rainfall in this area, triggered by the 2012 extremes, focused on the occurrence of circulation patterns that caused higher rainfall in this region ( Imada et al, 2013 ) as no model available at the time of the study could resolve the precipitation event itself. The study did not detect a shift due to climate change in the main pattern that is sensitive to SST variations. Observational analysis of quality-controlled station data from 1901 to 2004 found a 45% linear increase in the 1 in 10 year extremes summed over western Japan, mainly in autumn ( Fujibe et al, 2005 , Fujibe et al, 2006 ).
Here we focus instead on the rainfall itself, in observations and in a single model operating at high enough resolution to resolve the small-scale precipitation extremes that caused the flash floods and damage in Japan in early July 2018. This analysis therefore includes thermodynamic factors such as the increase in moisture with temperature according to the Clausius-Clapeyron relation. It therefore gives a more complete analysis than Imada et al, 2013 who only considered circulation changes.
We base the observational analysis on the GHCN-Daily v3 station data augmented with real-time data from the GTS system that meteorological institutes use to exchange data for weather forecasting. The results were checked against the 0.5º CPC analysis and GPM/IMERG satellite estimates of precipitation.
Figure 1 shows that on 6 and 7 July a few stations recorded very large amounts of precipitation; up to 338 mm/dy at Iizuka. The extremes were very local and at different locations on these two days, so we consider the highest daily precipitation of the year (RX1day) at station locations as our event definition. In Figure 2 this variable is shown for 2018 (up to 10 July) and as a comparison for 2012, which was analysed by Imada et al, 2013. In 2012 there were more stations that recorded more than 250 mm/dy, but mainly on the southern coast. In 2018 the rains fell more in the mountainous interior.
The GPM/IMERG satellite observations show extreme rainfall on the same two days, but much higher amounts, up to 500 mm/dy in the mountainous interior. This can be due to the fact that the highest rainfall intensities were on mountain slopes with no rain gauges. The intensity of the flash floods is qualitative evidence for this. However, there may also be calibration problems of the retrieval for such high precipitation amounts from the satellite instruments (cf our Houston analysis ). The extreme rainfall was caused by a strong south-westerly flow bringing moisture from the subtropics and convergence over southwestern Japan, the mechanism also described by Imada et al, 2013 .
The south of Japan has its highest rainfall and extremes in the June-July ‘Baiu’ rainy season ( Imada et al, 2013 ). This is caused by a convergence zone that lies over the southern part of Japan and the adjoining oceans. There, a normal year would be called extreme in many other parts of the world, with many stations regularly receiving more than 100 mm/dy on the wettest day of the year, especially on the southern coast (Figure 3). Due to the sharp gradient in the amount of rain on the wettest day of the year between southern and northern Japan we restrict the further analyses to the area south of 36 ºN (indicated by a line of Figure 4), and consider stations in 25-36 ºN, 125-145 ºE (the area below the line, this includes a few stations in South Korea).
Relative to this climatology, we found that the 2018 event was exceptional, with some stations in the interior measuring more than two times the usual amount for the wettest day of the year (Figure 5). In 2012 the extremes on the coast were about 50% higher than normal with two stations in the interior having double the usual amount. So in contrast to the absolute RX1day amounts, the relative deviations from normal were larger in 2018 than in 2012. This may explain why the number of casualties and damages were also larger.
We fitted the observed precipitation series to a GEV distribution in which the position and scale parameters vary with the smoothed global mean temperature as a proxy for global warming (see van der Wiel et al, 2017 for a full description). This gives return times in the current climate, which are more than 200 years at five stations for the 2018 extremes (Urmi, Hiroshima, Okayama, Fukuyama and Matsuyama). Note that due to to the small spatial scale of the extremes, the probability of finding such extremes anywhere in the region is much higher. We estimate there are about 10 degrees of freedom, so that the probability of having a station with a 200-yr return time anywhere in southwestern Japan is about once every 20 years.
It makes little sense to analyse single precipitation series for trends, which in Japan usually have 50 to 60 years of data. The signal/noise ratio is so poor that the trends are dominated by the random weather. We therefore considered all stations in the area together, each fitted to the non-stationary GEV described above. Figure 6 shows that there are more stations with positive trends (a higher probability of extreme rainfall now) than with negative trends. The number of stations with negative trends is compatible with what one expects from pure chance: 6/94 stations (6%) have p<0.1, 3/94 stations (3%) have p<0.05. The number of stations with positive trends is higher: 21/94 (22%) have p<0.1, 10/94 (11%) have p<0.05. This implies that about half the positive trends in Figure 6 are due to natural variability. The other half are due to systematic trends, the most plausible being climate change due to greenhouse gases and aerosols. It is impossible to state which half, but the area of the 2018 floods is almost uniformly blue, i.e., almost all stations there have positive trends up to 2017 (the event under study, 2018, has not been included in the fits).
In order to ascertain the cause of the trends in the station data we have to use climate models. State-of-the-art global climate models with a resolution of about 200 km show an increase in precipitation extremes in the region. However, due to the small scale of the extreme events and the fact that some are due to typhoons that are not resolved by these models, these results are not trustworthy. On physical grounds we require climate models with about 25 km resolution or higher to undertake a full attribution study. Only at that resolution models start to represent tropical cyclones well enough and should have a better representation of the mountainous terrain. However, model output for this region at this resolution is not available to us at the moment. The best we could find were the EC-Earth T799 (~30 km) Future Weather experiments . These are four time slices of five years around the years 1850, 2000, 2030 and 2100 with 6 ensemble members run with RCP4.5 greenhouse gas and aerosol concentrations and observed SSTs in 2002-2006, the SSTs were adjusted to the other periods using the ESSENCE ensemble of ECHAM5/MPI-OM runs under the forcing scenario SRES A1B.
The climatology of the wettest day of the year looks realistic in this model, with the east-west band of high extremes ending at about 36 ºN and the highest extremes on the south coast, just like the observations (compare figures 4 and 7). The seasonal cycle also has the right structure, although the rainy season peaks two weeks earlier than in the observations and the model seems to overestimate the extremes relative to the CMORPH satellite retrieval.
Figure 8 shows the trends in this model. The left panel compares the 2000 runs with the 1850 runs, and the right panel uses all four time slices up to 2098. They both show on average increases in these precipitation extremes,. The differences are due to the obviously higher natural variability and the effects of aerosols, which have large uncertainties. However, southwestern Japan exhibits positive trends in RX1day over both intervals. Because of the uncertainties in the effects of greenhouse gases and aerosols and the large contribution of natural variability to local trends we cannot draw a quantitative conclusion from this single model beyond the statement that the trend is positive.
On 6 and 7 July 2018 extreme amounts of precipitation fell in single days in the interior of southwestern Japan, causing extensive flooding. This is the main rainy season in this region, but the daily extremes were about twice the usual amount on the wettest day of the year in the five stations that experienced the largest rain amounts. This translates into local return times of more than 200 years in the current climate.
The observed precipitation series show significantly more stations with positive trends than negative trends. The latter are compatible with chance behaviour from natural variability, while there are two times more stations showing an increasing trends in the probability of these kinds of high precipitation extremes than the number expected due to natural variability. This agrees with earlier studies that found positive trends in the 1 in 10 year extremes in this region of Japan.
A single model, EC-Earth T799, appears to reproduce the main spatial and seasonal features of the rainfall extremes qualitatively. It also shows positive trends in the wettest day of the year in southwestern Japan both over the historic time period 1850-2006 and the time period spanning past, present and future 1850-2098.
The observational and model evidence agree that climate change has made extremes like the ones observed in 2018 more likely. However, the data on which our observational analysis is based is too noisy to compute by how much. Based on past experience on how much different models diverge in their representation of extreme rainfall events, we choose not to quote quantitative model results from a single model either. A full attribution study will have to be based on multiple models, after a formal model evaluation step.
Unusual cold spells can occur even in a warming world, and cause disruption to transport, energy & food supplies.
Drought affects people in many ways, from reduced water & food supplies to increasing the risk of wildfires.
Rainfall events from a major storm or hurricane, or intense localised downpours can lead to flooding in any type of location.
Heatwaves can be particularly dangerous to humans, and occur all over the world with increasing intensity.";What was maximum daily precipitation recorded at Iizuka station during 6 July 2018?;338 mm
3;https://www.worldweatherattribution.org/analysis/cold-spells/;"Under the influence of a lingering anticyclone, Fennoscandia experienced extremely cold winter temperatures during early January 2024.
In our latest study, scientists from France, Germany, Netherlands, and the UK collaborated to examine whether and to what extent human-induced climate change had a part to play in the cold early April following a very warm March 2021 that led to large scale frost damages in grapevines and fruit trees in central France.
Over the last week of 2017 and first week of 2018, a cold wave gripped the northeastern U.S. and southeastern Canada, with temperatures over 18ºF (10ºC) colder than is typical at this time of year over this area, setting records at many sites.
Severe winter weather struck southeastern Europe, with extreme cold and snow in Italy, the Balkans and Turkey. This caused many accidents on roads, school closures, and cancelled flights. The Danube river and Bosporus sea strait were closed for shipping.
How rare were the unusually high temperatures around the North Pole in November–December 2016 and how were they influenced by anthropogenic climate change?";What agricultural crops suffered large‑scale frost damage in central France after warm March 2021?;Grape vines and fruit trees
4;https://www.worldweatherattribution.org/analysis/cold-spells/;"Under the influence of a lingering anticyclone, Fennoscandia experienced extremely cold winter temperatures during early January 2024.
In our latest study, scientists from France, Germany, Netherlands, and the UK collaborated to examine whether and to what extent human-induced climate change had a part to play in the cold early April following a very warm March 2021 that led to large scale frost damages in grapevines and fruit trees in central France.
Over the last week of 2017 and first week of 2018, a cold wave gripped the northeastern U.S. and southeastern Canada, with temperatures over 18ºF (10ºC) colder than is typical at this time of year over this area, setting records at many sites.
Severe winter weather struck southeastern Europe, with extreme cold and snow in Italy, the Balkans and Turkey. This caused many accidents on roads, school closures, and cancelled flights. The Danube river and Bosporus sea strait were closed for shipping.
How rare were the unusually high temperatures around the North Pole in November–December 2016 and how were they influenced by anthropogenic climate change?";What atmospheric condition contributed to extremely cold winter temperatures in Fennoscandia during early January 2024?;A lingering anticyclone
5;https://www.worldweatherattribution.org/analysis/cold-spells/;"Under the influence of a lingering anticyclone, Fennoscandia experienced extremely cold winter temperatures during early January 2024.
In our latest study, scientists from France, Germany, Netherlands, and the UK collaborated to examine whether and to what extent human-induced climate change had a part to play in the cold early April following a very warm March 2021 that led to large scale frost damages in grapevines and fruit trees in central France.
Over the last week of 2017 and first week of 2018, a cold wave gripped the northeastern U.S. and southeastern Canada, with temperatures over 18ºF (10ºC) colder than is typical at this time of year over this area, setting records at many sites.
Severe winter weather struck southeastern Europe, with extreme cold and snow in Italy, the Balkans and Turkey. This caused many accidents on roads, school closures, and cancelled flights. The Danube river and Bosporus sea strait were closed for shipping.
How rare were the unusually high temperatures around the North Pole in November–December 2016 and how were they influenced by anthropogenic climate change?";By how many degrees Fahrenheit did temperatures drop below typical values during 2017–2018 cold wave in northeastern United States and southeastern Canada?;Over 18 °F
6;https://www.worldweatherattribution.org/chennai-floods-december-2015/;"A relentless downpour pounded Tamil Nadu’s capital city of Chennai on December 1, 2015, flooding and submerging one of India’s largest cities. The heaviest one-day rainfall in the region – as much as 494 mm (19.45 inches) – in more than a century left more than three million people without basic services.
The torrential rain collapsed roads and bridges, and halted air and train travel in and out of the city, stranding hundreds of passengers.
A relentless downpour pounded Tamil Nadu’s capital city of Chennai on December 1, 2015, flooding and submerging one of India’s largest cities. The heaviest one-day rainfall in the region in more than a century – as much as 494 mm (19.45 inches) left more than three million people without basic services, collapsed roads and bridges, and halted air and train travel in and out of the city, stranding hundreds of passengers. “ Chennai has become a small island ,” said India Home Minister Rajnath Singh.
The catastrophic rains not only isolated the city, but forced tens of thousands from their homes. The military dropped food supplies to residents stranded on rooftops. For the first time in its 137-year history, the local paper went unpublished because staff could not reach the press. On December 2, authorities declared Chennai a disaster zone.
Costs to India’s economy due to the floodwaters in Chennai are estimated at US $3 billion.
Standard daily rainfall observations in Chennai from 8:30 in the morning local time on December 1 to 8:30 in the morning December 2 showed 24-hour sums on average of 286 mm (11.26 inches), with some stations recording as little as 77 mm (3.03 inches) and as others as much as 494 mm (19.45 inches). The area’s main rainy season occurs from October through December during the northeast monsoon. That’s when high sea surface temperature (SST) in the Bay of Bengal, coupled with weak vertical wind shear conditions (wind shear is the change of wind speed and direction with height), make circumstances ideal for the cyclones, tropical storms and other rain storms that landfall on the coast of southeastern India.
The 2015 rainy season coincided with a strong El Niño, record warm global surface temperatures, and high Indian Ocean temperatures. The question is which, if any, of these factors influenced the probability of extreme rainfall in Chennai. Overall, SSTs in the Bay of Bengal – while higher than the observed trend – were still lower than elsewhere in the Indian Ocean during the 2015 rainy season. SSTs in the northern and western Bay of Bengal have increased very little during the past 35 years compared to observed global warming trends. This is likely due to increased air pollution in the region, the ‘brown cloud’ that blocks sunlight. That in turn counteracts the large-scale warming due to greenhouse gases, especially in pre-monsoon maximum temperature. This is also known as the ‘aerosol effect’. Despite the overall cooler temperatures in the Bay of Bengal as compared to elsewhere in the Indian Ocean, there was a somewhat warmer patch of water just off the coast of Chennai on December 1.
Chennai is a coastal mega-city which has encountered explosive and largely unplanned growth over the past 15 years. The city of 8.2 million has an estimated 150,000 illegal buildings. Land-use issues like decreased natural areas, loss of water bodies, encroachment of river and streams and other drainage channels, and uncontrolled multiplication of built-up areas have been identified as factors that contribute to high vulnerability and exposure to floods in Chennai. On December 1, the extreme rainfall brought nearly-full reservoirs to capacity, prompting local authorities to release water into the rivers which subsequently overflowed and flooded low-lying areas. In a report, the Parliamentary Standing Committee on Home Affairs acknowledged the lack of timely desilting, inadequate flood zone planning and large scale settlements in low-lying areas as major contributors to the impacts that occurred in the city.
To assess the potential link between the heavy rainfall in Chennai on December 1, 2015 and human-caused greenhouse gases in the atmosphere, Climate Central, the Royal Netherlands Meteorological Institute (KNMI), the University of Oxford, and the Indian Institute of Technology, Delhi (IITD) – as part of the World Weather Attribution (WWA) partnership which also includes Red Cross Red Crescent Climate Centre and University of Melbourne – conducted independent assessments using multiple peer-reviewed approaches of extreme event attribution methodologies. These approaches involve statistical analyses of the historical precipitation record, the trend in global climate models, and the results of thousands of simulations of possible weather with a regional climate model. Applying multiple methods provides scientists with a means to assess confidence in the results.
For the observational analysis, scientists analyzed two datasets of daily precipitation in the region. The public GHCN-D dataset has 50 stations with at least 40 years of data in the coastal area 10°–15°N, 79.5°–81°E for a total of 3504 station-years. However, all but two of the series end in 1970. The India Meteorological Department (IMD) provided 19 non-public series from the region for 1969–2013.
For the global model analysis, the team analyzed the rainfall extremes in a relatively high-resolution (150-km) ensemble of model runs, 16 historical/RCP8.5 experiments using the EC-Earth 2.3 model at T159. The CMIP5 multi-model ensemble contains many models with a hard upper boundary of rainfall in the grid box corresponding to Chennai, in contrast to the observed probability distribution function, so researchers were unable to use the models. For a more regional look, the scientists analyzed the rainfall extremes in the regional atmosphere-only general circulation model HadRM3P, used in the weather@home distributed computing framework.
The highest observed daily rainfall, 494 mm, was an extreme occurrence meteorologically, with a probability of occurrence in the current climate of one in 600 to 2500 per year (95% level of confidence). This would have overwhelmed flood prevention measures in any city.
No effect of human-induced climate change was detected in the the extreme one-day rainfall that caused widespread flooding in Chennai, India on December 1, 2015, neither from 1900–1970, nor from 1970–2014. Coupled models show more extreme one-day precipitation events from 1970–2015, but a large ensemble of observed SST-forced models again shows no increase in the probability of extreme one-day precipitation due to human-caused emissions. A plausible factor is the lack of increase in SSTs in the western Bay of Bengal over the last 40 years, which is not reproduced correctly by the coupled models but is realistic in the SST-forced model. We therefore discard the results from the coupled global model as unrealistic. The other results, from observations and the SST-forced regional model, preclude an attribution of the heavy rains to human-caused factors, probably due to the two main pollutants, greenhouse gases and aerosols, having opposing effects.
There is a small but clear increase in probability of extremes in the SST-forced regional model, associated with El Niño and other non-anthropogenic SST anomalies. In the observations, the ENSO signal is also present but not statistically significant.
In climate science, the word ‘aerosol’ is generally used to mean “atmospheric particulate”, particles like dust and sea salt that occur naturally and others that come from the burning of types of fossil fuels and biomass. This is not to be confused with ozone-damaging chlorofluorocarbons (CFCs) released from spray cans. Like greenhouse gases, aerosols affect the Earth’s radiative balance, intercepting solar radiation and either reflecting it back or absorbing it high in the atmosphere. Overall, aerosols have had a cooling effect on the surface, countering global warming. However, aerosols come with a host of negative impacts, specifically on climate and weather patterns, and on human health. The World Health Organization estimates that these pollutants are one of the leading causes of worldwide mortality, contributing to as many as seven million premature deaths each year.
Variable : Chennai, India: Precipitation
Event Definition : 1-day maximum average precipitation, 08:3o LT 1 Dec 2015 to 08:30 LT 2 Dec 2015
Domain : Southeastern India, 10°–15°N, 79.5°–81°E
Observational data : GHCN-D dataset, 10°–15°N, 79.5°–81°E; 19 nonpublic series provided by India Meteorological Department (IMD)
Models used : EC-Earth 2.3 model, at T159, about 150-km resolution (considered but not used because it showed a wrong trend in SSTs); CMIP5 (considered but not used); HadRM3P
No effect of human-caused emissions was detected in the the extreme one-day rainfall that caused widespread flooding in Chennai, India on December 1, 2015.
The manuscript was published in the special supplement to the Bulletin of the American Meteorological Society Vol. 97, No. 12, December 2016.
Unusual cold spells can occur even in a warming world, and cause disruption to transport, energy & food supplies.
Drought affects people in many ways, from reduced water & food supplies to increasing the risk of wildfires.
Rainfall events from a major storm or hurricane, or intense localised downpours can lead to flooding in any type of location.
Heatwaves can be particularly dangerous to humans, and occur all over the world with increasing intensity.";What was the estimated economic cost of the December 1, 2015 flooding in Chennai?;$3 billion
7;https://www.worldweatherattribution.org/chennai-floods-december-2015/;"A relentless downpour pounded Tamil Nadu’s capital city of Chennai on December 1, 2015, flooding and submerging one of India’s largest cities. The heaviest one-day rainfall in the region – as much as 494 mm (19.45 inches) – in more than a century left more than three million people without basic services.
The torrential rain collapsed roads and bridges, and halted air and train travel in and out of the city, stranding hundreds of passengers.
A relentless downpour pounded Tamil Nadu’s capital city of Chennai on December 1, 2015, flooding and submerging one of India’s largest cities. The heaviest one-day rainfall in the region in more than a century – as much as 494 mm (19.45 inches) left more than three million people without basic services, collapsed roads and bridges, and halted air and train travel in and out of the city, stranding hundreds of passengers. “ Chennai has become a small island ,” said India Home Minister Rajnath Singh.
The catastrophic rains not only isolated the city, but forced tens of thousands from their homes. The military dropped food supplies to residents stranded on rooftops. For the first time in its 137-year history, the local paper went unpublished because staff could not reach the press. On December 2, authorities declared Chennai a disaster zone.
Costs to India’s economy due to the floodwaters in Chennai are estimated at US $3 billion.
Standard daily rainfall observations in Chennai from 8:30 in the morning local time on December 1 to 8:30 in the morning December 2 showed 24-hour sums on average of 286 mm (11.26 inches), with some stations recording as little as 77 mm (3.03 inches) and as others as much as 494 mm (19.45 inches). The area’s main rainy season occurs from October through December during the northeast monsoon. That’s when high sea surface temperature (SST) in the Bay of Bengal, coupled with weak vertical wind shear conditions (wind shear is the change of wind speed and direction with height), make circumstances ideal for the cyclones, tropical storms and other rain storms that landfall on the coast of southeastern India.
The 2015 rainy season coincided with a strong El Niño, record warm global surface temperatures, and high Indian Ocean temperatures. The question is which, if any, of these factors influenced the probability of extreme rainfall in Chennai. Overall, SSTs in the Bay of Bengal – while higher than the observed trend – were still lower than elsewhere in the Indian Ocean during the 2015 rainy season. SSTs in the northern and western Bay of Bengal have increased very little during the past 35 years compared to observed global warming trends. This is likely due to increased air pollution in the region, the ‘brown cloud’ that blocks sunlight. That in turn counteracts the large-scale warming due to greenhouse gases, especially in pre-monsoon maximum temperature. This is also known as the ‘aerosol effect’. Despite the overall cooler temperatures in the Bay of Bengal as compared to elsewhere in the Indian Ocean, there was a somewhat warmer patch of water just off the coast of Chennai on December 1.
Chennai is a coastal mega-city which has encountered explosive and largely unplanned growth over the past 15 years. The city of 8.2 million has an estimated 150,000 illegal buildings. Land-use issues like decreased natural areas, loss of water bodies, encroachment of river and streams and other drainage channels, and uncontrolled multiplication of built-up areas have been identified as factors that contribute to high vulnerability and exposure to floods in Chennai. On December 1, the extreme rainfall brought nearly-full reservoirs to capacity, prompting local authorities to release water into the rivers which subsequently overflowed and flooded low-lying areas. In a report, the Parliamentary Standing Committee on Home Affairs acknowledged the lack of timely desilting, inadequate flood zone planning and large scale settlements in low-lying areas as major contributors to the impacts that occurred in the city.
To assess the potential link between the heavy rainfall in Chennai on December 1, 2015 and human-caused greenhouse gases in the atmosphere, Climate Central, the Royal Netherlands Meteorological Institute (KNMI), the University of Oxford, and the Indian Institute of Technology, Delhi (IITD) – as part of the World Weather Attribution (WWA) partnership which also includes Red Cross Red Crescent Climate Centre and University of Melbourne – conducted independent assessments using multiple peer-reviewed approaches of extreme event attribution methodologies. These approaches involve statistical analyses of the historical precipitation record, the trend in global climate models, and the results of thousands of simulations of possible weather with a regional climate model. Applying multiple methods provides scientists with a means to assess confidence in the results.
For the observational analysis, scientists analyzed two datasets of daily precipitation in the region. The public GHCN-D dataset has 50 stations with at least 40 years of data in the coastal area 10°–15°N, 79.5°–81°E for a total of 3504 station-years. However, all but two of the series end in 1970. The India Meteorological Department (IMD) provided 19 non-public series from the region for 1969–2013.
For the global model analysis, the team analyzed the rainfall extremes in a relatively high-resolution (150-km) ensemble of model runs, 16 historical/RCP8.5 experiments using the EC-Earth 2.3 model at T159. The CMIP5 multi-model ensemble contains many models with a hard upper boundary of rainfall in the grid box corresponding to Chennai, in contrast to the observed probability distribution function, so researchers were unable to use the models. For a more regional look, the scientists analyzed the rainfall extremes in the regional atmosphere-only general circulation model HadRM3P, used in the weather@home distributed computing framework.
The highest observed daily rainfall, 494 mm, was an extreme occurrence meteorologically, with a probability of occurrence in the current climate of one in 600 to 2500 per year (95% level of confidence). This would have overwhelmed flood prevention measures in any city.
No effect of human-induced climate change was detected in the the extreme one-day rainfall that caused widespread flooding in Chennai, India on December 1, 2015, neither from 1900–1970, nor from 1970–2014. Coupled models show more extreme one-day precipitation events from 1970–2015, but a large ensemble of observed SST-forced models again shows no increase in the probability of extreme one-day precipitation due to human-caused emissions. A plausible factor is the lack of increase in SSTs in the western Bay of Bengal over the last 40 years, which is not reproduced correctly by the coupled models but is realistic in the SST-forced model. We therefore discard the results from the coupled global model as unrealistic. The other results, from observations and the SST-forced regional model, preclude an attribution of the heavy rains to human-caused factors, probably due to the two main pollutants, greenhouse gases and aerosols, having opposing effects.
There is a small but clear increase in probability of extremes in the SST-forced regional model, associated with El Niño and other non-anthropogenic SST anomalies. In the observations, the ENSO signal is also present but not statistically significant.
In climate science, the word ‘aerosol’ is generally used to mean “atmospheric particulate”, particles like dust and sea salt that occur naturally and others that come from the burning of types of fossil fuels and biomass. This is not to be confused with ozone-damaging chlorofluorocarbons (CFCs) released from spray cans. Like greenhouse gases, aerosols affect the Earth’s radiative balance, intercepting solar radiation and either reflecting it back or absorbing it high in the atmosphere. Overall, aerosols have had a cooling effect on the surface, countering global warming. However, aerosols come with a host of negative impacts, specifically on climate and weather patterns, and on human health. The World Health Organization estimates that these pollutants are one of the leading causes of worldwide mortality, contributing to as many as seven million premature deaths each year.
Variable : Chennai, India: Precipitation
Event Definition : 1-day maximum average precipitation, 08:3o LT 1 Dec 2015 to 08:30 LT 2 Dec 2015
Domain : Southeastern India, 10°–15°N, 79.5°–81°E
Observational data : GHCN-D dataset, 10°–15°N, 79.5°–81°E; 19 nonpublic series provided by India Meteorological Department (IMD)
Models used : EC-Earth 2.3 model, at T159, about 150-km resolution (considered but not used because it showed a wrong trend in SSTs); CMIP5 (considered but not used); HadRM3P
No effect of human-caused emissions was detected in the the extreme one-day rainfall that caused widespread flooding in Chennai, India on December 1, 2015.
The manuscript was published in the special supplement to the Bulletin of the American Meteorological Society Vol. 97, No. 12, December 2016.
Unusual cold spells can occur even in a warming world, and cause disruption to transport, energy & food supplies.
Drought affects people in many ways, from reduced water & food supplies to increasing the risk of wildfires.
Rainfall events from a major storm or hurricane, or intense localised downpours can lead to flooding in any type of location.
Heatwaves can be particularly dangerous to humans, and occur all over the world with increasing intensity.";How many people were left without basic services during the 2015 Chennai flood?;More than three million
8;https://www.worldweatherattribution.org/climate-change-added-4bn-to-damage-of-japans-typhoon-hagibis/;"More than 240 mm of rain fell in the Tokyo region on 12 October 2019, associated with tropical cyclone Hagibis.
It was the highest rainfall observed since reliable records began in 1976 and led to around 100 deaths and significant destruction that made it the second-costliest Western Pacific typhoon on record.
Using the same methods usually used in WWA’s rapid attribution studies, researchers from Imperial College London and Oxford University found that the extreme rainfall that hit Japan during Typhoon Hagibis in October 2019 was made about 67% more likely by human-caused climate change.
In an additional step the scientists calculated what the monetary consequences of this increase in rainfall are and found that roughly $4 billion of the $10 billion damage in insured losses caused by the rainfall can be attributed to climate change.
There are not many studies attributing economic damages to climate change, so the methodology is less established. Similar studies have calculated the financial damage attributable to climate change in particular extreme events, using the same methodology as in this study, for example a study of Hurricane Harvey , which hit Texas in 2017, found that $67 billion of the damage could be attributed to climate change. This is the first study, for any extreme weather event in Japan, to calculate the damage attributed to climate change, and may underestimate the influence of climate change as observed extreme rainfall in Japan has increased by more than climate models simulate.
The results reflect the growing economic burden Japan – and other countries – already face from climate change and will increasingly experience if emissions are not rapidly eliminated: the “costs of inaction”. The study looks at how much climate change increased the damage from just one extreme event, but as temperatures rise Japan is being hit by a growing number of extreme heat waves and heavy rainfall events.
Unusual cold spells can occur even in a warming world, and cause disruption to transport, energy & food supplies.
Drought affects people in many ways, from reduced water & food supplies to increasing the risk of wildfires.
Rainfall events from a major storm or hurricane, or intense localised downpours can lead to flooding in any type of location.
Heatwaves can be particularly dangerous to humans, and occur all over the world with increasing intensity.";How much rainfall fell in the Tokyo region on 12 October 2019?;More than 240 mm
9;https://www.worldweatherattribution.org/climate-change-added-4bn-to-damage-of-japans-typhoon-hagibis/;"More than 240 mm of rain fell in the Tokyo region on 12 October 2019, associated with tropical cyclone Hagibis.
It was the highest rainfall observed since reliable records began in 1976 and led to around 100 deaths and significant destruction that made it the second-costliest Western Pacific typhoon on record.
Using the same methods usually used in WWA’s rapid attribution studies, researchers from Imperial College London and Oxford University found that the extreme rainfall that hit Japan during Typhoon Hagibis in October 2019 was made about 67% more likely by human-caused climate change.
In an additional step the scientists calculated what the monetary consequences of this increase in rainfall are and found that roughly $4 billion of the $10 billion damage in insured losses caused by the rainfall can be attributed to climate change.
There are not many studies attributing economic damages to climate change, so the methodology is less established. Similar studies have calculated the financial damage attributable to climate change in particular extreme events, using the same methodology as in this study, for example a study of Hurricane Harvey , which hit Texas in 2017, found that $67 billion of the damage could be attributed to climate change. This is the first study, for any extreme weather event in Japan, to calculate the damage attributed to climate change, and may underestimate the influence of climate change as observed extreme rainfall in Japan has increased by more than climate models simulate.
The results reflect the growing economic burden Japan – and other countries – already face from climate change and will increasingly experience if emissions are not rapidly eliminated: the “costs of inaction”. The study looks at how much climate change increased the damage from just one extreme event, but as temperatures rise Japan is being hit by a growing number of extreme heat waves and heavy rainfall events.
Unusual cold spells can occur even in a warming world, and cause disruption to transport, energy & food supplies.
Drought affects people in many ways, from reduced water & food supplies to increasing the risk of wildfires.
Rainfall events from a major storm or hurricane, or intense localised downpours can lead to flooding in any type of location.
Heatwaves can be particularly dangerous to humans, and occur all over the world with increasing intensity.";By what percentage did human-caused climate change increase the likelihood of extreme rainfall during Typhoon Hagibis?;About 67%
10;https://www.worldweatherattribution.org/climate-change-exacerbated-heavy-rainfall-leading-to-large-scale-flooding-in-highly-vulnerable-communities-in-west-africa/;"From May until October 2022, large parts of West Africa experienced large-scale flooding caused by above average seasonal rainfall and water management.
The West African rainy season runs between May and October, with local variations, including some parts of the region experiencing two peaks of rain within the season. In 2022, the rains arrived early and were in many regions above average, especially around a large area encompassing Lake Chad, leading to flooding from Mali to Cameroon. Nigeria and Niger saw the earliest onset of large floods in the first half of June, followed by Chad in July, Cameroon in August, and finally, Benin in September.
With at least 612 and 195 fatalities, respectively, the floods over Nigeria and Niger are among the deadliest in the countries’ history. The devastation in Nigeria is worse than the 2012 flood disaster with 34 out of 36 states and over 3.2 million people affected, including 1.5 million displaced and 2,776 injured. Several hundreds of thousands of hectares of land have been inundated, causing damage to more than 300 thousand homes and over half a million hectares of farmland.
Apart from the above average rainfall, climate change as well as the release of several dams have been cited as causes for the devastation.
To analyse whether and to what extent human-caused climate change altered the likelihood and intensity of the rainfall, scientists from Nigeria, Cameroon, India, the Netherlands, France, Denmark, South Africa, Sweden, the US and the UK used published, peer-reviewed methods to perform an event attribution study, focussing on two aspects of the event: (1) The area-averaged seasonal rainfall from June to September over the Lake Chad catchment (Figure 1a), and (2) the seasonal maximum of the mean 7-day precipitation in June-September over the lower Niger catchment. (Figure 1b).
The flooding occurred as a consequence of above average rainfall throughout the 2022 rainy season exacerbated by shorter spikes of very heavy rain leading to flash floods as well as riverine floods. We therefore consider seasonal average rainfall over Lake Chad and 7-day maximum rainfall along the lower Niger Basin as the basis for our analysis.
The flooding was further driven by the release of the Lagdo Dam in Cameroon, which is part of a river management system that was designed to be accompanied by another dam in Nigeria that has not been completed.
The devastating impacts were further exacerbated by the proximity of human settlements, infrastructure (homes, buildings, bridges), and agricultural land to flood plains, underlying vulnerabilities driven by high poverty rates and socioeconomic factors (e.g. gender, age, income, and education), and ongoing political and economic instability.
We also analyse how climate change from human activities, which includes greenhouse gas emissions as well as changes in aerosol pollution and other gases affect the rainfall in the region.
To do this we analyse whether and to what extent human-caused climate change altered the likelihood and intensity of the seasonal rain over the Lake Chad Basin, and the peak 7-day rainfall over the lower Niger Basin. We look at both the historical record of weather data, and climate models with and without human activities altering the climate.
Many of the available state-of-the-art climate models struggle to simulate the rainfall characteristics. Those that pass our evaluation test generally also show an increase in likelihood and intensity of extreme rainfall, in particular over the Lake Chad Basin.
For the 7-day maximum rainfall over the lower Niger Basin, models and observations give very similar results, so we conclude that climate change made the event about twice as likely and approximately 5% more intense.
For the seasonal rainfall over the Lake Chad region, we conclude that climate change made the event about 80 times more likely and approximately 20% more intense.
Observations show a larger increase than the models, but there are large uncertainties in these estimates due to the high variability in rainfall in the region, and observed changes can have a variety of drivers, including, but not limited to, climate change. The increase in rainfall shown by the models is largely significant, but smaller.
As a result of events like these becoming more likely as the planet has warmed, both events are not very rare in today’s climate, with a return time of about 1 in 10 years for the seasonal rain over the Lake Chad Basin and a 1 in 5 year event for the 7-day seasonal maximum over the lower Niger Basin.
Looking at the future, for a climate 2°C warmer than in preindustrial times, models suggest that rainfall intensity will increase further, but not as strongly, suggesting that the strong trend observed in the last 30 years, in part, represents a change in the atmospheric dynamics e.g. through climate change-induced changes in ocean temperatures and a trend due to changes in aerosol pollution, in addition to greenhouse gases.
Both current conditions and the potential further increase in extreme rainfall over both basins and the fact that the event was not unusual in the current climate highlight that there is an urgent need to drastically improve water management and reduce vulnerability to seasonal rainfall.
Unusual cold spells can occur even in a warming world, and cause disruption to transport, energy & food supplies.
Drought affects people in many ways, from reduced water & food supplies to increasing the risk of wildfires.
Rainfall events from a major storm or hurricane, or intense localised downpours can lead to flooding in any type of location.
Heatwaves can be particularly dangerous to humans, and occur all over the world with increasing intensity.";How many fatalities were reported in Nigeria due to the 2022 floods?;612
11;https://www.worldweatherattribution.org/climate-change-exacerbated-heavy-rainfall-leading-to-large-scale-flooding-in-highly-vulnerable-communities-in-west-africa/;"From May until October 2022, large parts of West Africa experienced large-scale flooding caused by above average seasonal rainfall and water management.
The West African rainy season runs between May and October, with local variations, including some parts of the region experiencing two peaks of rain within the season. In 2022, the rains arrived early and were in many regions above average, especially around a large area encompassing Lake Chad, leading to flooding from Mali to Cameroon. Nigeria and Niger saw the earliest onset of large floods in the first half of June, followed by Chad in July, Cameroon in August, and finally, Benin in September.
With at least 612 and 195 fatalities, respectively, the floods over Nigeria and Niger are among the deadliest in the countries’ history. The devastation in Nigeria is worse than the 2012 flood disaster with 34 out of 36 states and over 3.2 million people affected, including 1.5 million displaced and 2,776 injured. Several hundreds of thousands of hectares of land have been inundated, causing damage to more than 300 thousand homes and over half a million hectares of farmland.
Apart from the above average rainfall, climate change as well as the release of several dams have been cited as causes for the devastation.
To analyse whether and to what extent human-caused climate change altered the likelihood and intensity of the rainfall, scientists from Nigeria, Cameroon, India, the Netherlands, France, Denmark, South Africa, Sweden, the US and the UK used published, peer-reviewed methods to perform an event attribution study, focussing on two aspects of the event: (1) The area-averaged seasonal rainfall from June to September over the Lake Chad catchment (Figure 1a), and (2) the seasonal maximum of the mean 7-day precipitation in June-September over the lower Niger catchment. (Figure 1b).
The flooding occurred as a consequence of above average rainfall throughout the 2022 rainy season exacerbated by shorter spikes of very heavy rain leading to flash floods as well as riverine floods. We therefore consider seasonal average rainfall over Lake Chad and 7-day maximum rainfall along the lower Niger Basin as the basis for our analysis.
The flooding was further driven by the release of the Lagdo Dam in Cameroon, which is part of a river management system that was designed to be accompanied by another dam in Nigeria that has not been completed.
The devastating impacts were further exacerbated by the proximity of human settlements, infrastructure (homes, buildings, bridges), and agricultural land to flood plains, underlying vulnerabilities driven by high poverty rates and socioeconomic factors (e.g. gender, age, income, and education), and ongoing political and economic instability.
We also analyse how climate change from human activities, which includes greenhouse gas emissions as well as changes in aerosol pollution and other gases affect the rainfall in the region.
To do this we analyse whether and to what extent human-caused climate change altered the likelihood and intensity of the seasonal rain over the Lake Chad Basin, and the peak 7-day rainfall over the lower Niger Basin. We look at both the historical record of weather data, and climate models with and without human activities altering the climate.
Many of the available state-of-the-art climate models struggle to simulate the rainfall characteristics. Those that pass our evaluation test generally also show an increase in likelihood and intensity of extreme rainfall, in particular over the Lake Chad Basin.
For the 7-day maximum rainfall over the lower Niger Basin, models and observations give very similar results, so we conclude that climate change made the event about twice as likely and approximately 5% more intense.
For the seasonal rainfall over the Lake Chad region, we conclude that climate change made the event about 80 times more likely and approximately 20% more intense.
Observations show a larger increase than the models, but there are large uncertainties in these estimates due to the high variability in rainfall in the region, and observed changes can have a variety of drivers, including, but not limited to, climate change. The increase in rainfall shown by the models is largely significant, but smaller.
As a result of events like these becoming more likely as the planet has warmed, both events are not very rare in today’s climate, with a return time of about 1 in 10 years for the seasonal rain over the Lake Chad Basin and a 1 in 5 year event for the 7-day seasonal maximum over the lower Niger Basin.
Looking at the future, for a climate 2°C warmer than in preindustrial times, models suggest that rainfall intensity will increase further, but not as strongly, suggesting that the strong trend observed in the last 30 years, in part, represents a change in the atmospheric dynamics e.g. through climate change-induced changes in ocean temperatures and a trend due to changes in aerosol pollution, in addition to greenhouse gases.
Both current conditions and the potential further increase in extreme rainfall over both basins and the fact that the event was not unusual in the current climate highlight that there is an urgent need to drastically improve water management and reduce vulnerability to seasonal rainfall.
Unusual cold spells can occur even in a warming world, and cause disruption to transport, energy & food supplies.
Drought affects people in many ways, from reduced water & food supplies to increasing the risk of wildfires.
Rainfall events from a major storm or hurricane, or intense localised downpours can lead to flooding in any type of location.
Heatwaves can be particularly dangerous to humans, and occur all over the world with increasing intensity.";By what factor did climate change increase the likelihood of seasonal rainfall over Lake Chad Basin in 2022?;about 80 times
12;https://www.worldweatherattribution.org/climate-change-exacerbated-rainfall-causing-devastating-flooding-in-eastern-south-africa/;"On April 11-12, South Africa experienced catastrophic floods and landslides in the eastern coast of the provinces of KwaZulu-Natal (KZN) and Eastern Cape (EC) following exceptionally heavy rainfall.
Cyril Ramaphosa, the president of South Africa, has called the floods a “catastrophe of enormous proportions” and “the biggest tragedy we have ever seen”, and declared a national state of disaster on Monday 18 April 2022. In eThekwini, the municipality encompassing the city of Durban, the third largest city in the country, and surrounding areas, at least 435 people lost their lives. More than 40,000 people in total were affected by the floods and landslides which were driven by rainfall of, in parts, more than 350 mm of rain in two days.
Using published peer-reviewed methods, scientists from South Africa, the Netherlands, France, Germany, the US and the UK collaborate to assess whether and to what extent human-caused climate change altered the likelihood and intensity of extremely high 2-day rainfall in the affected area in KZN and EC.
The flooding occurred as a direct consequence of the 2-day extreme rainfall at the coast of Eastern South Africa (see fig. 1). We therefore analyse the annual maximum 2-day total rainfall in the affected area.
The South African Weather Service and eThekwini municipality issued early warnings. There are indications, however, that the warnings had limited reach and that the people who did receive them may not have known what to do based on them.
While the full profile of the impacts on human life and livelihoods has yet to be analysed, initial assessments show that the floods disproportionately affected marginalised communities, with particular devastation in informal settlements. ​Thus, the magnitude of this disaster on these groups has been exacerbated by pre-existing structural vulnerability in the region.​​
The magnitude of the event is given by maximum 2-day rainfall, averaged over the homogenous area to make observations and model output comparable. The defined event has a return time of about 20 years in today’s climate in the ERA5 observational data set. An event of this magnitude would have been rarer in a 1.2C cooler world, with a return time of about 40 years.
At individual stations that had highest rainfall amounts, return times are much higher, e.g. 1 in 200 years at Mount Edgecombe.
To determine the role of climate change in these observed changes we combine observations with climate models.We conclude that greenhouse gas and aerosol emissions are (at least in part) responsible for the observed increases.
Furthermore, when taking models into account as well the changes indicate a clear increase in likelihood and intensity. We conclude that the probability of an event such as the rainfall that resulted in this disaster has approximately doubled due to human-induced climate change. The intensity of the current event has increased by 4-8%.
Heavy rainfall events are projected to increase in frequency and magnitude in the future with additional global warming levels.
Unusual cold spells can occur even in a warming world, and cause disruption to transport, energy & food supplies.
Drought affects people in many ways, from reduced water & food supplies to increasing the risk of wildfires.
Rainfall events from a major storm or hurricane, or intense localised downpours can lead to flooding in any type of location.
Heatwaves can be particularly dangerous to humans, and occur all over the world with increasing intensity.";How many people lost their lives in eThekwini during April 2022 floods?;At least 435 people
13;https://www.worldweatherattribution.org/climate-change-increased-heavy-precipitation-associated-with-impactful-storm-bettina-over-black-sea/;"In late November, countries bordering the Black Sea including Romania, Bulgaria, Moldova, Ukraine, Türkiye and Russia, witnessed exceptionally high rainfall and snowfall, and hurricane-force winds due to Storm Bettina.
The storm brought extreme snowfall to Moldova, Bulgaria, Romania and Ukraine, and severe rainfall across much of Crimea, eastern Ukraine and Türkiye. Meanwhile, extreme winds of up to 75 mph led to coastal flooding with wind-driven waves battering towns across much of southern Ukraine and Russia. At least 23 people lost their lives while over 2.5 million were affected by power outages, traffic disruptions and other infrastructure failures.
To assess to what extent human-induced climate change altered the likelihood and intensity of the heavy precipitation and high wind speeds that caused these impacts researchers from the World Weather Attribution initiative undertook an attribution study on the event.
The focus on two indicators allows us to differentiate the role of climate change in two important characteristics of the event: the 3-day mean precipitation (Rx3day), and the 3-day mean of maximum wind speed magnitude (WSx3day), averaged over the study region where the majority of impacts was observed, defined as a box of 40-50N, 25-45E (Figure 1) and considering only land areas. To account for the climate of the region, with relatively dry and warm summers and wet winters, we study the annual maxima based on July to June cycles.
Storm Bettina hit the Crimean peninsula in the midst of the active Russia-Ukraine war adding to wide-ranging vulnerabilities across the storm affected areas.
Storms like Bettina are fairly common in the region at this time of year, which is reflected in the return periods of the event which, in the current climate, are 1 in 3 years for the wind speeds and 1 in 20 years for the associated precipitation (which combines snow and rain).
Because of human-induced warming, an increasingly larger proportion of precipitation associated with storms like this falls as rain instead of snow, leading to larger flood damages.
We use observations-based data products and climate models to estimate the role of human-induced climate change in storms like this. The results are very different for rainfall compared to wind speeds.
For the precipitation as observed during Storm Bettina, we find that the burning of fossil fuels has increased the likelihood of its occurrence by about a factor of 2. The intensity of an event like this has increased by about 5 percent due to human-induced climate change.
Looking at the future, for a climate 2°C warmer than in preindustrial times, models suggest that rainfall intensity and likelihood will increase further.
For wind speeds as associated with storm Bettina we find that in observation based products there is a decrease in the likelihood and intensity, while climate models show decreases or increase, leading to no change on average.
For a climate 2°C warmer than in preindustrial times, climate models show overall a modest further increase in likelihood and intensity of wind speeds as observed in the 2023 Black Sea event.
These findings suggest that the decrease we see in wind speeds in the observations are not due to climate change but other drivers e.g. natural variability. Given the model results and the scientific literature, the possibility of an increase in strong winds needs to be taken seriously, even if it cannot be attributed to climate change at this time.
Particularly vulnerable groups, notably elderly people, children, and people with disabilities, are more likely to be severely impacted by extreme weather shocks. In particular here, the armed conflict will have exacerbated situations of vulnerability and exposure notably by limiting the ability of communities to respond and recover after the storm and compounding situations of displacement.
Disaster response for the storm included flood evacuations, first aid provision, and the set-up of warming points by local governments, Red Cross national societies, and other organisations.
Unusual cold spells can occur even in a warming world, and cause disruption to transport, energy & food supplies.
Drought affects people in many ways, from reduced water & food supplies to increasing the risk of wildfires.
Rainfall events from a major storm or hurricane, or intense localised downpours can lead to flooding in any type of location.
Heatwaves can be particularly dangerous to humans, and occur all over the world with increasing intensity.";Which vulnerable groups were identified as more likely to be severely impacted by extreme weather shocks during Storm Bettina?;Elderly people, children, and people with disabilities
14;https://www.worldweatherattribution.org/climate-change-increased-heavy-precipitation-associated-with-impactful-storm-bettina-over-black-sea/;"In late November, countries bordering the Black Sea including Romania, Bulgaria, Moldova, Ukraine, Türkiye and Russia, witnessed exceptionally high rainfall and snowfall, and hurricane-force winds due to Storm Bettina.
The storm brought extreme snowfall to Moldova, Bulgaria, Romania and Ukraine, and severe rainfall across much of Crimea, eastern Ukraine and Türkiye. Meanwhile, extreme winds of up to 75 mph led to coastal flooding with wind-driven waves battering towns across much of southern Ukraine and Russia. At least 23 people lost their lives while over 2.5 million were affected by power outages, traffic disruptions and other infrastructure failures.
To assess to what extent human-induced climate change altered the likelihood and intensity of the heavy precipitation and high wind speeds that caused these impacts researchers from the World Weather Attribution initiative undertook an attribution study on the event.
The focus on two indicators allows us to differentiate the role of climate change in two important characteristics of the event: the 3-day mean precipitation (Rx3day), and the 3-day mean of maximum wind speed magnitude (WSx3day), averaged over the study region where the majority of impacts was observed, defined as a box of 40-50N, 25-45E (Figure 1) and considering only land areas. To account for the climate of the region, with relatively dry and warm summers and wet winters, we study the annual maxima based on July to June cycles.
Storm Bettina hit the Crimean peninsula in the midst of the active Russia-Ukraine war adding to wide-ranging vulnerabilities across the storm affected areas.
Storms like Bettina are fairly common in the region at this time of year, which is reflected in the return periods of the event which, in the current climate, are 1 in 3 years for the wind speeds and 1 in 20 years for the associated precipitation (which combines snow and rain).
Because of human-induced warming, an increasingly larger proportion of precipitation associated with storms like this falls as rain instead of snow, leading to larger flood damages.
We use observations-based data products and climate models to estimate the role of human-induced climate change in storms like this. The results are very different for rainfall compared to wind speeds.
For the precipitation as observed during Storm Bettina, we find that the burning of fossil fuels has increased the likelihood of its occurrence by about a factor of 2. The intensity of an event like this has increased by about 5 percent due to human-induced climate change.
Looking at the future, for a climate 2°C warmer than in preindustrial times, models suggest that rainfall intensity and likelihood will increase further.
For wind speeds as associated with storm Bettina we find that in observation based products there is a decrease in the likelihood and intensity, while climate models show decreases or increase, leading to no change on average.
For a climate 2°C warmer than in preindustrial times, climate models show overall a modest further increase in likelihood and intensity of wind speeds as observed in the 2023 Black Sea event.
These findings suggest that the decrease we see in wind speeds in the observations are not due to climate change but other drivers e.g. natural variability. Given the model results and the scientific literature, the possibility of an increase in strong winds needs to be taken seriously, even if it cannot be attributed to climate change at this time.
Particularly vulnerable groups, notably elderly people, children, and people with disabilities, are more likely to be severely impacted by extreme weather shocks. In particular here, the armed conflict will have exacerbated situations of vulnerability and exposure notably by limiting the ability of communities to respond and recover after the storm and compounding situations of displacement.
Disaster response for the storm included flood evacuations, first aid provision, and the set-up of warming points by local governments, Red Cross national societies, and other organisations.
Unusual cold spells can occur even in a warming world, and cause disruption to transport, energy & food supplies.
Drought affects people in many ways, from reduced water & food supplies to increasing the risk of wildfires.
Rainfall events from a major storm or hurricane, or intense localised downpours can lead to flooding in any type of location.
Heatwaves can be particularly dangerous to humans, and occur all over the world with increasing intensity.";What factor increased likelihood of heavy precipitation during Storm Bettina due to fossil fuel burning?;about 2
15;https://www.worldweatherattribution.org/climate-change-increased-heavy-precipitation-associated-with-impactful-storm-bettina-over-black-sea/;"In late November, countries bordering the Black Sea including Romania, Bulgaria, Moldova, Ukraine, Türkiye and Russia, witnessed exceptionally high rainfall and snowfall, and hurricane-force winds due to Storm Bettina.
The storm brought extreme snowfall to Moldova, Bulgaria, Romania and Ukraine, and severe rainfall across much of Crimea, eastern Ukraine and Türkiye. Meanwhile, extreme winds of up to 75 mph led to coastal flooding with wind-driven waves battering towns across much of southern Ukraine and Russia. At least 23 people lost their lives while over 2.5 million were affected by power outages, traffic disruptions and other infrastructure failures.
To assess to what extent human-induced climate change altered the likelihood and intensity of the heavy precipitation and high wind speeds that caused these impacts researchers from the World Weather Attribution initiative undertook an attribution study on the event.
The focus on two indicators allows us to differentiate the role of climate change in two important characteristics of the event: the 3-day mean precipitation (Rx3day), and the 3-day mean of maximum wind speed magnitude (WSx3day), averaged over the study region where the majority of impacts was observed, defined as a box of 40-50N, 25-45E (Figure 1) and considering only land areas. To account for the climate of the region, with relatively dry and warm summers and wet winters, we study the annual maxima based on July to June cycles.
Storm Bettina hit the Crimean peninsula in the midst of the active Russia-Ukraine war adding to wide-ranging vulnerabilities across the storm affected areas.
Storms like Bettina are fairly common in the region at this time of year, which is reflected in the return periods of the event which, in the current climate, are 1 in 3 years for the wind speeds and 1 in 20 years for the associated precipitation (which combines snow and rain).
Because of human-induced warming, an increasingly larger proportion of precipitation associated with storms like this falls as rain instead of snow, leading to larger flood damages.
We use observations-based data products and climate models to estimate the role of human-induced climate change in storms like this. The results are very different for rainfall compared to wind speeds.
For the precipitation as observed during Storm Bettina, we find that the burning of fossil fuels has increased the likelihood of its occurrence by about a factor of 2. The intensity of an event like this has increased by about 5 percent due to human-induced climate change.
Looking at the future, for a climate 2°C warmer than in preindustrial times, models suggest that rainfall intensity and likelihood will increase further.
For wind speeds as associated with storm Bettina we find that in observation based products there is a decrease in the likelihood and intensity, while climate models show decreases or increase, leading to no change on average.
For a climate 2°C warmer than in preindustrial times, climate models show overall a modest further increase in likelihood and intensity of wind speeds as observed in the 2023 Black Sea event.
These findings suggest that the decrease we see in wind speeds in the observations are not due to climate change but other drivers e.g. natural variability. Given the model results and the scientific literature, the possibility of an increase in strong winds needs to be taken seriously, even if it cannot be attributed to climate change at this time.
Particularly vulnerable groups, notably elderly people, children, and people with disabilities, are more likely to be severely impacted by extreme weather shocks. In particular here, the armed conflict will have exacerbated situations of vulnerability and exposure notably by limiting the ability of communities to respond and recover after the storm and compounding situations of displacement.
Disaster response for the storm included flood evacuations, first aid provision, and the set-up of warming points by local governments, Red Cross national societies, and other organisations.
Unusual cold spells can occur even in a warming world, and cause disruption to transport, energy & food supplies.
Drought affects people in many ways, from reduced water & food supplies to increasing the risk of wildfires.
Rainfall events from a major storm or hurricane, or intense localised downpours can lead to flooding in any type of location.
Heatwaves can be particularly dangerous to humans, and occur all over the world with increasing intensity.";By what percentage did human-induced climate change increase precipitation intensity in Storm Bettina?;about 5 percent
16;https://www.worldweatherattribution.org/climate-change-increased-heavy-precipitation-associated-with-impactful-storm-bettina-over-black-sea/;"In late November, countries bordering the Black Sea including Romania, Bulgaria, Moldova, Ukraine, Türkiye and Russia, witnessed exceptionally high rainfall and snowfall, and hurricane-force winds due to Storm Bettina.
The storm brought extreme snowfall to Moldova, Bulgaria, Romania and Ukraine, and severe rainfall across much of Crimea, eastern Ukraine and Türkiye. Meanwhile, extreme winds of up to 75 mph led to coastal flooding with wind-driven waves battering towns across much of southern Ukraine and Russia. At least 23 people lost their lives while over 2.5 million were affected by power outages, traffic disruptions and other infrastructure failures.
To assess to what extent human-induced climate change altered the likelihood and intensity of the heavy precipitation and high wind speeds that caused these impacts researchers from the World Weather Attribution initiative undertook an attribution study on the event.
The focus on two indicators allows us to differentiate the role of climate change in two important characteristics of the event: the 3-day mean precipitation (Rx3day), and the 3-day mean of maximum wind speed magnitude (WSx3day), averaged over the study region where the majority of impacts was observed, defined as a box of 40-50N, 25-45E (Figure 1) and considering only land areas. To account for the climate of the region, with relatively dry and warm summers and wet winters, we study the annual maxima based on July to June cycles.
Storm Bettina hit the Crimean peninsula in the midst of the active Russia-Ukraine war adding to wide-ranging vulnerabilities across the storm affected areas.
Storms like Bettina are fairly common in the region at this time of year, which is reflected in the return periods of the event which, in the current climate, are 1 in 3 years for the wind speeds and 1 in 20 years for the associated precipitation (which combines snow and rain).
Because of human-induced warming, an increasingly larger proportion of precipitation associated with storms like this falls as rain instead of snow, leading to larger flood damages.
We use observations-based data products and climate models to estimate the role of human-induced climate change in storms like this. The results are very different for rainfall compared to wind speeds.
For the precipitation as observed during Storm Bettina, we find that the burning of fossil fuels has increased the likelihood of its occurrence by about a factor of 2. The intensity of an event like this has increased by about 5 percent due to human-induced climate change.
Looking at the future, for a climate 2°C warmer than in preindustrial times, models suggest that rainfall intensity and likelihood will increase further.
For wind speeds as associated with storm Bettina we find that in observation based products there is a decrease in the likelihood and intensity, while climate models show decreases or increase, leading to no change on average.
For a climate 2°C warmer than in preindustrial times, climate models show overall a modest further increase in likelihood and intensity of wind speeds as observed in the 2023 Black Sea event.
These findings suggest that the decrease we see in wind speeds in the observations are not due to climate change but other drivers e.g. natural variability. Given the model results and the scientific literature, the possibility of an increase in strong winds needs to be taken seriously, even if it cannot be attributed to climate change at this time.
Particularly vulnerable groups, notably elderly people, children, and people with disabilities, are more likely to be severely impacted by extreme weather shocks. In particular here, the armed conflict will have exacerbated situations of vulnerability and exposure notably by limiting the ability of communities to respond and recover after the storm and compounding situations of displacement.
Disaster response for the storm included flood evacuations, first aid provision, and the set-up of warming points by local governments, Red Cross national societies, and other organisations.
Unusual cold spells can occur even in a warming world, and cause disruption to transport, energy & food supplies.
Drought affects people in many ways, from reduced water & food supplies to increasing the risk of wildfires.
Rainfall events from a major storm or hurricane, or intense localised downpours can lead to flooding in any type of location.
Heatwaves can be particularly dangerous to humans, and occur all over the world with increasing intensity.";What is return period for wind speeds associated with Storm Bettina in current climate?;1 in 3 years
17;https://www.worldweatherattribution.org/climate-change-increased-heavy-rainfall-hitting-vulnerable-communities-in-eastern-northeast-brazil/;"Throughout May 2022 and extending into June, Eastern Northeast Brazil experienced catastrophic floods and landslides following exceptionally heavy rainfall.
In less than 24 hours on 27-28 of May, the Brazilian state Pernambuco received more than 70% of the rain that usually falls in all of May. This extreme accumulation followed a week of very heavy rainfall that began intensifying on 25 of May over several parts of Eastern Northeast Brazil including the states of Pernambuco, Sergipe, Alagoas, Rio Grande do Norte, and Paraíba, leading to landslides and widespread floods.
These events displaced at least 25,000 people and more than 133 people died. While the densely populated Metropolitan Region of Recife (RMR) in the state of Pernambuco was particularly badly hit, with impacts concentrated in low-income neighbourhoods on or near hillslopes, 80 municipalities across Pernambuco and Alagoas declared a state of emergency following the events. Eastern Northeast Brazil is also the region of the country with the highest proportion of the population living in poverty, making it particularly vulnerable to changing intensity and likelihoods of extreme weather events.
To analyse whether and to what extent human-caused climate change altered the likelihood and intensity of this extreme rainfall, scientists from Brazil, the Netherlands, France, the US and the UK used published, peer-reviewed methods to perform an event attribution study, focused on the amount of rain that fell over 7-day and 15-day periods, in an area of coastal tropical climate (10°S-5°S; 36°W-45.5°W) that encompasses the region of the extreme event of May 2022. While the heaviest rain fell over the sea, we limit our analysis to the land, as that is where impacts occur.
The flooding and landslides leading to severe impacts were a direct consequence of extremely heavy rainfall in the week beginning on 23 May and continuing into June. We therefore assess the role of climate change in 7 & 15-day mean rainfall.
While the full profile of the impacts on human life and livelihoods has yet to be analysed, initial assessments show that the floods and particularly landslides disproportionately affected vulnerable communities, with particular devastation in low-income neighbourhoods . Thus, the magnitude of this disaster on these groups has been exacerbated by pre-existing structural vulnerability in the region.
Today, there is a dense network of 389 weather stations in the area. However, we select 75 stations that have consistent data since at least the 1970s and are distributed across the study region for our observational analysis. Both the 7- and 15-day events are exceptionally rare events, which have only approximately a 1-in-500 and 1-in-1000 chance respectively of happening in any year in today’s climate, which has been warmed about 1.2°C by human activities.
Although they are still very unusual, these events are now more likely to happen than they would have been in a climate that had not been warmed by human activities. But, as both events are far outside the previously observed records, it is not possible to quantify how much more likely climate change has made them to happen, based on observations. Warming of the planet has also increased the intensity of the rainfall: rainfall events as rare as these, that occurred in a 1.2°C cooler climate, would have been approximately a fifth less intense.
To determine the role of climate change in these observed changes we undertake the same assessment using climate models. While many climate models are able to simulate the main precipitation features over the region, we find that for this spatially small event, all models exhibit systematic errors in precipitation magnitudes, partly due to having coarse spatial resolution and misrepresentation of key physical processes (e.g. convection). We can therefore not quantify the role of climate change in the observed increase in likelihood and intensity.
However, combining observations with our physical understanding of the climate system we conclude that human-caused climate change is, at least in part, responsible for the observed increases in likelihood and intensity of heavy rainfall events as observed in May 2022.
These findings are consistent with future projections of heavy rainfall in the region and suggest that these trends will continue to increase as long as greenhouse gas concentrations continue to increase. Also, due to climate change, other factors such as rising sea levels and higher tides could increase the vulnerability to heavy rainfall, leading to more urban floods in Recife, for example.
The extreme nature of the floods made it so that exposure was the main determinant of impact, although long-term impacts and recovery will likely be mediated by socio-economic, demographic and governance factors. An increase in urbanisation, especially unplanned and informal in low-lying flood-prone areas and steep hillsides have increased the community exposure to these hazards. While forecasts and warnings were provided, it is unclear to what extent these informed anticipatory or early action that could have reduced the impacts.
This indicates the need to review and strengthen the linkage between weather warnings and the process that would lead to anticipatory action based on those warnings. This region also generally has an infrastructure deficit (e.g. housing, roads, water and sanitation etc.). As new infrastructure is built, there is an opportunity to increase resilience by accounting for increasing risks in the design and location, instead of reverting to outdated design standards.
Unusual cold spells can occur even in a warming world, and cause disruption to transport, energy & food supplies.
Drought affects people in many ways, from reduced water & food supplies to increasing the risk of wildfires.
Rainfall events from a major storm or hurricane, or intense localised downpours can lead to flooding in any type of location.
Heatwaves can be particularly dangerous to humans, and occur all over the world with increasing intensity.";How many people were displaced by floods and landslides in Eastern Northeast Brazil during May 2022?;At least 25,000 people
18;https://www.worldweatherattribution.org/climate-change-increased-rainfall-associated-with-tropical-cyclones-hitting-highly-vulnerable-communities-in-madagascar-mozambique-malawi/;"Madagascar, Mozambique, Malawi and neighbouring countries suffered severe flooding after a series of tropical storms, including three cyclones, hit the region, starting with storms Ana and Batsirai in January and February 2022.
Tropical Storm Ana in late January 2022 brought winds, heavy rains, damage and destruction to parts of Madagascar, Mozambique, Malawi and Zimbabwe. Ana was followed by Tropical Cyclone Batsirai hitting the South coast of Madagascar on February the 5th 2022. Ana and Batsirai were the first storms of the 2021-22 Southwest Indian Ocean cyclone season (November-April). Following those two events two more tropical cyclones and another storm also made landfall leading to further flooding and increasing the number of people affected and casualties.
Both Ana and Batsirai caused severe humanitarian impacts in Madagascar, Mozambique, and Malawi including deaths and injuries, infrastructure damage, and a range of long-lasting socio-economic impacts which may become even more apparent as the recovery process begins. Most of these impacts were driven by the amount of rain and flooding brought by these two systems.
Figure 1: 3-day accumulated rainfall [mm/day] from tropical storm Ana (left) and tropical cyclone Batsirai (right) in ERA5 reanalysis data. The red box indicates the region used for the assessment in Mozambique and Malawi. Scientists from Mozambique, South Africa, Madagascar, New Zealand, India, the Netherlands, France, United States of America and the United Kingdom, collaborated to assess to what extent human-induced climate change altered the likelihood and intensity of the heavy rainfall associated with the cyclones.
Using published peer-reviewed methods , we analysed how human-induced climate change affected the 3-day average annual maximum rainfall in the regions worst hit by Ana and Batsirai.
Most impacts were caused by flooding. We therefore assess rainfall associated with tropical storms, measured as the 3-day annual maximum. A measure which is short enough to exclude rainfall from other events that occur close to the event in question but long enough to encompass the full impacts.
Madagascar, Malawi and Mozambique all had experienced flooding in the weeks preceding Ana, and the communities affected by those floods were left extremely vulnerable to any other hazard, in particular one that compounded the existing flood situations – consecutive tropical storms do not allow people to recover before another one hits. Underlying conditions of conflict (northern Mozambique) and drought (southern Madagascar) likely increased vulnerability. Madagascar is currently grappling with an extreme food insecurity situation, driven by a range of socio-economic conditions and a prolonged drought .
Both, tropical storm Ana and cyclone Batsirai were well forecasted and tracked notably by Météo Madagascar and the Regional Specialised Meteorological Centre. However, the existence of warnings does not guarantee that these warnings are received and acted upon. In some areas, the damage to communication structures and electrical grids has hampered the reception of the warnings.
From a meteorological perspective the event (defined in this instance as max. 3-day average rainfall) was only extreme for the first cyclone, Ana, with a return period of approx. 1 in 50 years over Malawi & Mozambique. Batsirai was not a rare event with one of approx. 1 in 2 years over Madagascar.
Observations of rainfall in the region are sparse and contain many instances of missing data, a quantitative assessment of trends is therefore fraught with uncertainties. Qualitatively, however, in particular taking the longer time series into account, an increase in the likelihood and intensity of heavy rainfall as associated with these tropical cyclones can be observed.
To determine the role of climate change in these observed changes, we combine observations with climate models. We conclude that greenhouse gas and aerosol emissions are in part responsible for the observed increases.
These findings are consistent with future projections of heavy rainfall associated with tropical cyclones, corroborating the attribution finding that climate change indeed increased the likelihood and intensity of the rainfall associated with Ana and Batsirai.
Unusual cold spells can occur even in a warming world, and cause disruption to transport, energy & food supplies.
Drought affects people in many ways, from reduced water & food supplies to increasing the risk of wildfires.
Rainfall events from a major storm or hurricane, or intense localised downpours can lead to flooding in any type of location.
Heatwaves can be particularly dangerous to humans, and occur all over the world with increasing intensity.";What return period was associated with 3‑day average rainfall from tropical storm Ana over Malawi and Mozambique?;Approximately 1 in 50 years
19;https://www.worldweatherattribution.org/climate-change-increased-rainfall-associated-with-tropical-cyclones-hitting-highly-vulnerable-communities-in-madagascar-mozambique-malawi/;"Madagascar, Mozambique, Malawi and neighbouring countries suffered severe flooding after a series of tropical storms, including three cyclones, hit the region, starting with storms Ana and Batsirai in January and February 2022.
Tropical Storm Ana in late January 2022 brought winds, heavy rains, damage and destruction to parts of Madagascar, Mozambique, Malawi and Zimbabwe. Ana was followed by Tropical Cyclone Batsirai hitting the South coast of Madagascar on February the 5th 2022. Ana and Batsirai were the first storms of the 2021-22 Southwest Indian Ocean cyclone season (November-April). Following those two events two more tropical cyclones and another storm also made landfall leading to further flooding and increasing the number of people affected and casualties.
Both Ana and Batsirai caused severe humanitarian impacts in Madagascar, Mozambique, and Malawi including deaths and injuries, infrastructure damage, and a range of long-lasting socio-economic impacts which may become even more apparent as the recovery process begins. Most of these impacts were driven by the amount of rain and flooding brought by these two systems.
Figure 1: 3-day accumulated rainfall [mm/day] from tropical storm Ana (left) and tropical cyclone Batsirai (right) in ERA5 reanalysis data. The red box indicates the region used for the assessment in Mozambique and Malawi. Scientists from Mozambique, South Africa, Madagascar, New Zealand, India, the Netherlands, France, United States of America and the United Kingdom, collaborated to assess to what extent human-induced climate change altered the likelihood and intensity of the heavy rainfall associated with the cyclones.
Using published peer-reviewed methods , we analysed how human-induced climate change affected the 3-day average annual maximum rainfall in the regions worst hit by Ana and Batsirai.
Most impacts were caused by flooding. We therefore assess rainfall associated with tropical storms, measured as the 3-day annual maximum. A measure which is short enough to exclude rainfall from other events that occur close to the event in question but long enough to encompass the full impacts.
Madagascar, Malawi and Mozambique all had experienced flooding in the weeks preceding Ana, and the communities affected by those floods were left extremely vulnerable to any other hazard, in particular one that compounded the existing flood situations – consecutive tropical storms do not allow people to recover before another one hits. Underlying conditions of conflict (northern Mozambique) and drought (southern Madagascar) likely increased vulnerability. Madagascar is currently grappling with an extreme food insecurity situation, driven by a range of socio-economic conditions and a prolonged drought .
Both, tropical storm Ana and cyclone Batsirai were well forecasted and tracked notably by Météo Madagascar and the Regional Specialised Meteorological Centre. However, the existence of warnings does not guarantee that these warnings are received and acted upon. In some areas, the damage to communication structures and electrical grids has hampered the reception of the warnings.
From a meteorological perspective the event (defined in this instance as max. 3-day average rainfall) was only extreme for the first cyclone, Ana, with a return period of approx. 1 in 50 years over Malawi & Mozambique. Batsirai was not a rare event with one of approx. 1 in 2 years over Madagascar.
Observations of rainfall in the region are sparse and contain many instances of missing data, a quantitative assessment of trends is therefore fraught with uncertainties. Qualitatively, however, in particular taking the longer time series into account, an increase in the likelihood and intensity of heavy rainfall as associated with these tropical cyclones can be observed.
To determine the role of climate change in these observed changes, we combine observations with climate models. We conclude that greenhouse gas and aerosol emissions are in part responsible for the observed increases.
These findings are consistent with future projections of heavy rainfall associated with tropical cyclones, corroborating the attribution finding that climate change indeed increased the likelihood and intensity of the rainfall associated with Ana and Batsirai.
Unusual cold spells can occur even in a warming world, and cause disruption to transport, energy & food supplies.
Drought affects people in many ways, from reduced water & food supplies to increasing the risk of wildfires.
Rainfall events from a major storm or hurricane, or intense localised downpours can lead to flooding in any type of location.
Heatwaves can be particularly dangerous to humans, and occur all over the world with increasing intensity.";Which countries experienced severe flooding after tropical storms Ana and Batsirai in early 2022?;Madagascar, Mozambique, Malawi, and neighboring countries
20;https://www.worldweatherattribution.org/climate-change-increased-rainfall-associated-with-tropical-cyclones-hitting-highly-vulnerable-communities-in-madagascar-mozambique-malawi/;"Madagascar, Mozambique, Malawi and neighbouring countries suffered severe flooding after a series of tropical storms, including three cyclones, hit the region, starting with storms Ana and Batsirai in January and February 2022.
Tropical Storm Ana in late January 2022 brought winds, heavy rains, damage and destruction to parts of Madagascar, Mozambique, Malawi and Zimbabwe. Ana was followed by Tropical Cyclone Batsirai hitting the South coast of Madagascar on February the 5th 2022. Ana and Batsirai were the first storms of the 2021-22 Southwest Indian Ocean cyclone season (November-April). Following those two events two more tropical cyclones and another storm also made landfall leading to further flooding and increasing the number of people affected and casualties.
Both Ana and Batsirai caused severe humanitarian impacts in Madagascar, Mozambique, and Malawi including deaths and injuries, infrastructure damage, and a range of long-lasting socio-economic impacts which may become even more apparent as the recovery process begins. Most of these impacts were driven by the amount of rain and flooding brought by these two systems.
Figure 1: 3-day accumulated rainfall [mm/day] from tropical storm Ana (left) and tropical cyclone Batsirai (right) in ERA5 reanalysis data. The red box indicates the region used for the assessment in Mozambique and Malawi. Scientists from Mozambique, South Africa, Madagascar, New Zealand, India, the Netherlands, France, United States of America and the United Kingdom, collaborated to assess to what extent human-induced climate change altered the likelihood and intensity of the heavy rainfall associated with the cyclones.
Using published peer-reviewed methods , we analysed how human-induced climate change affected the 3-day average annual maximum rainfall in the regions worst hit by Ana and Batsirai.
Most impacts were caused by flooding. We therefore assess rainfall associated with tropical storms, measured as the 3-day annual maximum. A measure which is short enough to exclude rainfall from other events that occur close to the event in question but long enough to encompass the full impacts.
Madagascar, Malawi and Mozambique all had experienced flooding in the weeks preceding Ana, and the communities affected by those floods were left extremely vulnerable to any other hazard, in particular one that compounded the existing flood situations – consecutive tropical storms do not allow people to recover before another one hits. Underlying conditions of conflict (northern Mozambique) and drought (southern Madagascar) likely increased vulnerability. Madagascar is currently grappling with an extreme food insecurity situation, driven by a range of socio-economic conditions and a prolonged drought .
Both, tropical storm Ana and cyclone Batsirai were well forecasted and tracked notably by Météo Madagascar and the Regional Specialised Meteorological Centre. However, the existence of warnings does not guarantee that these warnings are received and acted upon. In some areas, the damage to communication structures and electrical grids has hampered the reception of the warnings.
From a meteorological perspective the event (defined in this instance as max. 3-day average rainfall) was only extreme for the first cyclone, Ana, with a return period of approx. 1 in 50 years over Malawi & Mozambique. Batsirai was not a rare event with one of approx. 1 in 2 years over Madagascar.
Observations of rainfall in the region are sparse and contain many instances of missing data, a quantitative assessment of trends is therefore fraught with uncertainties. Qualitatively, however, in particular taking the longer time series into account, an increase in the likelihood and intensity of heavy rainfall as associated with these tropical cyclones can be observed.
To determine the role of climate change in these observed changes, we combine observations with climate models. We conclude that greenhouse gas and aerosol emissions are in part responsible for the observed increases.
These findings are consistent with future projections of heavy rainfall associated with tropical cyclones, corroborating the attribution finding that climate change indeed increased the likelihood and intensity of the rainfall associated with Ana and Batsirai.
Unusual cold spells can occur even in a warming world, and cause disruption to transport, energy & food supplies.
Drought affects people in many ways, from reduced water & food supplies to increasing the risk of wildfires.
Rainfall events from a major storm or hurricane, or intense localised downpours can lead to flooding in any type of location.
Heatwaves can be particularly dangerous to humans, and occur all over the world with increasing intensity.";What emissions were identified as partially responsible for increased rainfall intensity linked to Ana and Batsirai?;Greenhouse gas and aerosol emissions
21;https://www.worldweatherattribution.org/climate-change-indian-ocean-dipole-compounding-natural-hazards-and-high-vulnerability-increased-severity-of-flooding-in-the-horn-of-africa/;"After years of drought the short rainy season (October to December, OND) in the Horn of Africa brought exceptionally heavy rains, particularly in November, leading to severe flooding in the South of Ethiopia, Eastern Kenya and many regions in southern and central Somalia.
Weather stations reported between 200 and 500 mm more rain than usual this year, more than a month before the end of the rainy season.
The ongoing floods are hitting vulnerable communities that were already suffering from loss of livelihoods, malnutrition and hunger due to livestock deaths and crop failure in the context of the drought that only ended with the ongoing heavy rains. The floods led to more than 300 reported deaths so far and displaced over a million people in Kenya and Somalia alone.
Researchers from Kenya, Ethiopia, South Africa, the United States of America, the Netherlands, Germany and the United Kingdom collaborated to assess to what extent human-induced climate change altered the likelihood and intensity of the heavy rainfall.
Across the region several individual heavy rainfall events of varying length led to flash flooding as well as several rivers bursting their banks. To capture this range of flood-inducing rainfall processes, we analysed different lengths of cumulative rainfall. However the results are very similar independent of whether investigating a few days or a whole month. Thus we choose maximum 30-day mean rainfall over OND as the event definition. The study region is outlined in black in Fig. 1, and has a fairly homogenous climate with a distinct long (March to May) and short rainy season (OND), characterised by arid and semi-arid climate.
Historical drought and recent flooding compounded exposure and vulnerability of populations and population sub groups to severity of flood-related impacts
From the end of October throughout the rainy season up till now rainfall over the region was very heavy, leading to exceptional amounts of precipitation accumulated on several timescales from 1-day to 30-day, with 2023 showing either highest or second highest events on record.
The OND rainy season is known to be influenced by modes of natural variability, including the El Nino Southern Oscillation (ENSO) and the Indian Ocean Dipole (IOD) as the dominant modes of variability. Both ENSO and IOD are in a positive phase which has been shown to increase the likelihood of heavy rainfall in the wider Horn of Africa OND season.
For the region analysed in this study we find no significant role of ENSO but a significant influence of the IOD. In the current IOD phase and under the current climate conditions, an event of this magnitude is expected to happen more often than under IOD neutral conditions, with a return period of approximately 1 in 5. In other words, we would expect to see such an event occurring in every 5th positive IOD-year in the present climate. Overall, taking into account the recent behaviour of the positive IOD, the event would have a return period of around 1 in 40 years in the current climate, that has been warmed by 1.2C due to the burning of fossil fuels.
Based on three observation-based data products we find that due to the effect of the IOD, the intensity of the rainfall this OND season was about twice what would be expected in a neutral IOD year. Similarly we find that due to the warming of 1.2C up till now, the magnitude of rainfall has also approximately doubled. Thus, climate change and a positive IOD contributed approximately equally to the magnitude of the event.
It is important to highlight however that IOD is a natural phenomenon that oscillates between neutral, positive and negative phases while the effect of human-induced climate change will continue to increase until the burning of fossil fuels is stopped.
Only very few models exhibit a correlation between the IOD and OND rainfall. These models also show an increase in the intensity attributable to human-induced climate change but smaller than the observations. Combining both observations and models, we estimate that human-induced climate change increased the intensity of OND rainfall by up to a factor of two.
Due to the low number of models and short observed records we have however low confidence in this quantification, but very high confidence in the overall result that climate change increased the intensity of heavy rainfall in the OND season in the Horn of Africa.
Longstanding land use land cover (LULC) practices, unsustainable land management in the face of rapid urbanisation, as well as systemic challenges in implementing early warning early action in vulnerable communities increased community-level exposure to extreme rainfall and subsequent flooding.
Despite existing anticipatory action mechanisms and Early Warning Early Action (EWEA) protocols, the increasing severity and frequency of extreme weather events in the Horn of Africa can potentially overwhelm the operational response capacity of government, development, and humanitarian actors. Ongoing review and reinforcement of response, preparedness, and social protection systems will create a better prepared Horn of Africa.
Unusual cold spells can occur even in a warming world, and cause disruption to transport, energy & food supplies.
Drought affects people in many ways, from reduced water & food supplies to increasing the risk of wildfires.
Rainfall events from a major storm or hurricane, or intense localised downpours can lead to flooding in any type of location.
Heatwaves can be particularly dangerous to humans, and occur all over the world with increasing intensity.";How many deaths have been reported due to 2023 floods in Kenya and Somalia?;more than 300
22;https://www.worldweatherattribution.org/climate-change-likely-increased-extreme-monsoon-rainfall-flooding-highly-vulnerable-communities-in-pakistan/;"From mid-June until the end of August 2022, large parts of Pakistan experienced record-breaking monsoonal rainfall, leading to large parts of the country being flooded.
Pakistan is reported to have received more than 3 times its usual rainfall in August, making it the wettest August since 1961. The two southern provinces, Sindh and Balochistan, each experienced their wettest August ever recorded, receiving 7 and 8 times their usual monthly totals. The Indus river, that runs the length of the country, burst its banks across thousands of square kilometres, while the intense rainfall also led to urban flash floods, landslides.
The rains and resulting flooding affected over 33 million people, destroyed 1.7 million homes, and nearly 1500 people lost their lives ( NDMA, 2022 ; VOA News, 2022 ). On August 25th, the government declared a national emergency. Damages likely exceed preliminary estimates of around US$30 billion with further economic disruption certain in the months to come ( Business Standard, 2022 ), as around 6700 kilometres of road, 269 bridges and 1460 health facilities were destroyed ( OCHA, 2022 ), 18590 schools damaged ( Save the Children, 2022 ), approximately 750 thousand livestock were killed ( NDMA, 2022 ) and around 18,000 square kilometres of cropland were ruined, including roughly 45% of the cotton crop – one of the nation’s key exports. The loss of food crops totalling around US$2.3 bn also compounds the ongoing food shortages due to the war in Ukraine and summer heatwaves in the region. There is also a severely heightened risk of the spread of disease, as stagnant flood waters provide a breeding ground for pathogens, and the vast number of people displaced results in poor hygiene and sanitation in temporary accommodation ( Sarkar, 2022 ; Baqir et al., 2012 ). Notably, across Sindh and Balochistan, there has been an outbreak in waterborne disease such as diarrhoea and cholera, as well as skin and eye infections, and malaria ( IRC, 2022 ).
To analyse whether and to what extent human-caused climate change altered the likelihood and intensity of this extreme rainfall, scientists from Pakistan, India, the Netherlands, France, Denmark, South Africa, New Zealand, the US and the UK used published, peer-reviewed methods to perform an event attribution study, focussing on two aspects of the event: (1) The annual maximum of the mean 60-day precipitation during June-September over the Indus river basin (Figure 1 (a)), and (2) the annual maximum of the mean 5-day precipitation in June-September over the worst hit provinces Sindh and Balochistan (Figure 1 (b)).
The flooding occurred as a direct consequence of the extreme monsoon rainfall throughout the summer 2022 season exacerbated by shorter spikes of very heavy rain particularly in August hitting the provinces Sindh and Balochistan. We therefore consider 60-day and 5-day maximum rainfall during the monsoon season for the Indus basin and the two provinces respectively.
The devastating impacts were also driven by the proximity of human settlements, infrastructure (homes, buildings, bridges), and agricultural land to flood plains, inadequate infrastructure, limited ex-ante risk reduction capacity, an outdated river management system, underlying vulnerabilities driven by high poverty rates and socioeconomic factors (e.g. gender, age, income, and education), and ongoing political and economic instability.
The return time for both events defined above is about 1 in 100 years in today’s climate. Rainfall in the Indus basin is however extremely variable from year to year, due to, amongst other drivers, the strong correlation with the ENSO cycle. Thus, exact quantification is difficult.
First, looking just at the trends in the observations, we found that the 5-day maximum rainfall over the provinces Sindh and Balochistan is now about 75% more intense than it would have been had the climate not warmed by 1.2C, whereas the 60-day rain across the basin is now about 50% more intense, meaning rainfall this heavy is now more likely to happen. There are large uncertainties in these estimates due to the high variability in rainfall in the region, and observed changes can have a variety of drivers, including, but not limited to, climate change.
Secondly, to determine the role of human-induced climate change in these observed changes we looked at the trends in climate models with and without the human-induced increases in greenhouse gases. The regions involved are at the western extreme end of the monsoon region, with large differences in rainfall characteristics between dry western and wet eastern areas.
Many of the available state-of-the-art climate models struggle to simulate these rainfall characteristics. Those that pass our evaluation test generally show a much smaller change in likelihood and intensity of extreme rainfall than the trend we found in the observations. This discrepancy suggests that long-term variability, or processes that our evaluation may not capture, can play an important role, rendering it infeasible to quantify the overall role of human-induced climate change.
However, for the 5-day rainfall extreme, the majority of models and observations we have analysed show that intense rainfall has become heavier as Pakistan has warmed. Some of these models suggest climate change could have increased the rainfall intensity up to 50% for the 5-day event definition.
Looking at the future, for a climate 2 °C warmer than in preindustrial times, models suggest that rainfall intensity will significantly increase further, for the 5-day event, while the uncertainty remains very large for the 60-day monsoon rainfall.
Our results are in alignment with recent IPCC reports.
Both current conditions and the potential further increase in extreme peaks in rainfall over Pakistan in light of anthropogencilimate change, suggest that there is an urgent need to reduce vulnerability to extreme weather in Pakistan.
Unusual cold spells can occur even in a warming world, and cause disruption to transport, energy & food supplies.
Drought affects people in many ways, from reduced water & food supplies to increasing the risk of wildfires.
Rainfall events from a major storm or hurricane, or intense localised downpours can lead to flooding in any type of location.
Heatwaves can be particularly dangerous to humans, and occur all over the world with increasing intensity.";How many people were affected by 2022 floods in Pakistan?;over 33 million people
23;https://www.worldweatherattribution.org/climate-change-likely-increased-extreme-monsoon-rainfall-flooding-highly-vulnerable-communities-in-pakistan/;"From mid-June until the end of August 2022, large parts of Pakistan experienced record-breaking monsoonal rainfall, leading to large parts of the country being flooded.
Pakistan is reported to have received more than 3 times its usual rainfall in August, making it the wettest August since 1961. The two southern provinces, Sindh and Balochistan, each experienced their wettest August ever recorded, receiving 7 and 8 times their usual monthly totals. The Indus river, that runs the length of the country, burst its banks across thousands of square kilometres, while the intense rainfall also led to urban flash floods, landslides.
The rains and resulting flooding affected over 33 million people, destroyed 1.7 million homes, and nearly 1500 people lost their lives ( NDMA, 2022 ; VOA News, 2022 ). On August 25th, the government declared a national emergency. Damages likely exceed preliminary estimates of around US$30 billion with further economic disruption certain in the months to come ( Business Standard, 2022 ), as around 6700 kilometres of road, 269 bridges and 1460 health facilities were destroyed ( OCHA, 2022 ), 18590 schools damaged ( Save the Children, 2022 ), approximately 750 thousand livestock were killed ( NDMA, 2022 ) and around 18,000 square kilometres of cropland were ruined, including roughly 45% of the cotton crop – one of the nation’s key exports. The loss of food crops totalling around US$2.3 bn also compounds the ongoing food shortages due to the war in Ukraine and summer heatwaves in the region. There is also a severely heightened risk of the spread of disease, as stagnant flood waters provide a breeding ground for pathogens, and the vast number of people displaced results in poor hygiene and sanitation in temporary accommodation ( Sarkar, 2022 ; Baqir et al., 2012 ). Notably, across Sindh and Balochistan, there has been an outbreak in waterborne disease such as diarrhoea and cholera, as well as skin and eye infections, and malaria ( IRC, 2022 ).
To analyse whether and to what extent human-caused climate change altered the likelihood and intensity of this extreme rainfall, scientists from Pakistan, India, the Netherlands, France, Denmark, South Africa, New Zealand, the US and the UK used published, peer-reviewed methods to perform an event attribution study, focussing on two aspects of the event: (1) The annual maximum of the mean 60-day precipitation during June-September over the Indus river basin (Figure 1 (a)), and (2) the annual maximum of the mean 5-day precipitation in June-September over the worst hit provinces Sindh and Balochistan (Figure 1 (b)).
The flooding occurred as a direct consequence of the extreme monsoon rainfall throughout the summer 2022 season exacerbated by shorter spikes of very heavy rain particularly in August hitting the provinces Sindh and Balochistan. We therefore consider 60-day and 5-day maximum rainfall during the monsoon season for the Indus basin and the two provinces respectively.
The devastating impacts were also driven by the proximity of human settlements, infrastructure (homes, buildings, bridges), and agricultural land to flood plains, inadequate infrastructure, limited ex-ante risk reduction capacity, an outdated river management system, underlying vulnerabilities driven by high poverty rates and socioeconomic factors (e.g. gender, age, income, and education), and ongoing political and economic instability.
The return time for both events defined above is about 1 in 100 years in today’s climate. Rainfall in the Indus basin is however extremely variable from year to year, due to, amongst other drivers, the strong correlation with the ENSO cycle. Thus, exact quantification is difficult.
First, looking just at the trends in the observations, we found that the 5-day maximum rainfall over the provinces Sindh and Balochistan is now about 75% more intense than it would have been had the climate not warmed by 1.2C, whereas the 60-day rain across the basin is now about 50% more intense, meaning rainfall this heavy is now more likely to happen. There are large uncertainties in these estimates due to the high variability in rainfall in the region, and observed changes can have a variety of drivers, including, but not limited to, climate change.
Secondly, to determine the role of human-induced climate change in these observed changes we looked at the trends in climate models with and without the human-induced increases in greenhouse gases. The regions involved are at the western extreme end of the monsoon region, with large differences in rainfall characteristics between dry western and wet eastern areas.
Many of the available state-of-the-art climate models struggle to simulate these rainfall characteristics. Those that pass our evaluation test generally show a much smaller change in likelihood and intensity of extreme rainfall than the trend we found in the observations. This discrepancy suggests that long-term variability, or processes that our evaluation may not capture, can play an important role, rendering it infeasible to quantify the overall role of human-induced climate change.
However, for the 5-day rainfall extreme, the majority of models and observations we have analysed show that intense rainfall has become heavier as Pakistan has warmed. Some of these models suggest climate change could have increased the rainfall intensity up to 50% for the 5-day event definition.
Looking at the future, for a climate 2 °C warmer than in preindustrial times, models suggest that rainfall intensity will significantly increase further, for the 5-day event, while the uncertainty remains very large for the 60-day monsoon rainfall.
Our results are in alignment with recent IPCC reports.
Both current conditions and the potential further increase in extreme peaks in rainfall over Pakistan in light of anthropogencilimate change, suggest that there is an urgent need to reduce vulnerability to extreme weather in Pakistan.
Unusual cold spells can occur even in a warming world, and cause disruption to transport, energy & food supplies.
Drought affects people in many ways, from reduced water & food supplies to increasing the risk of wildfires.
Rainfall events from a major storm or hurricane, or intense localised downpours can lead to flooding in any type of location.
Heatwaves can be particularly dangerous to humans, and occur all over the world with increasing intensity.";What was estimated economic damage from 2022 floods in Pakistan?;around US$30 billion
24;https://www.worldweatherattribution.org/climate-change-likely-increased-extreme-monsoon-rainfall-flooding-highly-vulnerable-communities-in-pakistan/;"From mid-June until the end of August 2022, large parts of Pakistan experienced record-breaking monsoonal rainfall, leading to large parts of the country being flooded.
Pakistan is reported to have received more than 3 times its usual rainfall in August, making it the wettest August since 1961. The two southern provinces, Sindh and Balochistan, each experienced their wettest August ever recorded, receiving 7 and 8 times their usual monthly totals. The Indus river, that runs the length of the country, burst its banks across thousands of square kilometres, while the intense rainfall also led to urban flash floods, landslides.
The rains and resulting flooding affected over 33 million people, destroyed 1.7 million homes, and nearly 1500 people lost their lives ( NDMA, 2022 ; VOA News, 2022 ). On August 25th, the government declared a national emergency. Damages likely exceed preliminary estimates of around US$30 billion with further economic disruption certain in the months to come ( Business Standard, 2022 ), as around 6700 kilometres of road, 269 bridges and 1460 health facilities were destroyed ( OCHA, 2022 ), 18590 schools damaged ( Save the Children, 2022 ), approximately 750 thousand livestock were killed ( NDMA, 2022 ) and around 18,000 square kilometres of cropland were ruined, including roughly 45% of the cotton crop – one of the nation’s key exports. The loss of food crops totalling around US$2.3 bn also compounds the ongoing food shortages due to the war in Ukraine and summer heatwaves in the region. There is also a severely heightened risk of the spread of disease, as stagnant flood waters provide a breeding ground for pathogens, and the vast number of people displaced results in poor hygiene and sanitation in temporary accommodation ( Sarkar, 2022 ; Baqir et al., 2012 ). Notably, across Sindh and Balochistan, there has been an outbreak in waterborne disease such as diarrhoea and cholera, as well as skin and eye infections, and malaria ( IRC, 2022 ).
To analyse whether and to what extent human-caused climate change altered the likelihood and intensity of this extreme rainfall, scientists from Pakistan, India, the Netherlands, France, Denmark, South Africa, New Zealand, the US and the UK used published, peer-reviewed methods to perform an event attribution study, focussing on two aspects of the event: (1) The annual maximum of the mean 60-day precipitation during June-September over the Indus river basin (Figure 1 (a)), and (2) the annual maximum of the mean 5-day precipitation in June-September over the worst hit provinces Sindh and Balochistan (Figure 1 (b)).
The flooding occurred as a direct consequence of the extreme monsoon rainfall throughout the summer 2022 season exacerbated by shorter spikes of very heavy rain particularly in August hitting the provinces Sindh and Balochistan. We therefore consider 60-day and 5-day maximum rainfall during the monsoon season for the Indus basin and the two provinces respectively.
The devastating impacts were also driven by the proximity of human settlements, infrastructure (homes, buildings, bridges), and agricultural land to flood plains, inadequate infrastructure, limited ex-ante risk reduction capacity, an outdated river management system, underlying vulnerabilities driven by high poverty rates and socioeconomic factors (e.g. gender, age, income, and education), and ongoing political and economic instability.
The return time for both events defined above is about 1 in 100 years in today’s climate. Rainfall in the Indus basin is however extremely variable from year to year, due to, amongst other drivers, the strong correlation with the ENSO cycle. Thus, exact quantification is difficult.
First, looking just at the trends in the observations, we found that the 5-day maximum rainfall over the provinces Sindh and Balochistan is now about 75% more intense than it would have been had the climate not warmed by 1.2C, whereas the 60-day rain across the basin is now about 50% more intense, meaning rainfall this heavy is now more likely to happen. There are large uncertainties in these estimates due to the high variability in rainfall in the region, and observed changes can have a variety of drivers, including, but not limited to, climate change.
Secondly, to determine the role of human-induced climate change in these observed changes we looked at the trends in climate models with and without the human-induced increases in greenhouse gases. The regions involved are at the western extreme end of the monsoon region, with large differences in rainfall characteristics between dry western and wet eastern areas.
Many of the available state-of-the-art climate models struggle to simulate these rainfall characteristics. Those that pass our evaluation test generally show a much smaller change in likelihood and intensity of extreme rainfall than the trend we found in the observations. This discrepancy suggests that long-term variability, or processes that our evaluation may not capture, can play an important role, rendering it infeasible to quantify the overall role of human-induced climate change.
However, for the 5-day rainfall extreme, the majority of models and observations we have analysed show that intense rainfall has become heavier as Pakistan has warmed. Some of these models suggest climate change could have increased the rainfall intensity up to 50% for the 5-day event definition.
Looking at the future, for a climate 2 °C warmer than in preindustrial times, models suggest that rainfall intensity will significantly increase further, for the 5-day event, while the uncertainty remains very large for the 60-day monsoon rainfall.
Our results are in alignment with recent IPCC reports.
Both current conditions and the potential further increase in extreme peaks in rainfall over Pakistan in light of anthropogencilimate change, suggest that there is an urgent need to reduce vulnerability to extreme weather in Pakistan.
Unusual cold spells can occur even in a warming world, and cause disruption to transport, energy & food supplies.
Drought affects people in many ways, from reduced water & food supplies to increasing the risk of wildfires.
Rainfall events from a major storm or hurricane, or intense localised downpours can lead to flooding in any type of location.
Heatwaves can be particularly dangerous to humans, and occur all over the world with increasing intensity.";By how much did climate warming increase intensity of 5‑day maximum rainfall in Sindh and Balochistan?;about 75 %
25;https://www.worldweatherattribution.org/climate-change-made-devastating-early-heat-in-india-and-pakistan-30-times-more-likely/;"Since the beginning of March, India and Pakistan and large parts of South Asia experienced prolonged heat, that at the time of writing, May 2022, still hasn’t subsided.
March was the hottest in India since records began 122 years ago and in Pakistan, the highest worldwide positive temperature anomaly during March was recorded and many individual weather stations recorded monthly all-time highs through March. At the same time, March was extremely dry, with 62 percent less than normal rainfall reported over Pakistan and 71 percent below normal over India, making the conditions favourable for local heating from the land surface. The heatwave continued over the month of April and reached its preliminary peak towards the end of the month. By the 29th of April, 70 percent of India was affected by the heatwave.
While heatwaves are not uncommon in the season preceding the monsoon, the very high temperatures so early in the year coupled with much less than average rain have led to extreme heat conditions with devastating consequences for public health and agriculture. The full health and economic fallout, and cascading effects from the current heat wave will however take months to determine, including the number of excess deaths, hospitalisations, lost wages, missed school days, and diminished working hours. Early reports indicate 90 deaths in India and Pakistan, and an estimated 10-35 percent reduction in crop yields in Haryana, Uttar Pradesh, and Punjab due to the heatwave.
The early and prolonged heat particularly affected the North West of India and Southern parts of Pakistan, the so-called bread basket of the subcontinent. Towards the end of April and in May the heatwave also reached more coastal areas and the Eastern parts of India. It was however the early, prolonged and dry heat that made this event stand out as distinct from heatwaves occurring earlier this century.
Scientists from India, Pakistan, the Netherlands, France, Switzerland, New Zealand, Denmark, United States of America and the United Kingdom, collaborated to assess to what extent human-induced climate change altered the likelihood and intensity of the heatwave.
Using published peer-reviewed methods , we analysed how human-induced climate change affected the heat in the early affected region (see fig. 1) that also experienced a lot less rain than usual. To capture the duration of the event we chose the March-April average of daily maximum temperatures.
The 2022 heatwave is estimated to have led to at least 90 deaths across India and Pakistan, and to have triggered an extreme Glacial Lake Outburst Flood in northern Pakistan and forest fires in India. The heat reduced India’s wheat crop yields, causing the government to reverse an earlier plan to supplement the global wheat supply that has been impacted by the war in Ukraine. In India, a shortage of coal led to power outages that limited access to cooling, compounding health impacts and forcing millions of people to use coping mechanisms such as limiting activity to the early morning and evening.
Gridded observations that correspond well to station data and capture India and Pakistan are comparably short (starting 1979). The exact return period of such a rare event is thus highly uncertain and depends on the length of the data as well as the fitted distribution. When combining information of the shorter dataset with a dataset that only covers India but for a longer time span (starting 1951) we estimate the return period to be around 100 years in today’s climate of 1.2C global warming. We thus use 1 in 100 years, as the event definition for the attribution study.
To increase the data available and determine the role of climate change in the observed changes we combine observations with 20 climate models and we conclude that human-caused climate change made this heatwave hotter and more likely.
Because of climate change, the probability of an event such as that in 2022 has increased by a factor of about 30.
The same event would have been about 1C cooler in a preindustrial climate.
With future global warming, heatwaves like this will become even more common and hotter. At the global mean temperature scenario of +2C such a heatwave would become an additional factor of 2-20 more likely and 0.5-1.5C hotter compared to 2022.
We note here that our results are likely conservative; the relatively short lengths of observed data rendered it difficult to consider statistical fits that are more ideal for extremes. In large model ensembles more accurate fits indicate a larger increase in likelihood.
It is important to note that this early heatwave was accompanied by much below average rainfall and humidity and thus constituted a dry heatwave, rendering humidity much less important for health impacts than heatwaves occurring late in the season and in coastal areas.
In Pakistan and India, extreme heat hits hardest for people who must go outside to earn a daily wage (e.g. street vendors, construction and farm workers, traffic police), and consequently lack access to consistent electricity and cooling at home, limiting their options to cope with prolonged heat stress.
Rising temperatures from more intense and frequent heat waves will render coping mechanisms inadequate as conditions in some regions meet and exceed limits to human survivability. Mitigating further warming is essential to avoid loss of life and livelihood.
While some losses will inevitably occur due to the extreme heat, it is misleading to assume that the impacts are inevitable. Adaptation to extreme heat can be effective at reducing mortality. Heat Action Plans that include early warning and early action, awareness raising and behaviour changing messaging, and supportive public services can reduce mortality, and India’s rollout of these has been remarkable, now covering 130 cities and towns.
Unusual cold spells can occur even in a warming world, and cause disruption to transport, energy & food supplies.
Drought affects people in many ways, from reduced water & food supplies to increasing the risk of wildfires.
Rainfall events from a major storm or hurricane, or intense localised downpours can lead to flooding in any type of location.
Heatwaves can be particularly dangerous to humans, and occur all over the world with increasing intensity.";What was the estimated number of deaths across India and Pakistan due to the 2022 heatwave?;At least 90 deaths
26;https://www.worldweatherattribution.org/climate-change-made-devastating-early-heat-in-india-and-pakistan-30-times-more-likely/;"Since the beginning of March, India and Pakistan and large parts of South Asia experienced prolonged heat, that at the time of writing, May 2022, still hasn’t subsided.
March was the hottest in India since records began 122 years ago and in Pakistan, the highest worldwide positive temperature anomaly during March was recorded and many individual weather stations recorded monthly all-time highs through March. At the same time, March was extremely dry, with 62 percent less than normal rainfall reported over Pakistan and 71 percent below normal over India, making the conditions favourable for local heating from the land surface. The heatwave continued over the month of April and reached its preliminary peak towards the end of the month. By the 29th of April, 70 percent of India was affected by the heatwave.
While heatwaves are not uncommon in the season preceding the monsoon, the very high temperatures so early in the year coupled with much less than average rain have led to extreme heat conditions with devastating consequences for public health and agriculture. The full health and economic fallout, and cascading effects from the current heat wave will however take months to determine, including the number of excess deaths, hospitalisations, lost wages, missed school days, and diminished working hours. Early reports indicate 90 deaths in India and Pakistan, and an estimated 10-35 percent reduction in crop yields in Haryana, Uttar Pradesh, and Punjab due to the heatwave.
The early and prolonged heat particularly affected the North West of India and Southern parts of Pakistan, the so-called bread basket of the subcontinent. Towards the end of April and in May the heatwave also reached more coastal areas and the Eastern parts of India. It was however the early, prolonged and dry heat that made this event stand out as distinct from heatwaves occurring earlier this century.
Scientists from India, Pakistan, the Netherlands, France, Switzerland, New Zealand, Denmark, United States of America and the United Kingdom, collaborated to assess to what extent human-induced climate change altered the likelihood and intensity of the heatwave.
Using published peer-reviewed methods , we analysed how human-induced climate change affected the heat in the early affected region (see fig. 1) that also experienced a lot less rain than usual. To capture the duration of the event we chose the March-April average of daily maximum temperatures.
The 2022 heatwave is estimated to have led to at least 90 deaths across India and Pakistan, and to have triggered an extreme Glacial Lake Outburst Flood in northern Pakistan and forest fires in India. The heat reduced India’s wheat crop yields, causing the government to reverse an earlier plan to supplement the global wheat supply that has been impacted by the war in Ukraine. In India, a shortage of coal led to power outages that limited access to cooling, compounding health impacts and forcing millions of people to use coping mechanisms such as limiting activity to the early morning and evening.
Gridded observations that correspond well to station data and capture India and Pakistan are comparably short (starting 1979). The exact return period of such a rare event is thus highly uncertain and depends on the length of the data as well as the fitted distribution. When combining information of the shorter dataset with a dataset that only covers India but for a longer time span (starting 1951) we estimate the return period to be around 100 years in today’s climate of 1.2C global warming. We thus use 1 in 100 years, as the event definition for the attribution study.
To increase the data available and determine the role of climate change in the observed changes we combine observations with 20 climate models and we conclude that human-caused climate change made this heatwave hotter and more likely.
Because of climate change, the probability of an event such as that in 2022 has increased by a factor of about 30.
The same event would have been about 1C cooler in a preindustrial climate.
With future global warming, heatwaves like this will become even more common and hotter. At the global mean temperature scenario of +2C such a heatwave would become an additional factor of 2-20 more likely and 0.5-1.5C hotter compared to 2022.
We note here that our results are likely conservative; the relatively short lengths of observed data rendered it difficult to consider statistical fits that are more ideal for extremes. In large model ensembles more accurate fits indicate a larger increase in likelihood.
It is important to note that this early heatwave was accompanied by much below average rainfall and humidity and thus constituted a dry heatwave, rendering humidity much less important for health impacts than heatwaves occurring late in the season and in coastal areas.
In Pakistan and India, extreme heat hits hardest for people who must go outside to earn a daily wage (e.g. street vendors, construction and farm workers, traffic police), and consequently lack access to consistent electricity and cooling at home, limiting their options to cope with prolonged heat stress.
Rising temperatures from more intense and frequent heat waves will render coping mechanisms inadequate as conditions in some regions meet and exceed limits to human survivability. Mitigating further warming is essential to avoid loss of life and livelihood.
While some losses will inevitably occur due to the extreme heat, it is misleading to assume that the impacts are inevitable. Adaptation to extreme heat can be effective at reducing mortality. Heat Action Plans that include early warning and early action, awareness raising and behaviour changing messaging, and supportive public services can reduce mortality, and India’s rollout of these has been remarkable, now covering 130 cities and towns.
Unusual cold spells can occur even in a warming world, and cause disruption to transport, energy & food supplies.
Drought affects people in many ways, from reduced water & food supplies to increasing the risk of wildfires.
Rainfall events from a major storm or hurricane, or intense localised downpours can lead to flooding in any type of location.
Heatwaves can be particularly dangerous to humans, and occur all over the world with increasing intensity.";What percentage of India was affected by heatwave by April 29, 2022?;70 percent
27;https://www.worldweatherattribution.org/climate-change-made-the-floods-in-southern-brazil-twice-as-likely/;"Between 24 April and 4 May 2024 over 420 mm of rain fell in Brazil’s southernmost state Rio Grande do Sul, leading to more than 90% of the state being affected by flooding.
The floods displaced more than 80,000 people, led to over 150,000 being injured and, on the 29th of May, to 169 fatalities with 44 people still missing ( Governo do Estado de Rio Grande do Sul, 2024 ). Essential services were also disrupted, leaving 418,200 households without electricity and over a million consumer units without water. Dozens of municipalities lost telephone and internet services. Municipalities in Rio Grande do Sul that were severely affected by floods, and inundations are classified with risk levels ranging from ‘Medium’ to ‘Very High’ for geo-hydrological disasters on the AdaptaBrasil platform. Cities such as Porto Alegre, Eldorado do Sul, Canoas, Guaíba, Novo Hamburgo, Estrela, and Encantado, for example, are characterised by the highest degrees of Hazard and Exposure.
Researchers from Brazil, the United Kingdom, Sweden, the Netherlands, and the US collaborated to answer the question of whether and to what extent human-induced climate change altered the likelihood and intensity of the rainfall that caused the flooding. They also investigated the role of the El Niño Southern Oscillation (ENSO).
Rainfall in Southern Brazil (comprising the states of Paraná, Santa Catarina, and Rio Grande do Sul) is characterised by a subtropical climate (transition between tropical and temperate climate) with a continuous supply of moisture from the Atlantic Ocean and the Amazon region thus no distinct rainy seasons exist. Rainfall varies from year to year depending on large scale climate phenomena such as ENSO.
To capture the nature of the extreme rainfall that resulted in extreme flooding across Rio Grande do Sul, two event definitions are analysed in this study: the 4- and 10-day rainfall accumulations, averaged over the state of Rio Grande do Sul. The 4-day window captures the most severe single event in which record rainfall fell across several consecutive days, while the 10-day window (encompassing 26th April – 5th May, inclusive) captures the succession of heavy rainfall events, including the very wet individual days either side of the major 4-day peak (figure 1).
The unprecedented 2024 April-May floods in Rio Grande do Sul have affected over 90% of the state, an area equivalent to the UK, displacing 581,638 people and causing 169 deaths. While Rio Grande do Sul is often perceived as a well-off region, it still has significant pockets of poverty and marginalisation. Low income has been identified as a significant driver of flood impact. Informal settlements, indigenous villages, and predominantly quilombola (descendants of enslaved Africans) communities have been severely impacted.
The lack of a significant extreme flood event, until recently, in Porto Alegre led to reduced investment, and maintenance of its flood protection system, with the system reportedly beginning to fail at 4.5m of flooding despite its stated capacity to withstand water of 6m. This, in addition to the extreme nature of this event, contributed to the significant impacts of the flood and points to the need to objectively assess risk and strengthen flood infrastructure to be resilient to this and future, even more extreme, floods.
Both rainfall events characterised above, the 10-day and 4-day events, were found to be extremely rare in the current climate, with return periods of 100-250 years. To increase the statistical stability of the analysis given the relatively short data records, we use the 1 in 100 year event for the analysis in this study. This return period is also typically considered a benchmark for risk analysis.
The El Niño Southern Oscillation, a naturally occurring climate phenomenon, was found to be important to explain the variability in the observed rainfall, consistent with previous research. Most previous heavy rainfall events in the area occurred during El Niño years.
The role of El Nino alone is comparably large. In observations, compared to a neutral ENSO phase, the current (December-February) El Niño resulted in a consistent increase across all datasets and for both events: by a factor of 2-3 in likelihood and 4-8% in intensity for the 10-day event, and a factor of 2-5 in likelihood and 3-10% in intensity for the 4-day event.
To assess the role of human-induced climate change we combine observation-based products and climate models that include the observed ENSO relationship and assess changes in the likelihood and intensity for the 10-day and 4-day heavy rainfall over Rio Grande do Sul and find an increase in likelihood for both events of more than a factor of 2 and intensity increase of 6-9% due to the burning of fossil fuels.
These findings are corroborated when looking at a climate of 2°C of global warming since pre-industrial times where we find a further increase in likelihood of a factor of 1.3-2.7 and an increase in intensity of about 4% compared to present day. Again results are similar for both event definitions.
While environmental protection laws exist in Brazil to protect waterways from construction and limit land use changes, they are not consistently applied or enforced, leading to encroachment on flood-prone land and therefore increasing the exposure of people and infrastructure to flood risks.
Forecasts and warnings of the floods were available nearly a week in advance, but the warning may not have reached all of those at risk, and the public may not have understood the severity of the impacts or known what actions to take in response to the forecasts. It’s imperative to continue to improve the communication of risk that leads to appropriate, life-saving action.
Unusual cold spells can occur even in a warming world, and cause disruption to transport, energy & food supplies.
Drought affects people in many ways, from reduced water & food supplies to increasing the risk of wildfires.
Rainfall events from a major storm or hurricane, or intense localised downpours can lead to flooding in any type of location.
Heatwaves can be particularly dangerous to humans, and occur all over the world with increasing intensity.";How many fatalities were recorded on 29 May 2024 due to floods in Rio Grande do Sul?;169
28;https://www.worldweatherattribution.org/climate-change-made-the-floods-in-southern-brazil-twice-as-likely/;"Between 24 April and 4 May 2024 over 420 mm of rain fell in Brazil’s southernmost state Rio Grande do Sul, leading to more than 90% of the state being affected by flooding.
The floods displaced more than 80,000 people, led to over 150,000 being injured and, on the 29th of May, to 169 fatalities with 44 people still missing ( Governo do Estado de Rio Grande do Sul, 2024 ). Essential services were also disrupted, leaving 418,200 households without electricity and over a million consumer units without water. Dozens of municipalities lost telephone and internet services. Municipalities in Rio Grande do Sul that were severely affected by floods, and inundations are classified with risk levels ranging from ‘Medium’ to ‘Very High’ for geo-hydrological disasters on the AdaptaBrasil platform. Cities such as Porto Alegre, Eldorado do Sul, Canoas, Guaíba, Novo Hamburgo, Estrela, and Encantado, for example, are characterised by the highest degrees of Hazard and Exposure.
Researchers from Brazil, the United Kingdom, Sweden, the Netherlands, and the US collaborated to answer the question of whether and to what extent human-induced climate change altered the likelihood and intensity of the rainfall that caused the flooding. They also investigated the role of the El Niño Southern Oscillation (ENSO).
Rainfall in Southern Brazil (comprising the states of Paraná, Santa Catarina, and Rio Grande do Sul) is characterised by a subtropical climate (transition between tropical and temperate climate) with a continuous supply of moisture from the Atlantic Ocean and the Amazon region thus no distinct rainy seasons exist. Rainfall varies from year to year depending on large scale climate phenomena such as ENSO.
To capture the nature of the extreme rainfall that resulted in extreme flooding across Rio Grande do Sul, two event definitions are analysed in this study: the 4- and 10-day rainfall accumulations, averaged over the state of Rio Grande do Sul. The 4-day window captures the most severe single event in which record rainfall fell across several consecutive days, while the 10-day window (encompassing 26th April – 5th May, inclusive) captures the succession of heavy rainfall events, including the very wet individual days either side of the major 4-day peak (figure 1).
The unprecedented 2024 April-May floods in Rio Grande do Sul have affected over 90% of the state, an area equivalent to the UK, displacing 581,638 people and causing 169 deaths. While Rio Grande do Sul is often perceived as a well-off region, it still has significant pockets of poverty and marginalisation. Low income has been identified as a significant driver of flood impact. Informal settlements, indigenous villages, and predominantly quilombola (descendants of enslaved Africans) communities have been severely impacted.
The lack of a significant extreme flood event, until recently, in Porto Alegre led to reduced investment, and maintenance of its flood protection system, with the system reportedly beginning to fail at 4.5m of flooding despite its stated capacity to withstand water of 6m. This, in addition to the extreme nature of this event, contributed to the significant impacts of the flood and points to the need to objectively assess risk and strengthen flood infrastructure to be resilient to this and future, even more extreme, floods.
Both rainfall events characterised above, the 10-day and 4-day events, were found to be extremely rare in the current climate, with return periods of 100-250 years. To increase the statistical stability of the analysis given the relatively short data records, we use the 1 in 100 year event for the analysis in this study. This return period is also typically considered a benchmark for risk analysis.
The El Niño Southern Oscillation, a naturally occurring climate phenomenon, was found to be important to explain the variability in the observed rainfall, consistent with previous research. Most previous heavy rainfall events in the area occurred during El Niño years.
The role of El Nino alone is comparably large. In observations, compared to a neutral ENSO phase, the current (December-February) El Niño resulted in a consistent increase across all datasets and for both events: by a factor of 2-3 in likelihood and 4-8% in intensity for the 10-day event, and a factor of 2-5 in likelihood and 3-10% in intensity for the 4-day event.
To assess the role of human-induced climate change we combine observation-based products and climate models that include the observed ENSO relationship and assess changes in the likelihood and intensity for the 10-day and 4-day heavy rainfall over Rio Grande do Sul and find an increase in likelihood for both events of more than a factor of 2 and intensity increase of 6-9% due to the burning of fossil fuels.
These findings are corroborated when looking at a climate of 2°C of global warming since pre-industrial times where we find a further increase in likelihood of a factor of 1.3-2.7 and an increase in intensity of about 4% compared to present day. Again results are similar for both event definitions.
While environmental protection laws exist in Brazil to protect waterways from construction and limit land use changes, they are not consistently applied or enforced, leading to encroachment on flood-prone land and therefore increasing the exposure of people and infrastructure to flood risks.
Forecasts and warnings of the floods were available nearly a week in advance, but the warning may not have reached all of those at risk, and the public may not have understood the severity of the impacts or known what actions to take in response to the forecasts. It’s imperative to continue to improve the communication of risk that leads to appropriate, life-saving action.
Unusual cold spells can occur even in a warming world, and cause disruption to transport, energy & food supplies.
Drought affects people in many ways, from reduced water & food supplies to increasing the risk of wildfires.
Rainfall events from a major storm or hurricane, or intense localised downpours can lead to flooding in any type of location.
Heatwaves can be particularly dangerous to humans, and occur all over the world with increasing intensity.";What is the estimated return period range for the 4‑day extreme rainfall event in Rio Grande do Sul?;100‑250 years
29;https://www.worldweatherattribution.org/climate-change-more-than-doubled-the-likelihood-of-extreme-fire-weather-conditions-in-eastern-canada/;"During May and June 2023 Canada witnessed exceptionally extreme fire-weather conditions, leading to extensive wildfires that burned over 13 million hectares.
Extreme wildfire conditions in Canada have been fueled by intense, spatially extensive and persistent fire-conducive weather conditions, known as fire weather, which has been observed since the beginning of May throughout the country. Canada has experienced its warmest May-June period since 1940, beating the previous record set in 1998 by a huge margin (0.8°C). At the national scale, relative humidity was also very low. The warm and dry conditions, together with continuous southeasterly winds fueled extensive fire spread in Alberta, British Columbia, central Saskatchewan and southwestern portions of the Northwest Territories.
There are at least 17 direct fatalities linked to the fires, more than 150,000 people have been evacuated, and at least 200 structures, including homes, were damaged in the fires ( AP News, 2023 ). The Canadian wildfires have severely impacted air quality locally in Canada, and in the neighbouring United States with Air Quality Index (AQI) values frequently exceeding safe levels in the midwest and northeast USA, and in some cases approaching record levels (e.g. on June 7th AQI reached 341 in New York City, considered hazardous for all residents) ( CNBC, 2023 ). Similarly, in southern Ontario, including the cities of Ottawa and Toronto, air quality reached the “very high risk” level forcing officials to cancel public events and reduce hours for outdoor public services. Schools remained closed for several days in many states, including Nova Scotia, New York, New Jersey, and Connecticut.
In this study we focus on the fires in eastern Canada , which experienced a particularly unusually active fire season in 2023 and are most directly linked with the very large-scale impacts on air quality. In order to identify the role of human-induced climate change we focus on fire-weather indices rather than on fire regime variables such as area burned, in order to identify whether and to what extent climate change altered fire-prone weather conditions.
To capture the extent and duration of the extreme fire weather across the region, we will use the cumulative daily severity rating (Figure 1). The DSR is a scaled power transformation of the Canadian Fire Weather Index (FWI), and reflects how difficult a fire is to suppress once ignition has occurred; it is commonly used for assessing fire weather on monthly or longer timescales ( Van Wagner,, 1987 ). To capture the peak intensity of the fire season, we also take the annual maximum of the 7-day moving average of the FWI. This index has been used in previous attribution studies (eg. van Oldenborgh et al., 2021 ), where it has been found to have a good correlation with the area burned.
Fire weather is one important condition driving wildfires, although changes in vegetation (wildfire fuel), ignition factors, and fire management strategies also contribute to future wildfire risk.
In today’s climate, intense fire weather like that observed in May-July 2023 is a moderately extreme event, expected to occur once every 20-25 years. This means in any given year such an event is expected with 4-5% probability.
Climate change made the cumulative severity of Québec’s 2023 fire season to the end of July around 50% more intense, and seasons of this severity at least seven times more likely to occur. Peak fire weather (FWI7x) like that experienced this year is at least twice as likely, and the intensity has increased by about 20% due to human-induced climate change.
Observed changes are typically larger than in the models.
As expected, likelihood and intensity are projected to increase further in a 2 ° C warmer world.
Changes in fire weather are associated with an increase in temperature and decrease in humidity, both of which are driven by human-induced warming; the effect was compounded in 2023 by unusually low precipitation
The extent, magnitude, and location of concomitant wildfires posed significant challenges for wildfire management which largely focused on disaster response and wildfire containment to limit the impact on lives and infrastructure.
The wildfires had disproportionate impacts on indigenous, fly-in, and other remote communities who were particularly vulnerable due to lack of services and barriers to response interventions.
The consequences from the wildfires reached far beyond the burned areas with displaced impacts due to air pollution threatening health, mobility, and economic activities of people across North America.
As fire weather risks increase, changes in fire management strategies and increased resources will be required to meet the increased challenges.
Unusual cold spells can occur even in a warming world, and cause disruption to transport, energy & food supplies.
Drought affects people in many ways, from reduced water & food supplies to increasing the risk of wildfires.
Rainfall events from a major storm or hurricane, or intense localised downpours can lead to flooding in any type of location.
Heatwaves can be particularly dangerous to humans, and occur all over the world with increasing intensity.";How many hectares burned in Canada during May and June 2023?;Over 13 million hectares
30;https://www.worldweatherattribution.org/climate-change-more-than-doubled-the-likelihood-of-extreme-fire-weather-conditions-in-eastern-canada/;"During May and June 2023 Canada witnessed exceptionally extreme fire-weather conditions, leading to extensive wildfires that burned over 13 million hectares.
Extreme wildfire conditions in Canada have been fueled by intense, spatially extensive and persistent fire-conducive weather conditions, known as fire weather, which has been observed since the beginning of May throughout the country. Canada has experienced its warmest May-June period since 1940, beating the previous record set in 1998 by a huge margin (0.8°C). At the national scale, relative humidity was also very low. The warm and dry conditions, together with continuous southeasterly winds fueled extensive fire spread in Alberta, British Columbia, central Saskatchewan and southwestern portions of the Northwest Territories.
There are at least 17 direct fatalities linked to the fires, more than 150,000 people have been evacuated, and at least 200 structures, including homes, were damaged in the fires ( AP News, 2023 ). The Canadian wildfires have severely impacted air quality locally in Canada, and in the neighbouring United States with Air Quality Index (AQI) values frequently exceeding safe levels in the midwest and northeast USA, and in some cases approaching record levels (e.g. on June 7th AQI reached 341 in New York City, considered hazardous for all residents) ( CNBC, 2023 ). Similarly, in southern Ontario, including the cities of Ottawa and Toronto, air quality reached the “very high risk” level forcing officials to cancel public events and reduce hours for outdoor public services. Schools remained closed for several days in many states, including Nova Scotia, New York, New Jersey, and Connecticut.
In this study we focus on the fires in eastern Canada , which experienced a particularly unusually active fire season in 2023 and are most directly linked with the very large-scale impacts on air quality. In order to identify the role of human-induced climate change we focus on fire-weather indices rather than on fire regime variables such as area burned, in order to identify whether and to what extent climate change altered fire-prone weather conditions.
To capture the extent and duration of the extreme fire weather across the region, we will use the cumulative daily severity rating (Figure 1). The DSR is a scaled power transformation of the Canadian Fire Weather Index (FWI), and reflects how difficult a fire is to suppress once ignition has occurred; it is commonly used for assessing fire weather on monthly or longer timescales ( Van Wagner,, 1987 ). To capture the peak intensity of the fire season, we also take the annual maximum of the 7-day moving average of the FWI. This index has been used in previous attribution studies (eg. van Oldenborgh et al., 2021 ), where it has been found to have a good correlation with the area burned.
Fire weather is one important condition driving wildfires, although changes in vegetation (wildfire fuel), ignition factors, and fire management strategies also contribute to future wildfire risk.
In today’s climate, intense fire weather like that observed in May-July 2023 is a moderately extreme event, expected to occur once every 20-25 years. This means in any given year such an event is expected with 4-5% probability.
Climate change made the cumulative severity of Québec’s 2023 fire season to the end of July around 50% more intense, and seasons of this severity at least seven times more likely to occur. Peak fire weather (FWI7x) like that experienced this year is at least twice as likely, and the intensity has increased by about 20% due to human-induced climate change.
Observed changes are typically larger than in the models.
As expected, likelihood and intensity are projected to increase further in a 2 ° C warmer world.
Changes in fire weather are associated with an increase in temperature and decrease in humidity, both of which are driven by human-induced warming; the effect was compounded in 2023 by unusually low precipitation
The extent, magnitude, and location of concomitant wildfires posed significant challenges for wildfire management which largely focused on disaster response and wildfire containment to limit the impact on lives and infrastructure.
The wildfires had disproportionate impacts on indigenous, fly-in, and other remote communities who were particularly vulnerable due to lack of services and barriers to response interventions.
The consequences from the wildfires reached far beyond the burned areas with displaced impacts due to air pollution threatening health, mobility, and economic activities of people across North America.
As fire weather risks increase, changes in fire management strategies and increased resources will be required to meet the increased challenges.
Unusual cold spells can occur even in a warming world, and cause disruption to transport, energy & food supplies.
Drought affects people in many ways, from reduced water & food supplies to increasing the risk of wildfires.
Rainfall events from a major storm or hurricane, or intense localised downpours can lead to flooding in any type of location.
Heatwaves can be particularly dangerous to humans, and occur all over the world with increasing intensity.";What Air Quality Index value was recorded in New York City on June 7, 2023?;341
31;https://www.worldweatherattribution.org/climate-change-not-el-nino-main-driver-of-exceptional-drought-in-highly-vulnerable-amazon-river-basin/;"Since mid 2023 the Amazon River Basin (ARB) has been in a state of exceptional drought, driven by low rainfall and consistently high temperatures for the entire year 2023 across the basin.
The river basin contains the largest rainforest in the world, making it a global hotspot of biodiversity and a key part of the global hydrological and carbon cycle. The river levels are reported to be at lowest levels in 120 years, threatening the estimated 30 million people living in the Amazon basin across several nations including Brazil, Peru, Colombia, Venezuela, Ecuador and Bolivia, by disrupting transportation, isolating communities and killing wildlife.
The large riverine system powers significant portions of the affected countries’ energy through hydropower, with Brazil relying on hydro power for 80% of its electricity, Colombia 79%, Venezuela 68%, Ecuador and Peru 55%, and Bolivia 32% ( USaids, 2018 ). The drought is significantly impacting dam capacities and energy output and led to power cuts in the region as early as June 2023.
Scientists from Brazil, the Netherlands, the UK and the US used published peer-reviewed methods to assess whether and to what extent the drought has been influenced by climate change as well as the occurrence of El Niño, which is known to be associated with drought in the Amazon. While the drought started earlier in the west of the basin, the whole basin has been in severe or exceptional drought for the second half of the year (Fig. 1 blue outline).
There are several ways to characterise a drought. Meteorological drought considers only low rainfall, while agricultural drought combines rainfall estimates with evapotranspiration. Increased evapotranspiration due to regional warming can play a major role in exacerbating drought impacts. In this study we assess agricultural drought as well as meteorological drought. The main variable used here to characterise agricultural drought is the Standardised Precipitation Evapotranspiration Index (SPEI) (figure 1) which uses the difference between rainfall and potential evapotranspiration to estimate the available water. The more negative the values are, the more severe the drought is classified. Meteorological drought is analysed here using an index (SPI) based on precipitation alone.
Highly vulnerable populations were disproportionately affected by the drought. Small-holder farmers, indigenous-, rural- and river communities across the region were among the most vulnerable due to high poverty rates and their high dependency on agricultural food production, availability of freshwater, and import of goods via rivers.
Exposure to drought impacts was compounded by historical land, water, and energy management practices including deforestation, destruction of vegetation, fires, biomass burning, corporate farming, cattle ranching and other socio-climate problems which have decreased the water and moisture retention capacity of the land and thus worsened drought conditions.
In datasets based on weather records the drought is exceptional, even in today’s climate, characterised as a 1 in 100 year event for the meteorological drought (SPI) and approx. a 1 in 50 year event in SPEI. While there is a strong drying trend in the meteorological drought, the trend in agricultural drought is even stronger meaning this agricultural drought would have been extremely rare in a cooler climate.
We first assess to what extent El Niño is a driver of this trend. El Niño reduced the amount of precipitation in the region by about the same amount as climate change; however, the strong drying trend was almost entirely due to increased global temperatures, so the severity of the drought currently being experienced is largely driven by climate change.
In order to assess whether and to what extent human-induced climate change was a driver of this drought we combine observations-based data products and climate models and look at the 6 month meteorological (SPI6) drought as well as agricultural drought (SPEI6). We find that the likelihood of the meteorological drought occurring has increased by a factor of 10, while the agricultural drought has become about 30 times more likely.
Using the US drought monitoring classification system, based on agricultural drought, this means that what is now classified an exceptional drought (D4), would have only been a ‘severe drought’ (D2) without the effects of climate change, caused by burning fossil fuels and deforestation.
Unless the world rapidly stops burning fossil fuels and deforestation, these events will become even more common in the future. In a world 2°C warmer than preindustrial an event like this would become even more likely by a further factor of 4 for the agricultural drought (every 10-15 years) and a further factor of 3 for the meteorological drought (every ~30 years).
While all countries in the affected region have drought management plans, the recent droughts indicate a need to reform policy and better integrate proactive support for forecasts and early warnings, drought contingency plans, sustainable water management practices and infrastructure investment to cope with future, more intense droughts.
These results highlight that despite ‘low confidence’ in IPCC projections for drought in the region, increasing water stress driven by human-induced climate change as well as other systemic factors continues to be a major threat for the population and requires urgent efforts for more effective water management strategies, interdisciplinary humanitarian response, and regional cooperation that includes farmers and other stakeholders in the planning.
Unusual cold spells can occur even in a warming world, and cause disruption to transport, energy & food supplies.
Drought affects people in many ways, from reduced water & food supplies to increasing the risk of wildfires.
Rainfall events from a major storm or hurricane, or intense localised downpours can lead to flooding in any type of location.
Heatwaves can be particularly dangerous to humans, and occur all over the world with increasing intensity.";What percentage of Brazil's electricity generation relies on hydropower?;80%
32;https://www.worldweatherattribution.org/climate-change-not-el-nino-main-driver-of-exceptional-drought-in-highly-vulnerable-amazon-river-basin/;"Since mid 2023 the Amazon River Basin (ARB) has been in a state of exceptional drought, driven by low rainfall and consistently high temperatures for the entire year 2023 across the basin.
The river basin contains the largest rainforest in the world, making it a global hotspot of biodiversity and a key part of the global hydrological and carbon cycle. The river levels are reported to be at lowest levels in 120 years, threatening the estimated 30 million people living in the Amazon basin across several nations including Brazil, Peru, Colombia, Venezuela, Ecuador and Bolivia, by disrupting transportation, isolating communities and killing wildlife.
The large riverine system powers significant portions of the affected countries’ energy through hydropower, with Brazil relying on hydro power for 80% of its electricity, Colombia 79%, Venezuela 68%, Ecuador and Peru 55%, and Bolivia 32% ( USaids, 2018 ). The drought is significantly impacting dam capacities and energy output and led to power cuts in the region as early as June 2023.
Scientists from Brazil, the Netherlands, the UK and the US used published peer-reviewed methods to assess whether and to what extent the drought has been influenced by climate change as well as the occurrence of El Niño, which is known to be associated with drought in the Amazon. While the drought started earlier in the west of the basin, the whole basin has been in severe or exceptional drought for the second half of the year (Fig. 1 blue outline).
There are several ways to characterise a drought. Meteorological drought considers only low rainfall, while agricultural drought combines rainfall estimates with evapotranspiration. Increased evapotranspiration due to regional warming can play a major role in exacerbating drought impacts. In this study we assess agricultural drought as well as meteorological drought. The main variable used here to characterise agricultural drought is the Standardised Precipitation Evapotranspiration Index (SPEI) (figure 1) which uses the difference between rainfall and potential evapotranspiration to estimate the available water. The more negative the values are, the more severe the drought is classified. Meteorological drought is analysed here using an index (SPI) based on precipitation alone.
Highly vulnerable populations were disproportionately affected by the drought. Small-holder farmers, indigenous-, rural- and river communities across the region were among the most vulnerable due to high poverty rates and their high dependency on agricultural food production, availability of freshwater, and import of goods via rivers.
Exposure to drought impacts was compounded by historical land, water, and energy management practices including deforestation, destruction of vegetation, fires, biomass burning, corporate farming, cattle ranching and other socio-climate problems which have decreased the water and moisture retention capacity of the land and thus worsened drought conditions.
In datasets based on weather records the drought is exceptional, even in today’s climate, characterised as a 1 in 100 year event for the meteorological drought (SPI) and approx. a 1 in 50 year event in SPEI. While there is a strong drying trend in the meteorological drought, the trend in agricultural drought is even stronger meaning this agricultural drought would have been extremely rare in a cooler climate.
We first assess to what extent El Niño is a driver of this trend. El Niño reduced the amount of precipitation in the region by about the same amount as climate change; however, the strong drying trend was almost entirely due to increased global temperatures, so the severity of the drought currently being experienced is largely driven by climate change.
In order to assess whether and to what extent human-induced climate change was a driver of this drought we combine observations-based data products and climate models and look at the 6 month meteorological (SPI6) drought as well as agricultural drought (SPEI6). We find that the likelihood of the meteorological drought occurring has increased by a factor of 10, while the agricultural drought has become about 30 times more likely.
Using the US drought monitoring classification system, based on agricultural drought, this means that what is now classified an exceptional drought (D4), would have only been a ‘severe drought’ (D2) without the effects of climate change, caused by burning fossil fuels and deforestation.
Unless the world rapidly stops burning fossil fuels and deforestation, these events will become even more common in the future. In a world 2°C warmer than preindustrial an event like this would become even more likely by a further factor of 4 for the agricultural drought (every 10-15 years) and a further factor of 3 for the meteorological drought (every ~30 years).
While all countries in the affected region have drought management plans, the recent droughts indicate a need to reform policy and better integrate proactive support for forecasts and early warnings, drought contingency plans, sustainable water management practices and infrastructure investment to cope with future, more intense droughts.
These results highlight that despite ‘low confidence’ in IPCC projections for drought in the region, increasing water stress driven by human-induced climate change as well as other systemic factors continues to be a major threat for the population and requires urgent efforts for more effective water management strategies, interdisciplinary humanitarian response, and regional cooperation that includes farmers and other stakeholders in the planning.
Unusual cold spells can occur even in a warming world, and cause disruption to transport, energy & food supplies.
Drought affects people in many ways, from reduced water & food supplies to increasing the risk of wildfires.
Rainfall events from a major storm or hurricane, or intense localised downpours can lead to flooding in any type of location.
Heatwaves can be particularly dangerous to humans, and occur all over the world with increasing intensity.";By how many times has agricultural drought likelihood increased due to human-induced climate change?;about 30 times
33;https://www.worldweatherattribution.org/climate-change-not-el-nino-main-driver-of-exceptional-drought-in-highly-vulnerable-amazon-river-basin/;"Since mid 2023 the Amazon River Basin (ARB) has been in a state of exceptional drought, driven by low rainfall and consistently high temperatures for the entire year 2023 across the basin.
The river basin contains the largest rainforest in the world, making it a global hotspot of biodiversity and a key part of the global hydrological and carbon cycle. The river levels are reported to be at lowest levels in 120 years, threatening the estimated 30 million people living in the Amazon basin across several nations including Brazil, Peru, Colombia, Venezuela, Ecuador and Bolivia, by disrupting transportation, isolating communities and killing wildlife.
The large riverine system powers significant portions of the affected countries’ energy through hydropower, with Brazil relying on hydro power for 80% of its electricity, Colombia 79%, Venezuela 68%, Ecuador and Peru 55%, and Bolivia 32% ( USaids, 2018 ). The drought is significantly impacting dam capacities and energy output and led to power cuts in the region as early as June 2023.
Scientists from Brazil, the Netherlands, the UK and the US used published peer-reviewed methods to assess whether and to what extent the drought has been influenced by climate change as well as the occurrence of El Niño, which is known to be associated with drought in the Amazon. While the drought started earlier in the west of the basin, the whole basin has been in severe or exceptional drought for the second half of the year (Fig. 1 blue outline).
There are several ways to characterise a drought. Meteorological drought considers only low rainfall, while agricultural drought combines rainfall estimates with evapotranspiration. Increased evapotranspiration due to regional warming can play a major role in exacerbating drought impacts. In this study we assess agricultural drought as well as meteorological drought. The main variable used here to characterise agricultural drought is the Standardised Precipitation Evapotranspiration Index (SPEI) (figure 1) which uses the difference between rainfall and potential evapotranspiration to estimate the available water. The more negative the values are, the more severe the drought is classified. Meteorological drought is analysed here using an index (SPI) based on precipitation alone.
Highly vulnerable populations were disproportionately affected by the drought. Small-holder farmers, indigenous-, rural- and river communities across the region were among the most vulnerable due to high poverty rates and their high dependency on agricultural food production, availability of freshwater, and import of goods via rivers.
Exposure to drought impacts was compounded by historical land, water, and energy management practices including deforestation, destruction of vegetation, fires, biomass burning, corporate farming, cattle ranching and other socio-climate problems which have decreased the water and moisture retention capacity of the land and thus worsened drought conditions.
In datasets based on weather records the drought is exceptional, even in today’s climate, characterised as a 1 in 100 year event for the meteorological drought (SPI) and approx. a 1 in 50 year event in SPEI. While there is a strong drying trend in the meteorological drought, the trend in agricultural drought is even stronger meaning this agricultural drought would have been extremely rare in a cooler climate.
We first assess to what extent El Niño is a driver of this trend. El Niño reduced the amount of precipitation in the region by about the same amount as climate change; however, the strong drying trend was almost entirely due to increased global temperatures, so the severity of the drought currently being experienced is largely driven by climate change.
In order to assess whether and to what extent human-induced climate change was a driver of this drought we combine observations-based data products and climate models and look at the 6 month meteorological (SPI6) drought as well as agricultural drought (SPEI6). We find that the likelihood of the meteorological drought occurring has increased by a factor of 10, while the agricultural drought has become about 30 times more likely.
Using the US drought monitoring classification system, based on agricultural drought, this means that what is now classified an exceptional drought (D4), would have only been a ‘severe drought’ (D2) without the effects of climate change, caused by burning fossil fuels and deforestation.
Unless the world rapidly stops burning fossil fuels and deforestation, these events will become even more common in the future. In a world 2°C warmer than preindustrial an event like this would become even more likely by a further factor of 4 for the agricultural drought (every 10-15 years) and a further factor of 3 for the meteorological drought (every ~30 years).
While all countries in the affected region have drought management plans, the recent droughts indicate a need to reform policy and better integrate proactive support for forecasts and early warnings, drought contingency plans, sustainable water management practices and infrastructure investment to cope with future, more intense droughts.
These results highlight that despite ‘low confidence’ in IPCC projections for drought in the region, increasing water stress driven by human-induced climate change as well as other systemic factors continues to be a major threat for the population and requires urgent efforts for more effective water management strategies, interdisciplinary humanitarian response, and regional cooperation that includes farmers and other stakeholders in the planning.
Unusual cold spells can occur even in a warming world, and cause disruption to transport, energy & food supplies.
Drought affects people in many ways, from reduced water & food supplies to increasing the risk of wildfires.
Rainfall events from a major storm or hurricane, or intense localised downpours can lead to flooding in any type of location.
Heatwaves can be particularly dangerous to humans, and occur all over the world with increasing intensity.";Which drought index combines rainfall and potential evapotranspiration to assess agricultural drought?;Standardised Precipitation Evapotranspiration Index (SPEI)
34;https://www.worldweatherattribution.org/conflict-poverty-and-water-management-issues-exposing-vulnerable-communities-in-africa-to-extreme-floods-that-are-now-common-events-because-of-climate-change/;"The rainy season from July to September 2024 was marked by extremely heavy and sometimes unprecedented rainfall in large parts of the Sahel region, leading to catastrophic flooding in Sudan in August and in Nigeria, Niger, Chad and Cameroon in September. In total more than 2000 people lost their lives and millions were displaced.
The floods in Nigeria, Niger and Cameroon are nearly identical in timing and spatial extent to the floods that hit the same region at the same time of the year in 2022. Figure 1 shows a comparison between the two years. The figure highlights two regions, the Lake Chad Basin and the Niger Basin, for which the World Weather Attribution initiative undertook an attribution study at the time ( WWA, 2022 ). The study found that due to human-caused global warming, similar events are no longer rare, and are expected to become even more frequent with further warming. That study did not include Sudan, which was severely affected this year, with unprecedented amounts of rain in both the arid and semi-arid regions of the country. Repeating an analysis on the West Africa flooding would produce extremely similar results to the 2022 study, so this study focuses on Sudan.
To assess to what extent human-induced climate change altered the likelihood and intensity of the heavy precipitation leading to the severe flooding, researchers from Sudan, Egypt, Kenya, the Netherlands, Sweden and the UK undertook an attribution study on the event in Sudan. We also highlight below findings from the 2022 study that are relevant for the entire region.
In Sudan, the impacted areas were affected by persistent rainfall that occurred between June and August. We therefore studied changes in the wettest 30-day period over the study region, comprising the most impacted parts of the Nile and Bar el Ghazal river basins, between June and August (outlined in red in Figure 2). The regions to the east of the study region, which also experienced very heavy rainfall, are mountainous and have a very different climatology to the study region and therefore were not included in this study.
The severe floods of 2024 hit an extremely vulnerable region, and have significantly deepened a complex humanitarian crisis in Sudan, straining the capabilities of aid organisations and government bodies to respond.
Similar to the findings for the Lake Chad and Niger Basin, the event in Sudan is not rare in today’s climate, which is 1.3°C warmer than it would have been at the beginning of the industrial period. An event of this magnitude is expected to occur about once every 3 years in Sudan, whereas the Lake Chad event had a return time of 10 years and the Niger event is expected on average once every 5 years.
To assess if human-induced climate change influenced the heavy rainfall in Sudan, we first determine if there is a trend in the observations. Results showed that observed 30-day rainfall intensity has increased in intensity by about 18% since 1981 over the study region.
To quantify the role of human-induced climate change we also analyse climate models over the relatively small study region. Overall, the available climate models indicate about a doubling in the likelihood of an event such as the one under study with about 10% increase in intensity. Although the uncertainty is large, the majority of the models indicate a trend toward more extreme precipitation events. Again, these results are comparable to the ones obtained in the Lake Chad and Niger Basin study, where we found similar changes for the Niger Basin, and an even larger increase due to human-induced warming for the Lake Chad Basin.
Under a future warming scenario where the global temperature is 2°C higher than pre-industrial levels, climate models suggest that even wetter 30-day periods should be expected. Given that these events are not rare today, this means they will be common occurrences, and the region needs to prepare for much heavier events than those observed in 2024. These studies highlight that there is an urgent need to drastically improve water management and reduce vulnerability to seasonal rainfall.
Ongoing conflict and fragility is acting as a risk multiplier, on top of the existing issues of poverty, rapid urbanisation, and ageing infrastructure. In particular, conflict has created a displacement crisis in the region with millions displaced in Chad, Nigeria and Sudan, living in makeshift shelters and at higher risk when extreme rainfall triggers flooding.
The transboundary nature of the river systems in sub-saharan Africa requires coordination between neighbouring countries, which has been strained and hinders comprehensive flood management and early warning systems. Only a fraction of the population are known to have been aware of early warnings in the 2022 floods, likely to be the case in the 2024 floods. In addition, many of the same regions that were impacted by the 2022 floods had not fully recovered before they were hit again by the 2024 floods.
The low return-period of the rainfall that resulted in such severe impacts underscores the chronic, deep vulnerabilities that are driving impacts. Together, these issues create a recipe for disaster, especially as even stronger rainfall events are to be expected in the future.
To reduce flood risks, rehabilitation of damaged infrastructure should prioritise climate-smart design, including incorporating resilient materials and construction techniques and limiting construction in flood-prone areas. Effective water management, including maintaining and updating vital infrastructure like Arba’at, is crucial for mitigating both flood risks but also cascading risks on health. Finally, strengthening early warning systems by improving transboundary data sharing and ensuring greater access to warning and risk information, will be essential to reduce loss of life.
Unusual cold spells can occur even in a warming world, and cause disruption to transport, energy & food supplies.
Drought affects people in many ways, from reduced water & food supplies to increasing the risk of wildfires.
Rainfall events from a major storm or hurricane, or intense localised downpours can lead to flooding in any type of location.
Heatwaves can be particularly dangerous to humans, and occur all over the world with increasing intensity.";How many deaths were recorded from floods in Sahel region in 2024?;more than 2000
35;https://www.worldweatherattribution.org/deadly-mediterranean-heatwave-would-not-have-occurred-without-human-induced-climate-change/;"Greece, Italy, Spain, Portugal, France and Morocco experienced extreme heat in July 2024, causing at least 23 fatalities, widespread wildfires and bringing public life to a hold.
July 2024 saw extreme heat in many countries bordering the Mediterranean, following very high temperatures in Eastern Europe at the start of July. The heatwave occurred after 13 months of extreme heat globally, with each of the last 13 months being the hottest ever recorded. June 2024 was also the 12th month in a row that global mean temperatures have been 1.5C above pre-industrial temperatures. World Weather Attribution published attribution studies on heatwaves impacting the Mediterranean and Europe in April and July 2023.
Attribution studies continue to show that human induced climate change is making heatwaves hotter and deadlier. In many regions, the influence of human induced climate change is so large that temperatures recorded during heatwaves would not be possible without warming caused by the burning of fossil fuels. This includes parts of the US , the Sahel , West Africa , the Philippines and other countries in East Asia as well as the Mediterranean. We assess how rare the extreme July 2024 heat in the Mediterranean and examine its impacts, focusing on observational data instead of conducting a detailed attribution study, which would likely produce similar results to previous studies. The results are contextualised with findings from our previous attribution studies in the region and global analyses .
Heatwaves are the deadliest type of extreme weather, with hundreds of thousands of people dying from heat-related causes each year. The July heatwave caused at least 21 deaths in Morocco after temperatures reached 48°C . However, it is likely there were dozens or hundreds of other heat-related deaths in the countries affected that have not been reported and the full impact of a heatwave is rarely known until months afterwards, once death certificates are collected, or scientists can analyse excess deaths. Many places lack good record-keeping of heat-related deaths, therefore global mortality figures are a significant underestimate.
In line with past climate projections and IPCC reports, extreme heat events like July 2024 in the Mediterranean are no longer rare events. Similar heatwaves affecting Greece, Italy, Spain, Portugal and Morocco are now expected to occur on average about once every 10 years in today’s climate that has been warmed by 1.3°C due to human-induced climate change.
Based on the data set ERA5, the extreme temperatures reached in July would have been virtually impossible if humans had not warmed the planet by burning fossil fuels. In addition, the 1 in 10 year extreme July heat would have been 3°C [2.5 – 3.3°C] cooler in a world without climate change.
These results are based on observational data and do not include climate models. However, the results are very similar to the studies published in 2023 that analysed heatwaves in the same region and included climate models. For both the April and e July heatwaves in 2023, we found the events would have been virtually impossible without climate change, but are not rare today. We also found the heatwaves were made 1.7-3.5 ºC hotter when compared to a pre-industrial world.
The results for the 2023 events synthesised observations and climate models. However, the models are known to systematically underestimate extreme heat in Europe ( van Oldenborgh et al., 2022 , Vautard et al., 2023 , Schumacher et al., 2024 ) meaning the real world changes due to climate change are probably closer to the changes shown in observations.
Furthermore, the previous studies use slightly different temporal and spatial definitions of heat, but the numerical results remain very similar. Given the 2024 event is very similar to the observed changes found in studies published 2023, they are a good indicator of how climate change is affecting extreme heat in the Mediterranean.
Unless the world rapidly stops burning fossil fuels, these events will become hotter, more frequent and longer-lasting.
Studies show that elite Olympic athletes who are exposed to high temperatures and are not acclimated to them may see impacts such as a decline in performance, and increase in heat-related illness, such as heat cramps and exhaustion, having implications for the Paris Olympics that are currently ongoing ( de Korte et al., 2021 , Griggs et al., 2019 ). Measures to reduce exposure, ensure adequate hydration and cooling, acclimatisation, and emergency plans can help keep athletes safe during periods of extreme heat.
Heat action plans that reduce heat-related deaths are increasingly being implemented across the region, which is encouraging. However, there remains an urgent need for an accelerated roll-out of heat action plans in light of increasing vulnerability driven by the intersecting trends of climate change, population ageing, and urbanisation. Cities are hot-spots for heat risk, so urban planning needs to focus on measures to reduce the urban heat island effect, such as increasing cooling green and blue spaces.
Unusual cold spells can occur even in a warming world, and cause disruption to transport, energy & food supplies.
Drought affects people in many ways, from reduced water & food supplies to increasing the risk of wildfires.
Rainfall events from a major storm or hurricane, or intense localised downpours can lead to flooding in any type of location.
Heatwaves can be particularly dangerous to humans, and occur all over the world with increasing intensity.";How many fatalities occurred in Morocco during July 2024 heatwave?;At least 21 deaths
36;https://www.worldweatherattribution.org/deadly-mediterranean-heatwave-would-not-have-occurred-without-human-induced-climate-change/;"Greece, Italy, Spain, Portugal, France and Morocco experienced extreme heat in July 2024, causing at least 23 fatalities, widespread wildfires and bringing public life to a hold.
July 2024 saw extreme heat in many countries bordering the Mediterranean, following very high temperatures in Eastern Europe at the start of July. The heatwave occurred after 13 months of extreme heat globally, with each of the last 13 months being the hottest ever recorded. June 2024 was also the 12th month in a row that global mean temperatures have been 1.5C above pre-industrial temperatures. World Weather Attribution published attribution studies on heatwaves impacting the Mediterranean and Europe in April and July 2023.
Attribution studies continue to show that human induced climate change is making heatwaves hotter and deadlier. In many regions, the influence of human induced climate change is so large that temperatures recorded during heatwaves would not be possible without warming caused by the burning of fossil fuels. This includes parts of the US , the Sahel , West Africa , the Philippines and other countries in East Asia as well as the Mediterranean. We assess how rare the extreme July 2024 heat in the Mediterranean and examine its impacts, focusing on observational data instead of conducting a detailed attribution study, which would likely produce similar results to previous studies. The results are contextualised with findings from our previous attribution studies in the region and global analyses .
Heatwaves are the deadliest type of extreme weather, with hundreds of thousands of people dying from heat-related causes each year. The July heatwave caused at least 21 deaths in Morocco after temperatures reached 48°C . However, it is likely there were dozens or hundreds of other heat-related deaths in the countries affected that have not been reported and the full impact of a heatwave is rarely known until months afterwards, once death certificates are collected, or scientists can analyse excess deaths. Many places lack good record-keeping of heat-related deaths, therefore global mortality figures are a significant underestimate.
In line with past climate projections and IPCC reports, extreme heat events like July 2024 in the Mediterranean are no longer rare events. Similar heatwaves affecting Greece, Italy, Spain, Portugal and Morocco are now expected to occur on average about once every 10 years in today’s climate that has been warmed by 1.3°C due to human-induced climate change.
Based on the data set ERA5, the extreme temperatures reached in July would have been virtually impossible if humans had not warmed the planet by burning fossil fuels. In addition, the 1 in 10 year extreme July heat would have been 3°C [2.5 – 3.3°C] cooler in a world without climate change.
These results are based on observational data and do not include climate models. However, the results are very similar to the studies published in 2023 that analysed heatwaves in the same region and included climate models. For both the April and e July heatwaves in 2023, we found the events would have been virtually impossible without climate change, but are not rare today. We also found the heatwaves were made 1.7-3.5 ºC hotter when compared to a pre-industrial world.
The results for the 2023 events synthesised observations and climate models. However, the models are known to systematically underestimate extreme heat in Europe ( van Oldenborgh et al., 2022 , Vautard et al., 2023 , Schumacher et al., 2024 ) meaning the real world changes due to climate change are probably closer to the changes shown in observations.
Furthermore, the previous studies use slightly different temporal and spatial definitions of heat, but the numerical results remain very similar. Given the 2024 event is very similar to the observed changes found in studies published 2023, they are a good indicator of how climate change is affecting extreme heat in the Mediterranean.
Unless the world rapidly stops burning fossil fuels, these events will become hotter, more frequent and longer-lasting.
Studies show that elite Olympic athletes who are exposed to high temperatures and are not acclimated to them may see impacts such as a decline in performance, and increase in heat-related illness, such as heat cramps and exhaustion, having implications for the Paris Olympics that are currently ongoing ( de Korte et al., 2021 , Griggs et al., 2019 ). Measures to reduce exposure, ensure adequate hydration and cooling, acclimatisation, and emergency plans can help keep athletes safe during periods of extreme heat.
Heat action plans that reduce heat-related deaths are increasingly being implemented across the region, which is encouraging. However, there remains an urgent need for an accelerated roll-out of heat action plans in light of increasing vulnerability driven by the intersecting trends of climate change, population ageing, and urbanisation. Cities are hot-spots for heat risk, so urban planning needs to focus on measures to reduce the urban heat island effect, such as increasing cooling green and blue spaces.
Unusual cold spells can occur even in a warming world, and cause disruption to transport, energy & food supplies.
Drought affects people in many ways, from reduced water & food supplies to increasing the risk of wildfires.
Rainfall events from a major storm or hurricane, or intense localised downpours can lead to flooding in any type of location.
Heatwaves can be particularly dangerous to humans, and occur all over the world with increasing intensity.";By how many degrees Celsius would July 2024 Mediterranean heat have been cooler without human-induced warming?;About 3°C cooler
37;https://www.worldweatherattribution.org/deadly-mediterranean-heatwave-would-not-have-occurred-without-human-induced-climate-change/;"Greece, Italy, Spain, Portugal, France and Morocco experienced extreme heat in July 2024, causing at least 23 fatalities, widespread wildfires and bringing public life to a hold.
July 2024 saw extreme heat in many countries bordering the Mediterranean, following very high temperatures in Eastern Europe at the start of July. The heatwave occurred after 13 months of extreme heat globally, with each of the last 13 months being the hottest ever recorded. June 2024 was also the 12th month in a row that global mean temperatures have been 1.5C above pre-industrial temperatures. World Weather Attribution published attribution studies on heatwaves impacting the Mediterranean and Europe in April and July 2023.
Attribution studies continue to show that human induced climate change is making heatwaves hotter and deadlier. In many regions, the influence of human induced climate change is so large that temperatures recorded during heatwaves would not be possible without warming caused by the burning of fossil fuels. This includes parts of the US , the Sahel , West Africa , the Philippines and other countries in East Asia as well as the Mediterranean. We assess how rare the extreme July 2024 heat in the Mediterranean and examine its impacts, focusing on observational data instead of conducting a detailed attribution study, which would likely produce similar results to previous studies. The results are contextualised with findings from our previous attribution studies in the region and global analyses .
Heatwaves are the deadliest type of extreme weather, with hundreds of thousands of people dying from heat-related causes each year. The July heatwave caused at least 21 deaths in Morocco after temperatures reached 48°C . However, it is likely there were dozens or hundreds of other heat-related deaths in the countries affected that have not been reported and the full impact of a heatwave is rarely known until months afterwards, once death certificates are collected, or scientists can analyse excess deaths. Many places lack good record-keeping of heat-related deaths, therefore global mortality figures are a significant underestimate.
In line with past climate projections and IPCC reports, extreme heat events like July 2024 in the Mediterranean are no longer rare events. Similar heatwaves affecting Greece, Italy, Spain, Portugal and Morocco are now expected to occur on average about once every 10 years in today’s climate that has been warmed by 1.3°C due to human-induced climate change.
Based on the data set ERA5, the extreme temperatures reached in July would have been virtually impossible if humans had not warmed the planet by burning fossil fuels. In addition, the 1 in 10 year extreme July heat would have been 3°C [2.5 – 3.3°C] cooler in a world without climate change.
These results are based on observational data and do not include climate models. However, the results are very similar to the studies published in 2023 that analysed heatwaves in the same region and included climate models. For both the April and e July heatwaves in 2023, we found the events would have been virtually impossible without climate change, but are not rare today. We also found the heatwaves were made 1.7-3.5 ºC hotter when compared to a pre-industrial world.
The results for the 2023 events synthesised observations and climate models. However, the models are known to systematically underestimate extreme heat in Europe ( van Oldenborgh et al., 2022 , Vautard et al., 2023 , Schumacher et al., 2024 ) meaning the real world changes due to climate change are probably closer to the changes shown in observations.
Furthermore, the previous studies use slightly different temporal and spatial definitions of heat, but the numerical results remain very similar. Given the 2024 event is very similar to the observed changes found in studies published 2023, they are a good indicator of how climate change is affecting extreme heat in the Mediterranean.
Unless the world rapidly stops burning fossil fuels, these events will become hotter, more frequent and longer-lasting.
Studies show that elite Olympic athletes who are exposed to high temperatures and are not acclimated to them may see impacts such as a decline in performance, and increase in heat-related illness, such as heat cramps and exhaustion, having implications for the Paris Olympics that are currently ongoing ( de Korte et al., 2021 , Griggs et al., 2019 ). Measures to reduce exposure, ensure adequate hydration and cooling, acclimatisation, and emergency plans can help keep athletes safe during periods of extreme heat.
Heat action plans that reduce heat-related deaths are increasingly being implemented across the region, which is encouraging. However, there remains an urgent need for an accelerated roll-out of heat action plans in light of increasing vulnerability driven by the intersecting trends of climate change, population ageing, and urbanisation. Cities are hot-spots for heat risk, so urban planning needs to focus on measures to reduce the urban heat island effect, such as increasing cooling green and blue spaces.
Unusual cold spells can occur even in a warming world, and cause disruption to transport, energy & food supplies.
Drought affects people in many ways, from reduced water & food supplies to increasing the risk of wildfires.
Rainfall events from a major storm or hurricane, or intense localised downpours can lead to flooding in any type of location.
Heatwaves can be particularly dangerous to humans, and occur all over the world with increasing intensity.";How frequently are extreme July heat events expected to occur in Mediterranean region under current climate conditions?;About once every 10 years
38;https://www.worldweatherattribution.org/despite-known-coastal-cooling-trend-risk-of-deadly-wildfires-in-central-chile-increasing-with-changing-land-management-in-a-warming-climate/;"Extreme wildfires in coastal-central Chile have been fuelled by intense and persistent fire-conducive weather conditions in the region since the beginning of the year favouring the spread of severe fires in Viña del Mar (33°S, 71°W) in early February.
During the early days of February 2024, a low-pressure system formed along the coast of central Chile, a well-known phenomenon affecting the western coast of subtropical South America, known as the coastal low.
It leads to clear skies and high temperatures as well as strong winds due to an inverted pressure gradient between an intense subtropical high extending well into midlatitudes and the coastal low farther north. These conditions are highly conducive to wildfires i.e favour spread, especially during summer when conditions are warmer and drier. On February 2, 2024, wildfires ignited in the mountainous forested areas east of, forested areas east of the city Viña del Mar and around Lake Peñuelas.
The flames rapidly advanced into densely populated city outskirts despite authorities’ efforts to curb their spread. The humanitarian impact continues to worsen, with over 29,000 hectares burnt since February 4, resulting in 132 deaths, 300 missing, 7,200 houses destroyed and 40,000 people affected.
Researchers from Chile, Brazil, Colombia, the Netherlands, Germany, Sweden and the United Kingdom collaborated to assess to what extent human-induced climate change altered the likelihood and intensity of the weather conditions at the time of the fires, and how the conditions will be affected with further warming.
Fire weather is defined by a combination of elevated temperatures, reduced humidity, minimal rainfall, and heightened winds persisting over a period. To capture the characteristics of this event, we use a fire weather index (HDWI) based on high wind speeds, high temperatures and low humidity. While not taking the build-up of fuel into account like other, more complex indices, it is an effective hazard metric for estimating threat to communities and difficulty of containment. We focussed on a coastal region affected by the wildfires that include Valparaíso and Viña del Mar.
Figure 2 shows the index values for the four days of highest fire intensity, when most impacts occurred.
There is significant interaction between extreme climate conditions and land management policies, leading to particularly devastating impacts in informal settlements.
Fire weather is one important factor that drives wildfires, although changes in vegetation (wildfire fuel), ignition factors, and fire management strategies also contribute to future wildfire risk (‘risk’ refers to the combination of hazard, exposure and vulnerability, following common usage in climate science).
To combine the different variables leading to high fire danger we compute the hot dry windy index (HDWI) that combines high temperatures, high wind speeds and low humidity. In this index, we find that the hot, dry and windy conditions that drove the wildfires of February 2024 are characterised as a 1 in 30-year event in today’s climate.
To assess the role of climate change, we combine observation-based products and climate models and assess changes in the likelihood and intensity of a 1-in-30-year 4-day event over the region of the most devastating fires (fig. 2).
We find that overall, there is a small increase in the HDWI in the observations and some models, but it is not significant. This is also true for the individual components of the index: maximum temperature, relative humidity and wind speed, none of which show a significant trend.
These results are not surprising, given the coastal location of the region which has a well established wind-driven sea surface temperature cooling.
The fires occurred in the coastal range of central Chile, right in the transition of coastal cooling and inland warming, rendering it difficult for most climate models to represent the event well. Only 5 models were able to simulate the event, and only 2 of these perform well in the model evaluation, thus results are very uncertain. Furthermore, the observation-based data are also comparably short and highly uncertain, particularly with respect to the wind component.
Nevertheless, unless the world rapidly stops burning fossil fuels, fire danger due to high HDWI will increase. Using the same limited models as above, in a world 2°C warmer than preindustrial, the trend towards higher HDWI becomes significant.
We conclude that despite the trend in HDWI not yet being significant, the risk of an increase in dangerous fire weather conditions attributable to human-induced climate change needs to be taken very seriously.
We then assess to what extent El Niño is related to dangerous fire weather conditions. We test two different indices to characterise the influence of El Niño and find that El Niño has no significant influence on the HDWI.
Across the studied area, fire risk is increasing notably due to current land management practices, such as the expansion of Wildland-Urban Interface areas (including the growth of informal settlements in forest zones) and widespread conversion from native to foreign and monoculture plantations.
The existing investments in fire prevention and adaptation measures, coupled with low-risk perception among residents in fire-prone areas, have shown limited effectiveness in adequately mitigating the fire risk.
Spared by the deadly flames, the pilot fireproofing program of Villa Botania showcases the life-saving potential of preparedness, including measures such as community-led vegetation control, embedding water points across the land, and robust emergency training.
Measures to address the significant fire risk should encompass improved spatial planning; enhanced coordination, resource allocation, and community engagement in fire prevention and adaptation; and awareness raising campaigns
Unusual cold spells can occur even in a warming world, and cause disruption to transport, energy & food supplies.
Drought affects people in many ways, from reduced water & food supplies to increasing the risk of wildfires.
Rainfall events from a major storm or hurricane, or intense localised downpours can lead to flooding in any type of location.
Heatwaves can be particularly dangerous to humans, and occur all over the world with increasing intensity.";Which index combines high temperature, high wind speed, and low humidity to assess fire danger in coastal central Chile?;Hot Dry Windy Index (HDWI)
39;https://www.worldweatherattribution.org/despite-known-coastal-cooling-trend-risk-of-deadly-wildfires-in-central-chile-increasing-with-changing-land-management-in-a-warming-climate/;"Extreme wildfires in coastal-central Chile have been fuelled by intense and persistent fire-conducive weather conditions in the region since the beginning of the year favouring the spread of severe fires in Viña del Mar (33°S, 71°W) in early February.
During the early days of February 2024, a low-pressure system formed along the coast of central Chile, a well-known phenomenon affecting the western coast of subtropical South America, known as the coastal low.
It leads to clear skies and high temperatures as well as strong winds due to an inverted pressure gradient between an intense subtropical high extending well into midlatitudes and the coastal low farther north. These conditions are highly conducive to wildfires i.e favour spread, especially during summer when conditions are warmer and drier. On February 2, 2024, wildfires ignited in the mountainous forested areas east of, forested areas east of the city Viña del Mar and around Lake Peñuelas.
The flames rapidly advanced into densely populated city outskirts despite authorities’ efforts to curb their spread. The humanitarian impact continues to worsen, with over 29,000 hectares burnt since February 4, resulting in 132 deaths, 300 missing, 7,200 houses destroyed and 40,000 people affected.
Researchers from Chile, Brazil, Colombia, the Netherlands, Germany, Sweden and the United Kingdom collaborated to assess to what extent human-induced climate change altered the likelihood and intensity of the weather conditions at the time of the fires, and how the conditions will be affected with further warming.
Fire weather is defined by a combination of elevated temperatures, reduced humidity, minimal rainfall, and heightened winds persisting over a period. To capture the characteristics of this event, we use a fire weather index (HDWI) based on high wind speeds, high temperatures and low humidity. While not taking the build-up of fuel into account like other, more complex indices, it is an effective hazard metric for estimating threat to communities and difficulty of containment. We focussed on a coastal region affected by the wildfires that include Valparaíso and Viña del Mar.
Figure 2 shows the index values for the four days of highest fire intensity, when most impacts occurred.
There is significant interaction between extreme climate conditions and land management policies, leading to particularly devastating impacts in informal settlements.
Fire weather is one important factor that drives wildfires, although changes in vegetation (wildfire fuel), ignition factors, and fire management strategies also contribute to future wildfire risk (‘risk’ refers to the combination of hazard, exposure and vulnerability, following common usage in climate science).
To combine the different variables leading to high fire danger we compute the hot dry windy index (HDWI) that combines high temperatures, high wind speeds and low humidity. In this index, we find that the hot, dry and windy conditions that drove the wildfires of February 2024 are characterised as a 1 in 30-year event in today’s climate.
To assess the role of climate change, we combine observation-based products and climate models and assess changes in the likelihood and intensity of a 1-in-30-year 4-day event over the region of the most devastating fires (fig. 2).
We find that overall, there is a small increase in the HDWI in the observations and some models, but it is not significant. This is also true for the individual components of the index: maximum temperature, relative humidity and wind speed, none of which show a significant trend.
These results are not surprising, given the coastal location of the region which has a well established wind-driven sea surface temperature cooling.
The fires occurred in the coastal range of central Chile, right in the transition of coastal cooling and inland warming, rendering it difficult for most climate models to represent the event well. Only 5 models were able to simulate the event, and only 2 of these perform well in the model evaluation, thus results are very uncertain. Furthermore, the observation-based data are also comparably short and highly uncertain, particularly with respect to the wind component.
Nevertheless, unless the world rapidly stops burning fossil fuels, fire danger due to high HDWI will increase. Using the same limited models as above, in a world 2°C warmer than preindustrial, the trend towards higher HDWI becomes significant.
We conclude that despite the trend in HDWI not yet being significant, the risk of an increase in dangerous fire weather conditions attributable to human-induced climate change needs to be taken very seriously.
We then assess to what extent El Niño is related to dangerous fire weather conditions. We test two different indices to characterise the influence of El Niño and find that El Niño has no significant influence on the HDWI.
Across the studied area, fire risk is increasing notably due to current land management practices, such as the expansion of Wildland-Urban Interface areas (including the growth of informal settlements in forest zones) and widespread conversion from native to foreign and monoculture plantations.
The existing investments in fire prevention and adaptation measures, coupled with low-risk perception among residents in fire-prone areas, have shown limited effectiveness in adequately mitigating the fire risk.
Spared by the deadly flames, the pilot fireproofing program of Villa Botania showcases the life-saving potential of preparedness, including measures such as community-led vegetation control, embedding water points across the land, and robust emergency training.
Measures to address the significant fire risk should encompass improved spatial planning; enhanced coordination, resource allocation, and community engagement in fire prevention and adaptation; and awareness raising campaigns
Unusual cold spells can occur even in a warming world, and cause disruption to transport, energy & food supplies.
Drought affects people in many ways, from reduced water & food supplies to increasing the risk of wildfires.
Rainfall events from a major storm or hurricane, or intense localised downpours can lead to flooding in any type of location.
Heatwaves can be particularly dangerous to humans, and occur all over the world with increasing intensity.";How many deaths were reported as a result of February 2024 wildfires near Viña del Mar?;132 deaths
40;https://www.worldweatherattribution.org/el-nino-key-driver-of-drought-in-highly-vulnerable-southern-african-countries/;"From January 2024, large parts of Southern Africa experienced significantly below average rainfall, with Zimbabwe, Zambia, Malawi, Angola, Mozambique and Botswana receiving less than 20 percent of the typical rainfall expected for February, with devastating consequences for the population largely depending on rainfed agriculture.
The drought also led to dramatic water shortages, particularly in Zambia and Zimbabwe, where water supply infrastructure is underdeveloped. As a consequence, the countries have been battling major outbreaks of cholera and other waterborne diseases. Additionally, the affected countries in southern Africa face increased risk of severe food insecurity between the current and the next rainy season.
Years with a positive phase of the El Niño Southern Oscillation (ENSO) have been associated with droughts in that region in the past, but impacts have not been homogenous, with some El Niño events leading to droughts while others did not. This is because other climate modes of variability such as Indian Ocean Dipole and Subtropical Indian Ocean Dipole play a critical role in the rainfall amount and distribution over the affected region.
Furthermore, human-induced climate change has been found to increase aridity in some regions in Southeastern Africa, but studies encompassing the countries affected by the 2024 drought, which has been reported to be the worst on record in parts of Zambia and Zimbabwe, are sparse and often focus on much larger regional averages.
Scientists from Zambia, Botswana, Kenya, Mozambique, South Africa, the Netherlands, Sweden, and the United Kingdom collaborated to assess to what extent the 2024 ENSO state as well as human-induced climate change altered the likelihood and intensity of the low rainfall that led to drought, as well as the increase in evaporation due to climate change, exacerbating drought severity.
We focus the analysis on the most affected countries, Zimbabwe, Botswana, Zambia and Mozambique but only the Southern parts for the last two countries to study a climatologically homogeneous region. The temporal focus is December to February (DJF), the peak of the rainy season in the region.
● Reliance on rain-fed subsistence crop production and drought-sensitive water sources result in chronic high vulnerability to rainfall anomalies, and limited coping capacity. ● Multiple drivers contributed to the currently high, and rising, food insecurity and malnutrition levels including several years with high food prices, ongoing recovery from floods, as well as agricultural pests and diseases. ● High deforestation rates are a major driver of environmental degradation across the countries, exacerbating risk and impacts associated with drought. ● Using four different observational data products we find that droughts such as this one are expected to happen in today’s climate about once every decade. However, when we consider the effect of El Niño, we find that these droughts are twice as likely to occur in El Niño years. Thus El Nino is a key driver of the 2024 event. ● To analyse the role of human-induced climate change we first looked at the relationship between global warming and rainfall anomalies in observation-based data products. We find that as global temperatures increase, rainfall in DJF also increases. This means that in the current climate, with 1.2ºC warming, droughts such as this one are actually less likely than in a cooler, pre-industrial climate. This finding is consistent with previous studies that show wetter conditions in DJF that contrast with drying in the region earlier in the season, between the months of September and November). ● To further evaluate the role of climate change in the current drought we combined the observations with climate models. The models that passed the model evaluation do not show a significant relationship between rainfall and global warming levels with increasing global temperatures. ● The analysis also indicates that with further global warming of up to 2ºC there will be no significant change in the likelihood of low rainfall in DJF as observed in the region in early 2024. ● Repeating all the analysis for the effective precipitation, taking evapotranspiration into account and only looking at water that is actually available for plants, we find very similar results. ● In summary, our analyses show that El Nino significantly increases the likelihood of such a drought to occur, while climate change did not emerge as the significant driver influencing assessed drought in the affected countries. ● As El Nino events will continue to occur in a warming climate it is important to increase resilience to droughts that will continue to occur frequently. ● Countries in the region have varying levels of development, infrastructure, and governance systems that impact their ability to respond to the drought. For example Botswana is relatively more developed than the other countries in the study and its economy and people are less reliant on rain-fed agriculture, resulting in fewer impacts. ● Maintaining robust traditional land governance systems with appropriate integration into modern frameworks appears crucial for sustainable land management and reducing drought vulnerability to southern Africa. ● Effective early warning systems, anticipatory action, and coordinated emergency response efforts are in place, and could be further strengthened by commitments for shock responsive social protection systems.
Unusual cold spells can occur even in a warming world, and cause disruption to transport, energy & food supplies.
Drought affects people in many ways, from reduced water & food supplies to increasing the risk of wildfires.
Rainfall events from a major storm or hurricane, or intense localised downpours can lead to flooding in any type of location.
Heatwaves can be particularly dangerous to humans, and occur all over the world with increasing intensity.";What percentage of typical rainfall did Zimbabwe receive in February 2024?;Less than 20 percent
41;https://www.worldweatherattribution.org/el-nino-key-driver-of-drought-in-highly-vulnerable-southern-african-countries/;"From January 2024, large parts of Southern Africa experienced significantly below average rainfall, with Zimbabwe, Zambia, Malawi, Angola, Mozambique and Botswana receiving less than 20 percent of the typical rainfall expected for February, with devastating consequences for the population largely depending on rainfed agriculture.
The drought also led to dramatic water shortages, particularly in Zambia and Zimbabwe, where water supply infrastructure is underdeveloped. As a consequence, the countries have been battling major outbreaks of cholera and other waterborne diseases. Additionally, the affected countries in southern Africa face increased risk of severe food insecurity between the current and the next rainy season.
Years with a positive phase of the El Niño Southern Oscillation (ENSO) have been associated with droughts in that region in the past, but impacts have not been homogenous, with some El Niño events leading to droughts while others did not. This is because other climate modes of variability such as Indian Ocean Dipole and Subtropical Indian Ocean Dipole play a critical role in the rainfall amount and distribution over the affected region.
Furthermore, human-induced climate change has been found to increase aridity in some regions in Southeastern Africa, but studies encompassing the countries affected by the 2024 drought, which has been reported to be the worst on record in parts of Zambia and Zimbabwe, are sparse and often focus on much larger regional averages.
Scientists from Zambia, Botswana, Kenya, Mozambique, South Africa, the Netherlands, Sweden, and the United Kingdom collaborated to assess to what extent the 2024 ENSO state as well as human-induced climate change altered the likelihood and intensity of the low rainfall that led to drought, as well as the increase in evaporation due to climate change, exacerbating drought severity.
We focus the analysis on the most affected countries, Zimbabwe, Botswana, Zambia and Mozambique but only the Southern parts for the last two countries to study a climatologically homogeneous region. The temporal focus is December to February (DJF), the peak of the rainy season in the region.
● Reliance on rain-fed subsistence crop production and drought-sensitive water sources result in chronic high vulnerability to rainfall anomalies, and limited coping capacity. ● Multiple drivers contributed to the currently high, and rising, food insecurity and malnutrition levels including several years with high food prices, ongoing recovery from floods, as well as agricultural pests and diseases. ● High deforestation rates are a major driver of environmental degradation across the countries, exacerbating risk and impacts associated with drought. ● Using four different observational data products we find that droughts such as this one are expected to happen in today’s climate about once every decade. However, when we consider the effect of El Niño, we find that these droughts are twice as likely to occur in El Niño years. Thus El Nino is a key driver of the 2024 event. ● To analyse the role of human-induced climate change we first looked at the relationship between global warming and rainfall anomalies in observation-based data products. We find that as global temperatures increase, rainfall in DJF also increases. This means that in the current climate, with 1.2ºC warming, droughts such as this one are actually less likely than in a cooler, pre-industrial climate. This finding is consistent with previous studies that show wetter conditions in DJF that contrast with drying in the region earlier in the season, between the months of September and November). ● To further evaluate the role of climate change in the current drought we combined the observations with climate models. The models that passed the model evaluation do not show a significant relationship between rainfall and global warming levels with increasing global temperatures. ● The analysis also indicates that with further global warming of up to 2ºC there will be no significant change in the likelihood of low rainfall in DJF as observed in the region in early 2024. ● Repeating all the analysis for the effective precipitation, taking evapotranspiration into account and only looking at water that is actually available for plants, we find very similar results. ● In summary, our analyses show that El Nino significantly increases the likelihood of such a drought to occur, while climate change did not emerge as the significant driver influencing assessed drought in the affected countries. ● As El Nino events will continue to occur in a warming climate it is important to increase resilience to droughts that will continue to occur frequently. ● Countries in the region have varying levels of development, infrastructure, and governance systems that impact their ability to respond to the drought. For example Botswana is relatively more developed than the other countries in the study and its economy and people are less reliant on rain-fed agriculture, resulting in fewer impacts. ● Maintaining robust traditional land governance systems with appropriate integration into modern frameworks appears crucial for sustainable land management and reducing drought vulnerability to southern Africa. ● Effective early warning systems, anticipatory action, and coordinated emergency response efforts are in place, and could be further strengthened by commitments for shock responsive social protection systems.
Unusual cold spells can occur even in a warming world, and cause disruption to transport, energy & food supplies.
Drought affects people in many ways, from reduced water & food supplies to increasing the risk of wildfires.
Rainfall events from a major storm or hurricane, or intense localised downpours can lead to flooding in any type of location.
Heatwaves can be particularly dangerous to humans, and occur all over the world with increasing intensity.";By how much does El Niño increase the likelihood of droughts like the 2024 event compared to non‑El Niño years?;Twice as likely
42;https://www.worldweatherattribution.org/ethiopia-drought-2015/;"The worst drought in decades gripped north and central Ethiopia in 2015, affecting nearly 10 million people. The resulting food scarcity meant more than eight million people in the parched country needed emergency food aid, according to the United Nations.
The dry conditions left hundreds of thousands of farmers with failed crops and weakened or dead livestock. The magnitude of the devastation to Ethiopia led the UN’s Allahoury Diallo to declare that the “drought is not just a food crisis – it is, above all, a livelihood crisis.”
The areas of north and central Ethiopia suffered their worst drought in decades in 2015, a year marked by a strong El Niño.
The drought affected nearly 10 million Ethiopians.
Scientists with World Weather Attribution used multiple methods of attribution science to look at the possible roles climate change and El Niño played in the drought.
They found that El Niño made this rare drought even drier in the Kiremt season.
No influence of climate change could be found, with the spread of possible trends ranging from drought being 40 percent less to four times more probable.
Signs of trouble began to surface early in the year. Farmers waited for the Belg rains that generally occur between February and May in the central and eastern parts of the country (Figure 1). About 10 percent of the Ethiopian population depends completely on this season to provide rainfall for crops and pastures. But in 2015, after a false start the Belg rains came a month late in northern and central Ethiopia.
What also arrived was a particularly strong El Niño, associated with the warming of equatorial waters in the Pacific Ocean. The effects of El Niño play out in different ways across the planet. In Ethiopia, El Niño can lead to drier conditions, mainly in the northwestern part of the country, affecting the rainy season known as Kiremt that occurs from June through September. In a normal year, the Kiremt rains account for 50 – 80 percent of annual rainfall. But in 2015, the Kiremt season was delayed and the rains were erratic and below average. From February through August 2015 the northern central and some eastern parts of the country received only 500 mm of rainfall, a deficit of 167 mm from the long-term average (CHIRPS). Only one-half to three-quarters of the rainfall expected was received from February through September (Singh et al. 2016).
In a world warmed by human-induced climate change, droughts are expected to become more common and more severe in some parts of the world. Is this region one of these?
Given the extreme nature of the 2015 drought in Ethiopia, we conducted an analysis to see if climate change played a role in this drought. The influence of El Niño was also analysed.
Researchers looked at the dry central to northern region of the country (Figure 1), basing the boundaries on the homogeneity of climatological rainfall and topography. They studied the more reliable data from 1960 – 2015, focusing on the months of February through September during which almost all rain falls.
To assess the extent to which the Ethiopian drought of 2015 was linked to human-induced climate conditions, the WWA team conducted independent assessments with three peer-reviewed approaches that use: (1) statistical analyses of historical observational datasets (2) data from global climate models, and (3) a large ensemble of simulations of possible weather scenarios with a global climate model. Analyzing the event using numerous methods provides a means to assess confidence in the results.
The set of global climate models contributing to this analysis are EC-Earth, weather@home and CMIP5. The coupled general circulation model EC-Earth’s analysis was run on 16 experiments 1861-2100 using CMIP5 protocol. Weather@home, an atmosphere-only general circulation model, provided weather simulations under observed climate conditions (sea-surface temperatures and sea-ice conditions) as well as simulations without human-induced climate change. CMIP5 is the multi-model ensemble prepared for the IPCC Fifth assessment report.
Two key outputs from these analyses are determining the return period of the February-September precipitation amount, and examining how the likelihood of the event has changed due to global warming. For the observational data and EC-Earth model, this is explored by fitting the precipitation data to a Gaussian distribution and allowing the Gaussian fit parameters to be a function of the low-pass filtered (smoothed) global mean surface temperature (GMST), scaling the probability distribution function (PDF) up or down with GMST to represent the climate of 1960 and 2015. For the weather@home and CMIP5 models, the return times are directly estimated in the current climate and in a counter-factual climate without human influence. The ratio of the resulting frequency of occurrence of such a drought event today compared to the past, before there was a strong human influence on the climate system, measures the extent to which climate change affected the likelihood of the event.
The observed 2015 drought was an extremely rare event that is expected to happen in the central to northeastern parts of Ethiopia only around once every few hundred years (best estimate 260 years, lowest estimate of 60 years, according to the 95% confidence interval, based on the gridded CenTrends data set extended with CHIRPS, mainly satellite data in 2015) in the current climate. The longest return periods are in the southwestern region of the study area. The return period at the station Addis Ababa however was found to be only three years (two to five years, according to the 95% confidence interval). This disparity with the gridded CenTrends dataset is due to a few possible reasons, including scarcity of station data, differing characteristics of point data versus area averaged data and small scale variability within the study area. Using the regression between El Niño (NINO3.4 index) and the precipitation series to subtract the influence of El Niño from the observational data suggests that the 2015 drought was exceptional and enhanced by El Niño. Without El Niño, the event would likely have been wetter, with results indicating a return period of 80 years (lowest estimate of 20 years, according to the 95% confidence interval) instead of the actual 260 years (lowest estimate of 60 years, according to the 95% confidence interval).
The story is more complex when it comes to the role of human-induced climate change in the 2015 extreme drought. Overall, the climate models used indicate a wide spread of results regarding the possible influence of climate change.
The EC-Earth model analysis indicates a non-significant drying trend, with a risk ratio between now and 1960 of 1.4 (0.9-1.9 according to the 95% confidence interval).
The weather@home simulations paint different pictures for the Belg and Kiremt rainy seasons.
The Belg season shows no significant change in likelihood of such drought events due to human-caused climate change nor SSTs.
During the Kiremt season, and concomitantly also for the joint season, simulations indicate that human-induced climate change did increase the frequency of such an event. For example, a once in 100 year joint-season event in the world today is simulated as a once in over 230 year event in a world without human-induced climate change. Analysis of the CMIP5 ensemble indicated a return period of the drought of about 30 years, with no difference in frequency from pre-industrial times. Overall, the trends in droughts in the models between the current and pre-industrial climate range from being a factor of 1.7 less likely to a drying trend of four times more likely. Whilst these model results are statistically compatible with gridded observations (due to the large spread of possible trends from gridded observations ranging from a factor five decrease to a factor 10 increase in likelihood), they are not compatible with each other, which implies that the differences are not only due to natural variability but also due to model spread, which has been taken into account in the final uncertainty range. As this range encompasses no change, the drought cannot be attributed to climate change.
In December 2016 the Government of Ethiopia and the United Nations (UN) jointly released a Humanitarian Response Document (HRD) calling for emergency assistance for 10.2 million people, in addition to the 7.9 million people under routine support from the national social safety net program, Productive Safety Net Programme (PSNP) (AKLDP, 2016). Beyond total precipitation deficits, both the timing and the spatial distribution of rainfall impacted livelihood activities, such as agriculture and pastoralism (Singh et al., 2016). In 2016, many parts of the central and northern Ethiopia were reported to be in IPC Phase 3 of food insecurity – the ‘acute crisis’ phase (FEWS, 2017). In the most affected areas, over 75 percent of crop production was reported lost, one million livestock were reported to have died, 1.7 million people are estimated to experience Moderate to Acute Malnutrition (MAM) and 435,000 people are estimated to experience severe acute malnutrition (SAM) (HRD, 2016). The Government of Ethiopia and the international humanitarian community mobilized to meet emergency needs, including provisions of water, sanitation and hygiene, food and nutrition.
Ethiopia is one of the fastest-growing economies in Africa, with an average economic growth rate of 10.8 percent per annum between 2003 and 2015 (World Bank 2016). In parallel, over a similar period, the number of Ethiopians living in extreme poverty dropped by 22 percentage points, reducing from 55.3 percent in 2000 to 33.5 percent in 2011. The Ethiopian government is currently implementing the second phase of its Growth and Transformation Plan in an effort to further advance these strong trends (World Bank 2016). In addition, in collaboration with longstanding development partners, the Ethiopian government has also implemented the PSNP since 2005. The PSNP uses food and cash transfers to help households overcome food deficits in order to improve overall food security. As of 2017, the program has entered its fourth phase and serves 7.997 million food insecure people each year (PSNP n.d.). During the 2015/2016 drought the PSNP program continued to provide cash transfers to clients and extended cash transfers into the Somali region. While food transfers were delayed, cash transfers was increased to fill the gap. In addition the PSNP suspended infrastructure requirements in some areas due to the drought conditions.
Despite its impacts, with the current drought estimated to be most likely a one in several hundred year event, a rarity that would place significant strains on most public services, the lower impact of this drought compared to those in 1984 and 1973 is a testament to the advances being made in improving the resilience of Ethiopians to climate shock and stresses.
El Niño enhanced the drought, making a rare event (1 in 80 years) even more rare (1 in several hundred years), according to correlations in the observations. The models and observations do not show conclusive results on the influence of climate change.
AKLDP. (2016) El Niño in Ethiopia, 2015-2016 – a real-time review of impacts and responses . USAID/Ethiopia Agriculture Knowledge, Learning, Documentation and Policy Project Contract number: 663‐13‐000006, 1-28.
FEWS NET, Crisis (IPC Phase 3) expected in parts of Oromia, SNNPR, and southern pastoral areas. FEWS NET Reports, 2017, 1-13.
Government of Ethiopia, Ethiopia Humanitarian Country Team, (2016) Ethiopia Humanitarian Requirements Document . Joint Government and Humanitarian Partners’ Document.
Singh, R., Worku, M., Bogale, S., Cullis, A., Adem, A., Irwin, B., Lim, S., Bosi, L. and Venton, C.C. (2016) Reality of resilience: perspectives of the 2015-16 drought in Ethiopia . BRACED Resilience Intel: 2016, Issue 6.
Unusual cold spells can";How many people in Ethiopia needed emergency food aid during the 2015 drought?;More than eight million
43;https://www.worldweatherattribution.org/ethiopia-drought-2015/;"The worst drought in decades gripped north and central Ethiopia in 2015, affecting nearly 10 million people. The resulting food scarcity meant more than eight million people in the parched country needed emergency food aid, according to the United Nations.
The dry conditions left hundreds of thousands of farmers with failed crops and weakened or dead livestock. The magnitude of the devastation to Ethiopia led the UN’s Allahoury Diallo to declare that the “drought is not just a food crisis – it is, above all, a livelihood crisis.”
The areas of north and central Ethiopia suffered their worst drought in decades in 2015, a year marked by a strong El Niño.
The drought affected nearly 10 million Ethiopians.
Scientists with World Weather Attribution used multiple methods of attribution science to look at the possible roles climate change and El Niño played in the drought.
They found that El Niño made this rare drought even drier in the Kiremt season.
No influence of climate change could be found, with the spread of possible trends ranging from drought being 40 percent less to four times more probable.
Signs of trouble began to surface early in the year. Farmers waited for the Belg rains that generally occur between February and May in the central and eastern parts of the country (Figure 1). About 10 percent of the Ethiopian population depends completely on this season to provide rainfall for crops and pastures. But in 2015, after a false start the Belg rains came a month late in northern and central Ethiopia.
What also arrived was a particularly strong El Niño, associated with the warming of equatorial waters in the Pacific Ocean. The effects of El Niño play out in different ways across the planet. In Ethiopia, El Niño can lead to drier conditions, mainly in the northwestern part of the country, affecting the rainy season known as Kiremt that occurs from June through September. In a normal year, the Kiremt rains account for 50 – 80 percent of annual rainfall. But in 2015, the Kiremt season was delayed and the rains were erratic and below average. From February through August 2015 the northern central and some eastern parts of the country received only 500 mm of rainfall, a deficit of 167 mm from the long-term average (CHIRPS). Only one-half to three-quarters of the rainfall expected was received from February through September (Singh et al. 2016).
In a world warmed by human-induced climate change, droughts are expected to become more common and more severe in some parts of the world. Is this region one of these?
Given the extreme nature of the 2015 drought in Ethiopia, we conducted an analysis to see if climate change played a role in this drought. The influence of El Niño was also analysed.
Researchers looked at the dry central to northern region of the country (Figure 1), basing the boundaries on the homogeneity of climatological rainfall and topography. They studied the more reliable data from 1960 – 2015, focusing on the months of February through September during which almost all rain falls.
To assess the extent to which the Ethiopian drought of 2015 was linked to human-induced climate conditions, the WWA team conducted independent assessments with three peer-reviewed approaches that use: (1) statistical analyses of historical observational datasets (2) data from global climate models, and (3) a large ensemble of simulations of possible weather scenarios with a global climate model. Analyzing the event using numerous methods provides a means to assess confidence in the results.
The set of global climate models contributing to this analysis are EC-Earth, weather@home and CMIP5. The coupled general circulation model EC-Earth’s analysis was run on 16 experiments 1861-2100 using CMIP5 protocol. Weather@home, an atmosphere-only general circulation model, provided weather simulations under observed climate conditions (sea-surface temperatures and sea-ice conditions) as well as simulations without human-induced climate change. CMIP5 is the multi-model ensemble prepared for the IPCC Fifth assessment report.
Two key outputs from these analyses are determining the return period of the February-September precipitation amount, and examining how the likelihood of the event has changed due to global warming. For the observational data and EC-Earth model, this is explored by fitting the precipitation data to a Gaussian distribution and allowing the Gaussian fit parameters to be a function of the low-pass filtered (smoothed) global mean surface temperature (GMST), scaling the probability distribution function (PDF) up or down with GMST to represent the climate of 1960 and 2015. For the weather@home and CMIP5 models, the return times are directly estimated in the current climate and in a counter-factual climate without human influence. The ratio of the resulting frequency of occurrence of such a drought event today compared to the past, before there was a strong human influence on the climate system, measures the extent to which climate change affected the likelihood of the event.
The observed 2015 drought was an extremely rare event that is expected to happen in the central to northeastern parts of Ethiopia only around once every few hundred years (best estimate 260 years, lowest estimate of 60 years, according to the 95% confidence interval, based on the gridded CenTrends data set extended with CHIRPS, mainly satellite data in 2015) in the current climate. The longest return periods are in the southwestern region of the study area. The return period at the station Addis Ababa however was found to be only three years (two to five years, according to the 95% confidence interval). This disparity with the gridded CenTrends dataset is due to a few possible reasons, including scarcity of station data, differing characteristics of point data versus area averaged data and small scale variability within the study area. Using the regression between El Niño (NINO3.4 index) and the precipitation series to subtract the influence of El Niño from the observational data suggests that the 2015 drought was exceptional and enhanced by El Niño. Without El Niño, the event would likely have been wetter, with results indicating a return period of 80 years (lowest estimate of 20 years, according to the 95% confidence interval) instead of the actual 260 years (lowest estimate of 60 years, according to the 95% confidence interval).
The story is more complex when it comes to the role of human-induced climate change in the 2015 extreme drought. Overall, the climate models used indicate a wide spread of results regarding the possible influence of climate change.
The EC-Earth model analysis indicates a non-significant drying trend, with a risk ratio between now and 1960 of 1.4 (0.9-1.9 according to the 95% confidence interval).
The weather@home simulations paint different pictures for the Belg and Kiremt rainy seasons.
The Belg season shows no significant change in likelihood of such drought events due to human-caused climate change nor SSTs.
During the Kiremt season, and concomitantly also for the joint season, simulations indicate that human-induced climate change did increase the frequency of such an event. For example, a once in 100 year joint-season event in the world today is simulated as a once in over 230 year event in a world without human-induced climate change. Analysis of the CMIP5 ensemble indicated a return period of the drought of about 30 years, with no difference in frequency from pre-industrial times. Overall, the trends in droughts in the models between the current and pre-industrial climate range from being a factor of 1.7 less likely to a drying trend of four times more likely. Whilst these model results are statistically compatible with gridded observations (due to the large spread of possible trends from gridded observations ranging from a factor five decrease to a factor 10 increase in likelihood), they are not compatible with each other, which implies that the differences are not only due to natural variability but also due to model spread, which has been taken into account in the final uncertainty range. As this range encompasses no change, the drought cannot be attributed to climate change.
In December 2016 the Government of Ethiopia and the United Nations (UN) jointly released a Humanitarian Response Document (HRD) calling for emergency assistance for 10.2 million people, in addition to the 7.9 million people under routine support from the national social safety net program, Productive Safety Net Programme (PSNP) (AKLDP, 2016). Beyond total precipitation deficits, both the timing and the spatial distribution of rainfall impacted livelihood activities, such as agriculture and pastoralism (Singh et al., 2016). In 2016, many parts of the central and northern Ethiopia were reported to be in IPC Phase 3 of food insecurity – the ‘acute crisis’ phase (FEWS, 2017). In the most affected areas, over 75 percent of crop production was reported lost, one million livestock were reported to have died, 1.7 million people are estimated to experience Moderate to Acute Malnutrition (MAM) and 435,000 people are estimated to experience severe acute malnutrition (SAM) (HRD, 2016). The Government of Ethiopia and the international humanitarian community mobilized to meet emergency needs, including provisions of water, sanitation and hygiene, food and nutrition.
Ethiopia is one of the fastest-growing economies in Africa, with an average economic growth rate of 10.8 percent per annum between 2003 and 2015 (World Bank 2016). In parallel, over a similar period, the number of Ethiopians living in extreme poverty dropped by 22 percentage points, reducing from 55.3 percent in 2000 to 33.5 percent in 2011. The Ethiopian government is currently implementing the second phase of its Growth and Transformation Plan in an effort to further advance these strong trends (World Bank 2016). In addition, in collaboration with longstanding development partners, the Ethiopian government has also implemented the PSNP since 2005. The PSNP uses food and cash transfers to help households overcome food deficits in order to improve overall food security. As of 2017, the program has entered its fourth phase and serves 7.997 million food insecure people each year (PSNP n.d.). During the 2015/2016 drought the PSNP program continued to provide cash transfers to clients and extended cash transfers into the Somali region. While food transfers were delayed, cash transfers was increased to fill the gap. In addition the PSNP suspended infrastructure requirements in some areas due to the drought conditions.
Despite its impacts, with the current drought estimated to be most likely a one in several hundred year event, a rarity that would place significant strains on most public services, the lower impact of this drought compared to those in 1984 and 1973 is a testament to the advances being made in improving the resilience of Ethiopians to climate shock and stresses.
El Niño enhanced the drought, making a rare event (1 in 80 years) even more rare (1 in several hundred years), according to correlations in the observations. The models and observations do not show conclusive results on the influence of climate change.
AKLDP. (2016) El Niño in Ethiopia, 2015-2016 – a real-time review of impacts and responses . USAID/Ethiopia Agriculture Knowledge, Learning, Documentation and Policy Project Contract number: 663‐13‐000006, 1-28.
FEWS NET, Crisis (IPC Phase 3) expected in parts of Oromia, SNNPR, and southern pastoral areas. FEWS NET Reports, 2017, 1-13.
Government of Ethiopia, Ethiopia Humanitarian Country Team, (2016) Ethiopia Humanitarian Requirements Document . Joint Government and Humanitarian Partners’ Document.
Singh, R., Worku, M., Bogale, S., Cullis, A., Adem, A., Irwin, B., Lim, S., Bosi, L. and Venton, C.C. (2016) Reality of resilience: perspectives of the 2015-16 drought in Ethiopia . BRACED Resilience Intel: 2016, Issue 6.
Unusual cold spells can";What climatic phenomenon intensified the 2015 drought in Ethiopia’s Kiremt season?;El Niño
44;https://www.worldweatherattribution.org/european-heat-june-2017/;"June 2017 was marked by high temperatures across Western Europe, with heatwaves triggering national heat-health plans and wildfires requiring evacuations in Portugal and Spain.
Record-breaking heat gripped most of Western Europe during June 2017, sending monthly mean temperatures about 3 degrees Celsius (4.8 degrees Fahrenheit) above normal (1981-2010).
Scientists with World Weather Attribution (WWA) and partners in England, France and Switzerland conducted a multi-method analysis to assess whether and to what extent human-caused climate change played a role in the heat.
These high temperatures are no longer rare in the current climate, occurring roughly every 10 to 30 years depending on the country.
The team found that climate change made the intensity and frequency of such extreme heat at least twice as likely in Belgium, at least four times as likely in France, Switzerland, the Netherlands, and central England and at least 10 times as likely in Portugal and Spain.
Heatwaves can have significant impacts on human health and wellbeing including exacerbating existing medical conditions, particularly in the elderly and very young, and increasing energy demand, which can lead to disruptive power outages. In France, the night of June 21 will go down as the hottest June night ever recorded for most of the country as the average nighttime temperature reached 26.4 degrees Celsius (79.52 degrees Fahrenheit). The average monthly June temperature in France was the second warmest on record after June 2003 in the official “heat index” series. Level three of France’s four-level heatwave plan, put in place after the devastating 2003 heat wave , was triggered for Paris as temperatures in the French capital topped 37 degrees Celsius (96.8 degrees Fahrenheit) during the week of June 19. In the Netherlands, June 2017 is likely to be the hottest June ever observed while in Switzerland, June 2017 is the second warmest since 1864 when observationsbegan . In northern areas, the minimum nighttime temperatures reached record highs of 24-25 degrees Celsius (75.2-77 degrees Fahrenheit). A level 3 warning was activated from June 20-23. In Britain the UK Met Office reported that Wednesday, June 21 was the hottest June day in more than 40 years when temperatures reached 34.5 degrees Celsius at Heathrow .
A major forest fire in Spain forced more than 1,500 people from homes, campsites, and hotels, and encroached on a UNESCO World Heritage site housing endangered species . In Portugal, a deadly forest fire killed at least 64 people, injured 204, and displaced over 500 from their homes. Triggering the EU’s Civil Protection Mechanism, France, Italy and Spain have provided firefighting planes to help get Portugal’s “ worst forest fire in more than a century ” under control. The smoke of the wildfires in Portugal were catapulted high into the atmosphere and then transported several thousands of kilometers across Europe. Smoke from the fires could be seen all the way to the Swiss Alps from the station at Jungfraujoch (3580 m).
The World Weather Attribution team in partnership with experts from other European countries conducted an event attribution study to investigate whether and to what extent human-induced climate change played a role in the high June temperatures across different countries in Western Europe.
Return periods & trends in observations
First we analyze the observed June temperature record in several Western European countries to assess whether or not there is a trend toward increasing temperature. We also compute the return periods of average monthly June temperature as observed in 2017 to assess how rare this heat event is. For two countries, Portugal and Spain, we additionally analyze the average maximum June temperatures as in these two countries not only minimum and mean temperatures but also the maxima were exceptional. The data are taken as the average of the 0.5º CRU TS 4.00 analysis 1901-2015 over all grid points within the boundaries of Portugal (without the Azores and Madeira), Spain (without the Canary Islands), France (without overseas territories but including Corsica) and Belgium. This was extended to June 25 using E-OBS v15.0 to Dec 2016, the monthly updates to May 2017 and the daily updates for 1–26 June 2017, with a bias correction to CRU TS computed from the overlap period 1950–2015. The data for June 27–30 were taken from the ECMWF analysis (27) and forecasts (28–30) with a bias correction to the daily E-OBS analysis starting 1979 using ERA-interim .
For Switzerland we used the Swissmean 1.0 series (1854–now) based on homogenized station data. The Netherlands were represented by the Central Netherlands Temperature v1.1 (1906–now). As this does not include the coastal areas, we restricted the model analyses to the box 51.5–52.5 ºN, 4.5–6.5 ºE. The same holds for England, where we used the Central England Temperature and the box 51–54 ºN, 0–3 ºW to represent the temperature series in models. As the variability of the CET is much larger before 1900 ( King et al, 2015 ) we start our analyses in that year. All these series were extended to June 2017 using E-OBS for June 1–26 and ECMWF forecasts for June 27–30 as discussed above (for the CNT these are for the underlying stations rather than a box).
Based on these series we expect the mean temperature of June 2017 to be the highest one in the series in Portugal, Spain, France and the Central Netherlands. Note the Météo France “heat index” series based on 30 non-public stations gives a second place, after 2003. In Switzerland it is expected to be the second-highest since observations began in 1864, after 2003. Based on the CRU TS data, in Belgium it will be about the fifth warmest. The Central England June temperature will likely end up as the fourth highest June value since 1900.
We analyzed the observational data by fitting all June temperature observations to a distribution that shifts proportional to the smoothed global mean temperature. This method assumes that global warming is the main factor affecting local temperatures on the 100-yr time scale. This assumption is correct almost everywhere over land, which is dominated by the day-to-day variations of the weather. Natural variability with time scales of more than a century has a very small amplitude over land ( Suckling 2016 ). It also assumes that climate change is linear, i.e., that all temperatures go up the same amount. This is not the case in areas where soil moisture depletion is important ( Seneviratne 2010 ) and this assumption is checked in regional climate scenarios provided by the CORDEX initiative. For the distribution we take a Normal distribution, which fits the monthly mean data well. This reduces the fit to a simple linear regression. All fits exclude the year being studied, June 2017. The fits are shown in Figure 2 as a function of the global mean temperature with the linear fit, and as a function of the return period for the climates of 1901 (blue) and 2017 (red).
The probability in the climate of 1901 requires an extrapolation of several orders of magnitude in probability in the southern countries. This extrapolation depends very strongly on the distribution that is assumed, the uncertainty of this assumption is not included in the margins quoted. The model results below with more data points show that the tail of the distribution is likely thinner than a Normal distribution, which implies that the fits here may well underestimate the Risk Ratio, i.e. the change in the likelihood of the event occurring due to climate change.
The results for the observed temperature in 2017 and return periods (including 95% Confidence Intervals, CI) of this value in the current climate are shown in Tables 1 and 2. The return periods are not very high, around 10 years (10% chance per year) in the northern countries and Switzerland to around 20 years (5% chance per year) in France, Spain and Portugal. This means that we can expect another hot June like this before too long. The maximum temperature averaged over Spain was more exceptional, around 80 years, almost certainly more than 30 years (less than 3% chance every year).
Table 1. Observer/forecast value and return period of June 2017
* The CRU TS 4.00 / E-OBS v15.0+ / ECMWF series gives the highest value, the Météo France “heat index” series based on 30 non-public stations the second-highest.
The fit also allows us to compare the probability in the climate around 1901 (i.e., with a global mean temperature as observed around 1901) with the climate of today. We emphasise again that this extrapolation is very uncertain in the southern countries and may well lead to an underestimation of the Risk Ratio.
Table 2. Risk Ratios estimated from observed trends.
Furthermore, the Risk Ratio estimates have large uncertainties due to the relatively small number of data points (for most countries 116). However, they are always (much) larger than one, showing that the probability of observing a temperature as high as in 2017 or higher has increased, in many regions strongly, over the past century.
The next step in our analysis is to assess whether and to what extent external drivers, in particular anthropogenic climate change, caused this positive June temperature trend in the observational data. Answering this question requires the use of climate models, in which the relative impact of various external “forcings” such as changes in solar insolation, volcanoes, and greenhouse gas concentrations can be quantified. We need to use climate models because the observational record can assess correlation (is there a trend?) but not causation (what caused the trend?).
For this analysis we looked at five different climate models and modelling initiatives respectively (weather@home, HadGEM3-A, EC-Earth 2.3, CMIP5 and CORDEX). CMIP5, the “5th Coupled Model Intercomparison Project” (Taylor et al. 2012), is a collection of coordinated experiments from climate models run at centers across the world and is used in the IPCC Fifth Assessment Report. The EC-Earth 2.3 model, which also forms part of the CMIP5 ensemble, was run 16 times at KNMI. The CORDEX ensemble of Regional Climate Model (RCM) runs downscales CMIP5 runs from 1950-2100 to much higher resolutions over Europe (11km). 11 bias-adjusted ensemble members of the European CORDEX branch EURO-CORDEX ( www.euro-cordex.net ) are used in this analysis. Two further ensembles of atmosphere-only models are used: the UK Met Office HadGEM3-A model at N219 (60km) and the very large ensemble of Oxford’s weather@home runs of HadRM3P simulations at (50km). These models are all run with and without (the “counterfactual”) human-caused emissions of greenhouse gases and aerosols, allowing us to isolate and quantify the influence of human-induced climate change on the likelihood of June warm spells within the climate models.
Using the distributed computing framework known as weather@home (Massey et al. 2015) , we simulate two different large ensembles of June 2017 using the Met Office Hadley Centre regional climate model HadRM3P at 50km resolution over Europe embedded in the atmosphere-only global circulation model HadAM3P. The first set of ensembles represents possible June weather under current climate conditions. This ensemble is called the “all forcings” scenario and includes human-caused climate change. The second set of ensembles represents possible June weather in a world as it might have been without anthropogenic climate drivers. This ensemble is called the “natural” or “counterfactual” scenario.
As weather@home is an atmosphere-only modelling framework, observed sea surface temperatures (SSTs) are necessary to drive the model. SSTs for the “natural” simulations are obtained by subtracting various estimates of the difference between pre-industrial and present-day conditions from CMIP5 (Schaller et al., 2014) . As observed SSTs are not yet available at the time of writing, the model is forced using season";What was the average nighttime temperature recorded in France on the night of June 21, 2017?;26.4 degrees Celsius
45;https://www.worldweatherattribution.org/european-heat-june-2017/;"June 2017 was marked by high temperatures across Western Europe, with heatwaves triggering national heat-health plans and wildfires requiring evacuations in Portugal and Spain.
Record-breaking heat gripped most of Western Europe during June 2017, sending monthly mean temperatures about 3 degrees Celsius (4.8 degrees Fahrenheit) above normal (1981-2010).
Scientists with World Weather Attribution (WWA) and partners in England, France and Switzerland conducted a multi-method analysis to assess whether and to what extent human-caused climate change played a role in the heat.
These high temperatures are no longer rare in the current climate, occurring roughly every 10 to 30 years depending on the country.
The team found that climate change made the intensity and frequency of such extreme heat at least twice as likely in Belgium, at least four times as likely in France, Switzerland, the Netherlands, and central England and at least 10 times as likely in Portugal and Spain.
Heatwaves can have significant impacts on human health and wellbeing including exacerbating existing medical conditions, particularly in the elderly and very young, and increasing energy demand, which can lead to disruptive power outages. In France, the night of June 21 will go down as the hottest June night ever recorded for most of the country as the average nighttime temperature reached 26.4 degrees Celsius (79.52 degrees Fahrenheit). The average monthly June temperature in France was the second warmest on record after June 2003 in the official “heat index” series. Level three of France’s four-level heatwave plan, put in place after the devastating 2003 heat wave , was triggered for Paris as temperatures in the French capital topped 37 degrees Celsius (96.8 degrees Fahrenheit) during the week of June 19. In the Netherlands, June 2017 is likely to be the hottest June ever observed while in Switzerland, June 2017 is the second warmest since 1864 when observationsbegan . In northern areas, the minimum nighttime temperatures reached record highs of 24-25 degrees Celsius (75.2-77 degrees Fahrenheit). A level 3 warning was activated from June 20-23. In Britain the UK Met Office reported that Wednesday, June 21 was the hottest June day in more than 40 years when temperatures reached 34.5 degrees Celsius at Heathrow .
A major forest fire in Spain forced more than 1,500 people from homes, campsites, and hotels, and encroached on a UNESCO World Heritage site housing endangered species . In Portugal, a deadly forest fire killed at least 64 people, injured 204, and displaced over 500 from their homes. Triggering the EU’s Civil Protection Mechanism, France, Italy and Spain have provided firefighting planes to help get Portugal’s “ worst forest fire in more than a century ” under control. The smoke of the wildfires in Portugal were catapulted high into the atmosphere and then transported several thousands of kilometers across Europe. Smoke from the fires could be seen all the way to the Swiss Alps from the station at Jungfraujoch (3580 m).
The World Weather Attribution team in partnership with experts from other European countries conducted an event attribution study to investigate whether and to what extent human-induced climate change played a role in the high June temperatures across different countries in Western Europe.
Return periods & trends in observations
First we analyze the observed June temperature record in several Western European countries to assess whether or not there is a trend toward increasing temperature. We also compute the return periods of average monthly June temperature as observed in 2017 to assess how rare this heat event is. For two countries, Portugal and Spain, we additionally analyze the average maximum June temperatures as in these two countries not only minimum and mean temperatures but also the maxima were exceptional. The data are taken as the average of the 0.5º CRU TS 4.00 analysis 1901-2015 over all grid points within the boundaries of Portugal (without the Azores and Madeira), Spain (without the Canary Islands), France (without overseas territories but including Corsica) and Belgium. This was extended to June 25 using E-OBS v15.0 to Dec 2016, the monthly updates to May 2017 and the daily updates for 1–26 June 2017, with a bias correction to CRU TS computed from the overlap period 1950–2015. The data for June 27–30 were taken from the ECMWF analysis (27) and forecasts (28–30) with a bias correction to the daily E-OBS analysis starting 1979 using ERA-interim .
For Switzerland we used the Swissmean 1.0 series (1854–now) based on homogenized station data. The Netherlands were represented by the Central Netherlands Temperature v1.1 (1906–now). As this does not include the coastal areas, we restricted the model analyses to the box 51.5–52.5 ºN, 4.5–6.5 ºE. The same holds for England, where we used the Central England Temperature and the box 51–54 ºN, 0–3 ºW to represent the temperature series in models. As the variability of the CET is much larger before 1900 ( King et al, 2015 ) we start our analyses in that year. All these series were extended to June 2017 using E-OBS for June 1–26 and ECMWF forecasts for June 27–30 as discussed above (for the CNT these are for the underlying stations rather than a box).
Based on these series we expect the mean temperature of June 2017 to be the highest one in the series in Portugal, Spain, France and the Central Netherlands. Note the Météo France “heat index” series based on 30 non-public stations gives a second place, after 2003. In Switzerland it is expected to be the second-highest since observations began in 1864, after 2003. Based on the CRU TS data, in Belgium it will be about the fifth warmest. The Central England June temperature will likely end up as the fourth highest June value since 1900.
We analyzed the observational data by fitting all June temperature observations to a distribution that shifts proportional to the smoothed global mean temperature. This method assumes that global warming is the main factor affecting local temperatures on the 100-yr time scale. This assumption is correct almost everywhere over land, which is dominated by the day-to-day variations of the weather. Natural variability with time scales of more than a century has a very small amplitude over land ( Suckling 2016 ). It also assumes that climate change is linear, i.e., that all temperatures go up the same amount. This is not the case in areas where soil moisture depletion is important ( Seneviratne 2010 ) and this assumption is checked in regional climate scenarios provided by the CORDEX initiative. For the distribution we take a Normal distribution, which fits the monthly mean data well. This reduces the fit to a simple linear regression. All fits exclude the year being studied, June 2017. The fits are shown in Figure 2 as a function of the global mean temperature with the linear fit, and as a function of the return period for the climates of 1901 (blue) and 2017 (red).
The probability in the climate of 1901 requires an extrapolation of several orders of magnitude in probability in the southern countries. This extrapolation depends very strongly on the distribution that is assumed, the uncertainty of this assumption is not included in the margins quoted. The model results below with more data points show that the tail of the distribution is likely thinner than a Normal distribution, which implies that the fits here may well underestimate the Risk Ratio, i.e. the change in the likelihood of the event occurring due to climate change.
The results for the observed temperature in 2017 and return periods (including 95% Confidence Intervals, CI) of this value in the current climate are shown in Tables 1 and 2. The return periods are not very high, around 10 years (10% chance per year) in the northern countries and Switzerland to around 20 years (5% chance per year) in France, Spain and Portugal. This means that we can expect another hot June like this before too long. The maximum temperature averaged over Spain was more exceptional, around 80 years, almost certainly more than 30 years (less than 3% chance every year).
Table 1. Observer/forecast value and return period of June 2017
* The CRU TS 4.00 / E-OBS v15.0+ / ECMWF series gives the highest value, the Météo France “heat index” series based on 30 non-public stations the second-highest.
The fit also allows us to compare the probability in the climate around 1901 (i.e., with a global mean temperature as observed around 1901) with the climate of today. We emphasise again that this extrapolation is very uncertain in the southern countries and may well lead to an underestimation of the Risk Ratio.
Table 2. Risk Ratios estimated from observed trends.
Furthermore, the Risk Ratio estimates have large uncertainties due to the relatively small number of data points (for most countries 116). However, they are always (much) larger than one, showing that the probability of observing a temperature as high as in 2017 or higher has increased, in many regions strongly, over the past century.
The next step in our analysis is to assess whether and to what extent external drivers, in particular anthropogenic climate change, caused this positive June temperature trend in the observational data. Answering this question requires the use of climate models, in which the relative impact of various external “forcings” such as changes in solar insolation, volcanoes, and greenhouse gas concentrations can be quantified. We need to use climate models because the observational record can assess correlation (is there a trend?) but not causation (what caused the trend?).
For this analysis we looked at five different climate models and modelling initiatives respectively (weather@home, HadGEM3-A, EC-Earth 2.3, CMIP5 and CORDEX). CMIP5, the “5th Coupled Model Intercomparison Project” (Taylor et al. 2012), is a collection of coordinated experiments from climate models run at centers across the world and is used in the IPCC Fifth Assessment Report. The EC-Earth 2.3 model, which also forms part of the CMIP5 ensemble, was run 16 times at KNMI. The CORDEX ensemble of Regional Climate Model (RCM) runs downscales CMIP5 runs from 1950-2100 to much higher resolutions over Europe (11km). 11 bias-adjusted ensemble members of the European CORDEX branch EURO-CORDEX ( www.euro-cordex.net ) are used in this analysis. Two further ensembles of atmosphere-only models are used: the UK Met Office HadGEM3-A model at N219 (60km) and the very large ensemble of Oxford’s weather@home runs of HadRM3P simulations at (50km). These models are all run with and without (the “counterfactual”) human-caused emissions of greenhouse gases and aerosols, allowing us to isolate and quantify the influence of human-induced climate change on the likelihood of June warm spells within the climate models.
Using the distributed computing framework known as weather@home (Massey et al. 2015) , we simulate two different large ensembles of June 2017 using the Met Office Hadley Centre regional climate model HadRM3P at 50km resolution over Europe embedded in the atmosphere-only global circulation model HadAM3P. The first set of ensembles represents possible June weather under current climate conditions. This ensemble is called the “all forcings” scenario and includes human-caused climate change. The second set of ensembles represents possible June weather in a world as it might have been without anthropogenic climate drivers. This ensemble is called the “natural” or “counterfactual” scenario.
As weather@home is an atmosphere-only modelling framework, observed sea surface temperatures (SSTs) are necessary to drive the model. SSTs for the “natural” simulations are obtained by subtracting various estimates of the difference between pre-industrial and present-day conditions from CMIP5 (Schaller et al., 2014) . As observed SSTs are not yet available at the time of writing, the model is forced using season";How many times more likely did climate change make extreme heat events in Portugal and Spain during June 2017 compared to a climate without human influence?;At least ten times
46;https://www.worldweatherattribution.org/european-heat-june-2017/;"June 2017 was marked by high temperatures across Western Europe, with heatwaves triggering national heat-health plans and wildfires requiring evacuations in Portugal and Spain.
Record-breaking heat gripped most of Western Europe during June 2017, sending monthly mean temperatures about 3 degrees Celsius (4.8 degrees Fahrenheit) above normal (1981-2010).
Scientists with World Weather Attribution (WWA) and partners in England, France and Switzerland conducted a multi-method analysis to assess whether and to what extent human-caused climate change played a role in the heat.
These high temperatures are no longer rare in the current climate, occurring roughly every 10 to 30 years depending on the country.
The team found that climate change made the intensity and frequency of such extreme heat at least twice as likely in Belgium, at least four times as likely in France, Switzerland, the Netherlands, and central England and at least 10 times as likely in Portugal and Spain.
Heatwaves can have significant impacts on human health and wellbeing including exacerbating existing medical conditions, particularly in the elderly and very young, and increasing energy demand, which can lead to disruptive power outages. In France, the night of June 21 will go down as the hottest June night ever recorded for most of the country as the average nighttime temperature reached 26.4 degrees Celsius (79.52 degrees Fahrenheit). The average monthly June temperature in France was the second warmest on record after June 2003 in the official “heat index” series. Level three of France’s four-level heatwave plan, put in place after the devastating 2003 heat wave , was triggered for Paris as temperatures in the French capital topped 37 degrees Celsius (96.8 degrees Fahrenheit) during the week of June 19. In the Netherlands, June 2017 is likely to be the hottest June ever observed while in Switzerland, June 2017 is the second warmest since 1864 when observationsbegan . In northern areas, the minimum nighttime temperatures reached record highs of 24-25 degrees Celsius (75.2-77 degrees Fahrenheit). A level 3 warning was activated from June 20-23. In Britain the UK Met Office reported that Wednesday, June 21 was the hottest June day in more than 40 years when temperatures reached 34.5 degrees Celsius at Heathrow .
A major forest fire in Spain forced more than 1,500 people from homes, campsites, and hotels, and encroached on a UNESCO World Heritage site housing endangered species . In Portugal, a deadly forest fire killed at least 64 people, injured 204, and displaced over 500 from their homes. Triggering the EU’s Civil Protection Mechanism, France, Italy and Spain have provided firefighting planes to help get Portugal’s “ worst forest fire in more than a century ” under control. The smoke of the wildfires in Portugal were catapulted high into the atmosphere and then transported several thousands of kilometers across Europe. Smoke from the fires could be seen all the way to the Swiss Alps from the station at Jungfraujoch (3580 m).
The World Weather Attribution team in partnership with experts from other European countries conducted an event attribution study to investigate whether and to what extent human-induced climate change played a role in the high June temperatures across different countries in Western Europe.
Return periods & trends in observations
First we analyze the observed June temperature record in several Western European countries to assess whether or not there is a trend toward increasing temperature. We also compute the return periods of average monthly June temperature as observed in 2017 to assess how rare this heat event is. For two countries, Portugal and Spain, we additionally analyze the average maximum June temperatures as in these two countries not only minimum and mean temperatures but also the maxima were exceptional. The data are taken as the average of the 0.5º CRU TS 4.00 analysis 1901-2015 over all grid points within the boundaries of Portugal (without the Azores and Madeira), Spain (without the Canary Islands), France (without overseas territories but including Corsica) and Belgium. This was extended to June 25 using E-OBS v15.0 to Dec 2016, the monthly updates to May 2017 and the daily updates for 1–26 June 2017, with a bias correction to CRU TS computed from the overlap period 1950–2015. The data for June 27–30 were taken from the ECMWF analysis (27) and forecasts (28–30) with a bias correction to the daily E-OBS analysis starting 1979 using ERA-interim .
For Switzerland we used the Swissmean 1.0 series (1854–now) based on homogenized station data. The Netherlands were represented by the Central Netherlands Temperature v1.1 (1906–now). As this does not include the coastal areas, we restricted the model analyses to the box 51.5–52.5 ºN, 4.5–6.5 ºE. The same holds for England, where we used the Central England Temperature and the box 51–54 ºN, 0–3 ºW to represent the temperature series in models. As the variability of the CET is much larger before 1900 ( King et al, 2015 ) we start our analyses in that year. All these series were extended to June 2017 using E-OBS for June 1–26 and ECMWF forecasts for June 27–30 as discussed above (for the CNT these are for the underlying stations rather than a box).
Based on these series we expect the mean temperature of June 2017 to be the highest one in the series in Portugal, Spain, France and the Central Netherlands. Note the Météo France “heat index” series based on 30 non-public stations gives a second place, after 2003. In Switzerland it is expected to be the second-highest since observations began in 1864, after 2003. Based on the CRU TS data, in Belgium it will be about the fifth warmest. The Central England June temperature will likely end up as the fourth highest June value since 1900.
We analyzed the observational data by fitting all June temperature observations to a distribution that shifts proportional to the smoothed global mean temperature. This method assumes that global warming is the main factor affecting local temperatures on the 100-yr time scale. This assumption is correct almost everywhere over land, which is dominated by the day-to-day variations of the weather. Natural variability with time scales of more than a century has a very small amplitude over land ( Suckling 2016 ). It also assumes that climate change is linear, i.e., that all temperatures go up the same amount. This is not the case in areas where soil moisture depletion is important ( Seneviratne 2010 ) and this assumption is checked in regional climate scenarios provided by the CORDEX initiative. For the distribution we take a Normal distribution, which fits the monthly mean data well. This reduces the fit to a simple linear regression. All fits exclude the year being studied, June 2017. The fits are shown in Figure 2 as a function of the global mean temperature with the linear fit, and as a function of the return period for the climates of 1901 (blue) and 2017 (red).
The probability in the climate of 1901 requires an extrapolation of several orders of magnitude in probability in the southern countries. This extrapolation depends very strongly on the distribution that is assumed, the uncertainty of this assumption is not included in the margins quoted. The model results below with more data points show that the tail of the distribution is likely thinner than a Normal distribution, which implies that the fits here may well underestimate the Risk Ratio, i.e. the change in the likelihood of the event occurring due to climate change.
The results for the observed temperature in 2017 and return periods (including 95% Confidence Intervals, CI) of this value in the current climate are shown in Tables 1 and 2. The return periods are not very high, around 10 years (10% chance per year) in the northern countries and Switzerland to around 20 years (5% chance per year) in France, Spain and Portugal. This means that we can expect another hot June like this before too long. The maximum temperature averaged over Spain was more exceptional, around 80 years, almost certainly more than 30 years (less than 3% chance every year).
Table 1. Observer/forecast value and return period of June 2017
* The CRU TS 4.00 / E-OBS v15.0+ / ECMWF series gives the highest value, the Météo France “heat index” series based on 30 non-public stations the second-highest.
The fit also allows us to compare the probability in the climate around 1901 (i.e., with a global mean temperature as observed around 1901) with the climate of today. We emphasise again that this extrapolation is very uncertain in the southern countries and may well lead to an underestimation of the Risk Ratio.
Table 2. Risk Ratios estimated from observed trends.
Furthermore, the Risk Ratio estimates have large uncertainties due to the relatively small number of data points (for most countries 116). However, they are always (much) larger than one, showing that the probability of observing a temperature as high as in 2017 or higher has increased, in many regions strongly, over the past century.
The next step in our analysis is to assess whether and to what extent external drivers, in particular anthropogenic climate change, caused this positive June temperature trend in the observational data. Answering this question requires the use of climate models, in which the relative impact of various external “forcings” such as changes in solar insolation, volcanoes, and greenhouse gas concentrations can be quantified. We need to use climate models because the observational record can assess correlation (is there a trend?) but not causation (what caused the trend?).
For this analysis we looked at five different climate models and modelling initiatives respectively (weather@home, HadGEM3-A, EC-Earth 2.3, CMIP5 and CORDEX). CMIP5, the “5th Coupled Model Intercomparison Project” (Taylor et al. 2012), is a collection of coordinated experiments from climate models run at centers across the world and is used in the IPCC Fifth Assessment Report. The EC-Earth 2.3 model, which also forms part of the CMIP5 ensemble, was run 16 times at KNMI. The CORDEX ensemble of Regional Climate Model (RCM) runs downscales CMIP5 runs from 1950-2100 to much higher resolutions over Europe (11km). 11 bias-adjusted ensemble members of the European CORDEX branch EURO-CORDEX ( www.euro-cordex.net ) are used in this analysis. Two further ensembles of atmosphere-only models are used: the UK Met Office HadGEM3-A model at N219 (60km) and the very large ensemble of Oxford’s weather@home runs of HadRM3P simulations at (50km). These models are all run with and without (the “counterfactual”) human-caused emissions of greenhouse gases and aerosols, allowing us to isolate and quantify the influence of human-induced climate change on the likelihood of June warm spells within the climate models.
Using the distributed computing framework known as weather@home (Massey et al. 2015) , we simulate two different large ensembles of June 2017 using the Met Office Hadley Centre regional climate model HadRM3P at 50km resolution over Europe embedded in the atmosphere-only global circulation model HadAM3P. The first set of ensembles represents possible June weather under current climate conditions. This ensemble is called the “all forcings” scenario and includes human-caused climate change. The second set of ensembles represents possible June weather in a world as it might have been without anthropogenic climate drivers. This ensemble is called the “natural” or “counterfactual” scenario.
As weather@home is an atmosphere-only modelling framework, observed sea surface temperatures (SSTs) are necessary to drive the model. SSTs for the “natural” simulations are obtained by subtracting various estimates of the difference between pre-industrial and present-day conditions from CMIP5 (Schaller et al., 2014) . As observed SSTs are not yet available at the time of writing, the model is forced using season";How many people were displaced from homes by the deadly forest fire in Portugal in June 2017?;Over 500
47;https://www.worldweatherattribution.org/european-rainstorms-may-2016/;"Torrential rainfall ravaged parts of central and northeastern France and southern Germany, forcing the evacuation of thousands — some in kayaks and canoes.
The River Seine burst its banks as waters reached their highest levels in over 30 years. In Bavaria, floodwaters surged so fast they crushed houses and cars, forcing some residents to scramble to safety on their rooftops. The floods closed the famed Louvre museum, left tens of thousands without power, and is reported to have killed at least 18 people in Germany, France, Romania, and Belgium. Damages are estimated at over a billion Euros in France alone. The extreme nature of this event left many asking whether climate change may have played a role.
The heavy rains that would eventually result in historic flooding began on May 26th when a large cut-off low spurred the development of several slow moving low pressure disturbances. Fueled by warm and humid air from the south, this caused clusters of heavy thunderstorms (Mesoscale Convective System) in Germany and very heavy large scale rainfall combined with showers on an almost-stationary convergence zone over France. Climatologically, spring is a bit drier than the rest of the year in this part of the world as it has a less pronounced westerly circulation but considerable effective evaporation. In southern Germany the peak in extreme precipitation is usually in July, while May, June and August are also prone to severe weather.
In Germany, where the effects were felt first on the 27th and 28th of May in the form of widespread severe thunderstorms, vast amounts of rain were dumped on a rather small area (due to very slow storm motion) — a classic recipe for flash floods, as witnessed later that day in Braunsbach (Baden-Württemberg) on the 29th. The majority of the rain fell in just a few hours. Gundelsheim (also Baden-Württemberg) reported 122 mm (4.8 inches) between 6am on May 29th and 6am the next day (Figure 1). The storms clustered into a Mesoscale Convective System and moved slowly north causing more flooding during that day.
The same low pressure system would become the dominant synoptic force in the days that followed, with the impacts being felt over France and north up to the southern Netherlands. Moist air was transported all the way around the low pressure system, fueling torrential rains that lasted for several days and affected large portions of Northern France. The low pressure system only started to weaken on May 31st and with that the torrential rains ceased. While the event took on different forms over France and Germany, the effects were similarly devastating.
Flooding began first on smaller rivers including the Yvette and Loing — south of Paris (Figure 1). The Loing River, a tributary of the Seine, rose to levels not seen since 1982 but still short of the catastrophic January 1910 Paris floods when the Seine reached 8.0 meters (26.2 feet). The Seine – which runs directly through the heart of Paris – peaked at 6.1 meters (20 feet ) above its normal height during the night of June 3rd — a 34-year high. Farther south, in the heart of the Loire basin, tributaries of the Loire River, including the Retreve and the Sauldre Rivers, reached 50-year highs between May 31st and June 1st, flooding highways and the historic 16th-century Chambord castle. The timing of this flood was quite unusual as virtually all previous floods along the Seine and Loire River basins have occurred during winter (as opposed to spring) due to buildup of excess water over several months during the winter. Only two instances in the historical record — July 1659 and June 1856 — show flooding in months other than December, January, February or March. Clearly, this event appears to be a combination of a very wet month of May in general, coupled with very high 3-day rainfall totals in particular. Managing resulting flood risk is particularly challenging at this time of year because many reservoirs are already close to full to prepare for a typically dry summer season.
This year’s May rainfall amounts were exceptional at some stations in France (see Figure 2). The Paris-Montsouris station, recording 179 mm (7 inches), received roughly 3 months worth of rain in one month. The previous record of 133 mm (5.2 inches) was set in 1992. Orleans saw 181 mm (7.1 inches), also about 3 months of precipitation in one month. The old record was 148 mm (5.8 inches) set back in 1985.
Finally, it should be noted that this wasn’t the end of the severe weather period over Europe. Beyond what is the subject of our analysis here, flooding occurred in other parts of Germany (including another flash flood on June 2 in Bavaria), Austria and Belgium in the first few days of June. Reports of injuries due to lightning strikes during a music festival (Rock am Ring) and two tornado events in Germany complete the picture of a record-breaking severe weather period over Europe.
To assess the potential link between the heavy rainfall in France and Germany and human-caused greenhouse gases in the atmosphere, Climate Central, the Royal Netherlands Meteorological Institute (KNMI) and the University of Oxford – as part of the World Weather Attribution (WWA)partnership which also includes Red Cross Red Crescent Climate Centre and University of Melbourne – conducted independent assessments using multiple peer-reviewed approaches. These approaches involve statistical analyses of the historical temperature record, the trend in a global climate models, regional climate models, and the results of thousands of simulations of possible weather with a regional climate model. Applying multiple methods provides scientists with a means to assess confidence in the results.
Specifically, the team looked at trends in 3-day basin averaged precipitation in France and 1-day area-maximum precipitation in southern Germany – the hardest hit region stretching from roughly 8º-51ºN and 7º-13ºE. Figure 2a shows the highest 3-day rainfall which occurred from May 29th to the 31st. This quantity represents the meteorological variable that best captures the flooding event in France. As part of our analysis, we analyzed both the Seine and the Loire river basins (See Figure 1). Figure 2b shows the highest 1-day rain amounts of the year 2016 up to June 5th, with the highest precipitation amounts in southeast Germany. While these definitions capture many important aspects of the heavy rainfall that caused these historic floods, other factors that aren’t represented in this rapid attribution study clearly contributed as well.
The team used both observational data (E-OBS gridded observations and NOAA CPC gridded observations in France and station data from the ECA&D dataset in Germany) and climate models (HadGEM3-A N216 60km, Weather@Home 50km HadRM3P, RACMO2 12km, CORDEX 12km). By comparing trends from around 1960 to 2016, or comparing the current with a “counterfactual” climate (a climate without human-caused greenhouse gas emissions), the team was able to characterize the changing nature of heavy rainfall risk in these two regions.
Overall, the probability of 3-day extreme rainfall in this season has increased by at least 40 percent in France, with the best estimate of about 80 percent on the Seine and about 90 percent on the Loire. All four climate model ensembles that simulated the statistical properties of the extremes are in good overall agreement. Results for Germany were inconclusive.
Based on these different approaches — all of which are in agreement — the team found that global warming increased the likelihood of the heavy rains associated with the May 29 – 31 event in both the Seine and the Loire River basins.
We find that the 3-day precipitation in the Seine basin was very rare in April–June, with a return time of roughly one in hundreds of years. The event was less rare on the Loire, with a return time of roughly 1 in every 50 years.
By comparing recent 3-day precipitation extremes in April-June with the historical record and climate model simulations, the team found that an event like this now expected to occur roughly 80 percent more often due to climate change than it was in the past for the Seine River Basin. For the Loire River Basin 3-day precipitation extremes in April-June, the team found that an event like this is now expected roughly 90 percent more often due to climate change than it was in the past. In both cases, the increases are at least 40 percent.
At a given location the return times for 1-day precipitation as heavy as the highest observed is 1 in 3000 years. This translates to once roughly every 20 years somewhere in southern Germany.
The observed trend of heavy 1-day precipitation in southern Germany is significantly negative whereas the one model that has the correct distribution simulates a significant positive trend. Therefore the results for this region are inconclusive and no attribution statement can be made at this time.
Unusual cold spells can occur even in a warming world, and cause disruption to transport, energy & food supplies.
Drought affects people in many ways, from reduced water & food supplies to increasing the risk of wildfires.
Rainfall events from a major storm or hurricane, or intense localised downpours can lead to flooding in any type of location.
Heatwaves can be particularly dangerous to humans, and occur all over the world with increasing intensity.";What was the peak water level of the Seine River during the night of June 3rd?;6.1 meters
48;https://www.worldweatherattribution.org/european-rainstorms-may-2016/;"Torrential rainfall ravaged parts of central and northeastern France and southern Germany, forcing the evacuation of thousands — some in kayaks and canoes.
The River Seine burst its banks as waters reached their highest levels in over 30 years. In Bavaria, floodwaters surged so fast they crushed houses and cars, forcing some residents to scramble to safety on their rooftops. The floods closed the famed Louvre museum, left tens of thousands without power, and is reported to have killed at least 18 people in Germany, France, Romania, and Belgium. Damages are estimated at over a billion Euros in France alone. The extreme nature of this event left many asking whether climate change may have played a role.
The heavy rains that would eventually result in historic flooding began on May 26th when a large cut-off low spurred the development of several slow moving low pressure disturbances. Fueled by warm and humid air from the south, this caused clusters of heavy thunderstorms (Mesoscale Convective System) in Germany and very heavy large scale rainfall combined with showers on an almost-stationary convergence zone over France. Climatologically, spring is a bit drier than the rest of the year in this part of the world as it has a less pronounced westerly circulation but considerable effective evaporation. In southern Germany the peak in extreme precipitation is usually in July, while May, June and August are also prone to severe weather.
In Germany, where the effects were felt first on the 27th and 28th of May in the form of widespread severe thunderstorms, vast amounts of rain were dumped on a rather small area (due to very slow storm motion) — a classic recipe for flash floods, as witnessed later that day in Braunsbach (Baden-Württemberg) on the 29th. The majority of the rain fell in just a few hours. Gundelsheim (also Baden-Württemberg) reported 122 mm (4.8 inches) between 6am on May 29th and 6am the next day (Figure 1). The storms clustered into a Mesoscale Convective System and moved slowly north causing more flooding during that day.
The same low pressure system would become the dominant synoptic force in the days that followed, with the impacts being felt over France and north up to the southern Netherlands. Moist air was transported all the way around the low pressure system, fueling torrential rains that lasted for several days and affected large portions of Northern France. The low pressure system only started to weaken on May 31st and with that the torrential rains ceased. While the event took on different forms over France and Germany, the effects were similarly devastating.
Flooding began first on smaller rivers including the Yvette and Loing — south of Paris (Figure 1). The Loing River, a tributary of the Seine, rose to levels not seen since 1982 but still short of the catastrophic January 1910 Paris floods when the Seine reached 8.0 meters (26.2 feet). The Seine – which runs directly through the heart of Paris – peaked at 6.1 meters (20 feet ) above its normal height during the night of June 3rd — a 34-year high. Farther south, in the heart of the Loire basin, tributaries of the Loire River, including the Retreve and the Sauldre Rivers, reached 50-year highs between May 31st and June 1st, flooding highways and the historic 16th-century Chambord castle. The timing of this flood was quite unusual as virtually all previous floods along the Seine and Loire River basins have occurred during winter (as opposed to spring) due to buildup of excess water over several months during the winter. Only two instances in the historical record — July 1659 and June 1856 — show flooding in months other than December, January, February or March. Clearly, this event appears to be a combination of a very wet month of May in general, coupled with very high 3-day rainfall totals in particular. Managing resulting flood risk is particularly challenging at this time of year because many reservoirs are already close to full to prepare for a typically dry summer season.
This year’s May rainfall amounts were exceptional at some stations in France (see Figure 2). The Paris-Montsouris station, recording 179 mm (7 inches), received roughly 3 months worth of rain in one month. The previous record of 133 mm (5.2 inches) was set in 1992. Orleans saw 181 mm (7.1 inches), also about 3 months of precipitation in one month. The old record was 148 mm (5.8 inches) set back in 1985.
Finally, it should be noted that this wasn’t the end of the severe weather period over Europe. Beyond what is the subject of our analysis here, flooding occurred in other parts of Germany (including another flash flood on June 2 in Bavaria), Austria and Belgium in the first few days of June. Reports of injuries due to lightning strikes during a music festival (Rock am Ring) and two tornado events in Germany complete the picture of a record-breaking severe weather period over Europe.
To assess the potential link between the heavy rainfall in France and Germany and human-caused greenhouse gases in the atmosphere, Climate Central, the Royal Netherlands Meteorological Institute (KNMI) and the University of Oxford – as part of the World Weather Attribution (WWA)partnership which also includes Red Cross Red Crescent Climate Centre and University of Melbourne – conducted independent assessments using multiple peer-reviewed approaches. These approaches involve statistical analyses of the historical temperature record, the trend in a global climate models, regional climate models, and the results of thousands of simulations of possible weather with a regional climate model. Applying multiple methods provides scientists with a means to assess confidence in the results.
Specifically, the team looked at trends in 3-day basin averaged precipitation in France and 1-day area-maximum precipitation in southern Germany – the hardest hit region stretching from roughly 8º-51ºN and 7º-13ºE. Figure 2a shows the highest 3-day rainfall which occurred from May 29th to the 31st. This quantity represents the meteorological variable that best captures the flooding event in France. As part of our analysis, we analyzed both the Seine and the Loire river basins (See Figure 1). Figure 2b shows the highest 1-day rain amounts of the year 2016 up to June 5th, with the highest precipitation amounts in southeast Germany. While these definitions capture many important aspects of the heavy rainfall that caused these historic floods, other factors that aren’t represented in this rapid attribution study clearly contributed as well.
The team used both observational data (E-OBS gridded observations and NOAA CPC gridded observations in France and station data from the ECA&D dataset in Germany) and climate models (HadGEM3-A N216 60km, Weather@Home 50km HadRM3P, RACMO2 12km, CORDEX 12km). By comparing trends from around 1960 to 2016, or comparing the current with a “counterfactual” climate (a climate without human-caused greenhouse gas emissions), the team was able to characterize the changing nature of heavy rainfall risk in these two regions.
Overall, the probability of 3-day extreme rainfall in this season has increased by at least 40 percent in France, with the best estimate of about 80 percent on the Seine and about 90 percent on the Loire. All four climate model ensembles that simulated the statistical properties of the extremes are in good overall agreement. Results for Germany were inconclusive.
Based on these different approaches — all of which are in agreement — the team found that global warming increased the likelihood of the heavy rains associated with the May 29 – 31 event in both the Seine and the Loire River basins.
We find that the 3-day precipitation in the Seine basin was very rare in April–June, with a return time of roughly one in hundreds of years. The event was less rare on the Loire, with a return time of roughly 1 in every 50 years.
By comparing recent 3-day precipitation extremes in April-June with the historical record and climate model simulations, the team found that an event like this now expected to occur roughly 80 percent more often due to climate change than it was in the past for the Seine River Basin. For the Loire River Basin 3-day precipitation extremes in April-June, the team found that an event like this is now expected roughly 90 percent more often due to climate change than it was in the past. In both cases, the increases are at least 40 percent.
At a given location the return times for 1-day precipitation as heavy as the highest observed is 1 in 3000 years. This translates to once roughly every 20 years somewhere in southern Germany.
The observed trend of heavy 1-day precipitation in southern Germany is significantly negative whereas the one model that has the correct distribution simulates a significant positive trend. Therefore the results for this region are inconclusive and no attribution statement can be made at this time.
Unusual cold spells can occur even in a warming world, and cause disruption to transport, energy & food supplies.
Drought affects people in many ways, from reduced water & food supplies to increasing the risk of wildfires.
Rainfall events from a major storm or hurricane, or intense localised downpours can lead to flooding in any type of location.
Heatwaves can be particularly dangerous to humans, and occur all over the world with increasing intensity.";How much rain did the Paris-Montsouris station record in May 2023?;179 mm
49;https://www.worldweatherattribution.org/european-rainstorms-may-2016/;"Torrential rainfall ravaged parts of central and northeastern France and southern Germany, forcing the evacuation of thousands — some in kayaks and canoes.
The River Seine burst its banks as waters reached their highest levels in over 30 years. In Bavaria, floodwaters surged so fast they crushed houses and cars, forcing some residents to scramble to safety on their rooftops. The floods closed the famed Louvre museum, left tens of thousands without power, and is reported to have killed at least 18 people in Germany, France, Romania, and Belgium. Damages are estimated at over a billion Euros in France alone. The extreme nature of this event left many asking whether climate change may have played a role.
The heavy rains that would eventually result in historic flooding began on May 26th when a large cut-off low spurred the development of several slow moving low pressure disturbances. Fueled by warm and humid air from the south, this caused clusters of heavy thunderstorms (Mesoscale Convective System) in Germany and very heavy large scale rainfall combined with showers on an almost-stationary convergence zone over France. Climatologically, spring is a bit drier than the rest of the year in this part of the world as it has a less pronounced westerly circulation but considerable effective evaporation. In southern Germany the peak in extreme precipitation is usually in July, while May, June and August are also prone to severe weather.
In Germany, where the effects were felt first on the 27th and 28th of May in the form of widespread severe thunderstorms, vast amounts of rain were dumped on a rather small area (due to very slow storm motion) — a classic recipe for flash floods, as witnessed later that day in Braunsbach (Baden-Württemberg) on the 29th. The majority of the rain fell in just a few hours. Gundelsheim (also Baden-Württemberg) reported 122 mm (4.8 inches) between 6am on May 29th and 6am the next day (Figure 1). The storms clustered into a Mesoscale Convective System and moved slowly north causing more flooding during that day.
The same low pressure system would become the dominant synoptic force in the days that followed, with the impacts being felt over France and north up to the southern Netherlands. Moist air was transported all the way around the low pressure system, fueling torrential rains that lasted for several days and affected large portions of Northern France. The low pressure system only started to weaken on May 31st and with that the torrential rains ceased. While the event took on different forms over France and Germany, the effects were similarly devastating.
Flooding began first on smaller rivers including the Yvette and Loing — south of Paris (Figure 1). The Loing River, a tributary of the Seine, rose to levels not seen since 1982 but still short of the catastrophic January 1910 Paris floods when the Seine reached 8.0 meters (26.2 feet). The Seine – which runs directly through the heart of Paris – peaked at 6.1 meters (20 feet ) above its normal height during the night of June 3rd — a 34-year high. Farther south, in the heart of the Loire basin, tributaries of the Loire River, including the Retreve and the Sauldre Rivers, reached 50-year highs between May 31st and June 1st, flooding highways and the historic 16th-century Chambord castle. The timing of this flood was quite unusual as virtually all previous floods along the Seine and Loire River basins have occurred during winter (as opposed to spring) due to buildup of excess water over several months during the winter. Only two instances in the historical record — July 1659 and June 1856 — show flooding in months other than December, January, February or March. Clearly, this event appears to be a combination of a very wet month of May in general, coupled with very high 3-day rainfall totals in particular. Managing resulting flood risk is particularly challenging at this time of year because many reservoirs are already close to full to prepare for a typically dry summer season.
This year’s May rainfall amounts were exceptional at some stations in France (see Figure 2). The Paris-Montsouris station, recording 179 mm (7 inches), received roughly 3 months worth of rain in one month. The previous record of 133 mm (5.2 inches) was set in 1992. Orleans saw 181 mm (7.1 inches), also about 3 months of precipitation in one month. The old record was 148 mm (5.8 inches) set back in 1985.
Finally, it should be noted that this wasn’t the end of the severe weather period over Europe. Beyond what is the subject of our analysis here, flooding occurred in other parts of Germany (including another flash flood on June 2 in Bavaria), Austria and Belgium in the first few days of June. Reports of injuries due to lightning strikes during a music festival (Rock am Ring) and two tornado events in Germany complete the picture of a record-breaking severe weather period over Europe.
To assess the potential link between the heavy rainfall in France and Germany and human-caused greenhouse gases in the atmosphere, Climate Central, the Royal Netherlands Meteorological Institute (KNMI) and the University of Oxford – as part of the World Weather Attribution (WWA)partnership which also includes Red Cross Red Crescent Climate Centre and University of Melbourne – conducted independent assessments using multiple peer-reviewed approaches. These approaches involve statistical analyses of the historical temperature record, the trend in a global climate models, regional climate models, and the results of thousands of simulations of possible weather with a regional climate model. Applying multiple methods provides scientists with a means to assess confidence in the results.
Specifically, the team looked at trends in 3-day basin averaged precipitation in France and 1-day area-maximum precipitation in southern Germany – the hardest hit region stretching from roughly 8º-51ºN and 7º-13ºE. Figure 2a shows the highest 3-day rainfall which occurred from May 29th to the 31st. This quantity represents the meteorological variable that best captures the flooding event in France. As part of our analysis, we analyzed both the Seine and the Loire river basins (See Figure 1). Figure 2b shows the highest 1-day rain amounts of the year 2016 up to June 5th, with the highest precipitation amounts in southeast Germany. While these definitions capture many important aspects of the heavy rainfall that caused these historic floods, other factors that aren’t represented in this rapid attribution study clearly contributed as well.
The team used both observational data (E-OBS gridded observations and NOAA CPC gridded observations in France and station data from the ECA&D dataset in Germany) and climate models (HadGEM3-A N216 60km, Weather@Home 50km HadRM3P, RACMO2 12km, CORDEX 12km). By comparing trends from around 1960 to 2016, or comparing the current with a “counterfactual” climate (a climate without human-caused greenhouse gas emissions), the team was able to characterize the changing nature of heavy rainfall risk in these two regions.
Overall, the probability of 3-day extreme rainfall in this season has increased by at least 40 percent in France, with the best estimate of about 80 percent on the Seine and about 90 percent on the Loire. All four climate model ensembles that simulated the statistical properties of the extremes are in good overall agreement. Results for Germany were inconclusive.
Based on these different approaches — all of which are in agreement — the team found that global warming increased the likelihood of the heavy rains associated with the May 29 – 31 event in both the Seine and the Loire River basins.
We find that the 3-day precipitation in the Seine basin was very rare in April–June, with a return time of roughly one in hundreds of years. The event was less rare on the Loire, with a return time of roughly 1 in every 50 years.
By comparing recent 3-day precipitation extremes in April-June with the historical record and climate model simulations, the team found that an event like this now expected to occur roughly 80 percent more often due to climate change than it was in the past for the Seine River Basin. For the Loire River Basin 3-day precipitation extremes in April-June, the team found that an event like this is now expected roughly 90 percent more often due to climate change than it was in the past. In both cases, the increases are at least 40 percent.
At a given location the return times for 1-day precipitation as heavy as the highest observed is 1 in 3000 years. This translates to once roughly every 20 years somewhere in southern Germany.
The observed trend of heavy 1-day precipitation in southern Germany is significantly negative whereas the one model that has the correct distribution simulates a significant positive trend. Therefore the results for this region are inconclusive and no attribution statement can be made at this time.
Unusual cold spells can occur even in a warming world, and cause disruption to transport, energy & food supplies.
Drought affects people in many ways, from reduced water & food supplies to increasing the risk of wildfires.
Rainfall events from a major storm or hurricane, or intense localised downpours can lead to flooding in any type of location.
Heatwaves can be particularly dangerous to humans, and occur all over the world with increasing intensity.";By approximately what percentage did climate change increase the likelihood of a three‑day extreme rainfall event in the Seine River basin?;80 percent
50;https://www.worldweatherattribution.org/extreme-heat-australia-february-2017/;"New South Wales, southeastern Australia, its hottest summer on record in 2017. Temperature records across the central and the eastern parts of Australia were broken, leading the Australian Bureau of Meteorology to issue a Special Climate Statement on the exceptional heat.
For example, January 2017 saw the highest monthly mean temperatures on record for the cities of Sydney and Brisbane, and the highest daytime temperatures on record for Canberra. Overall, Australia experienced its 12th hottest summer on record.
There were three distinct heatwaves in southeast Australia during January and February, with the highest temperatures recorded from February 9th to the 12th. For much of the country, the heat peaked on the weekend of February 11th and 12th, when many places hit upwards of 113°F (45°C). The 2016-2017 heatwaves broke long-standing records in central New South Wales that were originally set back in January of 1939 (Figure 2).
The WWA team and colleagues from the University of New South Wales conducted a rapid attribution analysis to see how climate change factored into the exceptionally warm summer (December to February) of 2016-2017. The team also looked at the hottest three-day average February temperatures in Canberra and Sydney.
Regional level: New South Wales
The New South Wales record hot summer can be linked directly to climate change. Two different methods were used to reach this conclusion. First, drawing from a previously published analysis using coupled model simulations, we see that average summer temperatures like those seen during 2016-2017 are now at least 50 times more likely in the current climate than in the past, before global warming began. The team also performed an analysis based on the observational series from ACORN-SAT. This approach is similar to previous analyses used for record heat in the Arctic in 2016 and Central England in 2014. Comparing the likelihood of this record in the climate of today compared with the climate of around 1910 (before global warming had a big impact on our climate system and when reliable observations are available), the team again found at least a 50-fold increase in the likelihood of this hot summer.
The team then looked at the maximum summer temperature for New South Wales (see graphic below). Based on climate model simulations (weather@home and CMIP5) and observational data analysis (ACORN-SAT), maximum summer temperatures like those seen during 2016-2017 are now at least 10 times more likely in the current climate than in the past, before global warming began. In the past, a summer as hot as 2016-2017 was a roughly 1 in 500-year event. Today, climate change has increased the odds to roughly 1 in 50 years — a 10-fold increase in frequency. In the future, a summer as hot as this past summer in New South Wales is likely to happen roughly once every five years. In addition, climate change has increased the intensity of an exceptionally hot summer like this by roughly 1ºC (1.8°F). In the future, the intensity increases by roughly 2°C (3.6°F).
Local level: Canberra and Sydney heatwaves
The team also looked at the local scale to see if a climate change role could be measured in the heat waves that hit Canberra (population ~380,000) and Sydney (population ~4.9 million). Climate has much larger variability at the city level compared to a big area like New South Wales. This can make it more difficult to see the influence of climate change within the overall noise of the weather system.
In Canberra, temperatures hit 96.8oF (36°C) on February 9th and 104oF (40oC) on both February 10th and 11th. Using the weather@home model and ACORN-SAT observations, we analyzed three-day average maximum temperature. Both the observational data and the climate model simulations show that climate change increased the likelihood of the kind of extreme three-day heat observed in Canberra. The weather@home results point to at least a 50 percent increase in the chance of a heatwave like that.
For Sydney, a coastal city, the effect of climate change on this heat wave is less clear. Observations show that climate change increased the chance of such a heat wave occurring, but the high year-to-year variability makes identifying a clear human influence more difficult.
The heat seen this past summer across parts of Australia is still rare in our current climate. However, if greenhouse gas emissions are not dramatically reduced, intense summer heat will become the norm in the future.
Unusual cold spells can occur even in a warming world, and cause disruption to transport, energy & food supplies.
Drought affects people in many ways, from reduced water & food supplies to increasing the risk of wildfires.
Rainfall events from a major storm or hurricane, or intense localised downpours can lead to flooding in any type of location.
Heatwaves can be particularly dangerous to humans, and occur all over the world with increasing intensity.";Which year had the hottest summer in New South Wales?;2017
51;https://www.worldweatherattribution.org/extreme-heat-in-north-america-europe-and-china-in-july-2023-made-much-more-likely-by-climate-change/;"Following a record hot June, large areas of the US and Mexico, Southern Europe and China experienced extreme heat in July 2023, breaking many local high temperature records.
July 2023 saw extreme heatwaves in several parts of the Northern Hemisphere, including the Southwest of the US and Mexico, Southern Europe and China. Temperatures exceeded 50C on the 16th of July in Death Valley in the US as well as in Northwest China ( CNN,2023 ). Records were also reached in many other weather stations in China and the all-China heat record was broken in Sanbao on the 16th of July. In Europe, the hottest ever day in Catalunya was recorded and highest-ever records of daily minimum temperature were broken in other parts of Spain . In the US, parts of Nevada , Colorado and New Mexico tied their all time high, parts of Arizona , Cayman Islands , highest ever night time temperatures in Phoenix Arizona which also had its record for longest time without falling below 90F/32.2C.
Several heat deaths have been confirmed in the US, including migrants on the US Mexican border. In Mexico alone over 200 people died due to the heat. Spain, Italy, Greece, Cyprus, Algeria, and China also reported heat deaths, as well as a large increase in hospitalisation due to heat related illnesses. Large parts of the population in Italy and Spain and over 100 million people in Southern US are under heat alerts. In all three regions, demand for power spiked and negatively impacted a number of important crops, including olive oil in Spain and cotton in China.
Scientists from the World Weather Attribution initiative collaborated to assess to what extent human-induced climate change altered the likelihood and intensity of the extreme July heat in these three regions.
Using published peer-reviewed methods , we analysed how human-induced climate change altered the likelihood and intensity of 1) 18-day average maximum temperatures over the most affected regions in western US, Texas and northern Mexico (fig 1, top). 2) 7-day average maximum temperatures over land in the rectangular box(5W-25E, 36-45N) covering the most affected region (fig1, middle). 3) 14-day average maximum temperatures over the lowlands of China, again covering the most affected region (fig 1, bottom).
Heatwaves are amongst the deadliest natural hazards with thousands of people dying from heat-related causes each year. However, the full impact of a heatwave is rarely known until weeks or months afterwards, once death certificates are collected, or scientists can analyse excess deaths. Many places lack good record-keeping of heat-related deaths, therefore currently available global mortality figures are likely an underestimate.
In line with what has been expected from past climate projections and IPCC reports these events are not rare anymore today. North America, Europe and China have experienced heatwaves increasingly frequently over the last years as a result of warming caused by human activities, hence the current heat waves are not rare in today’s climate with an event like the currently expected approximately once every 15 years in the US/Mexico region, once every 10 years in Southern Europe, and once in 5 years for China.
Without human induced climate change these heat events would however have been extremely rare. In China it would have been about a 1 in 250 year event while maximum heat like in July 2023 would have been virtually impossible to occur in the US/Mexico region and Southern Europe if humans had not warmed the planet by burning fossil fuels.
In all the regions a heatwave of the same likelihood as the one observed today would have been significantly cooler in a world without climate change. Similar to previous studies we found that the heatwaves defined above are 2.5 °C warmer in Southern Europe, 2 °C warmer in North America and about 1 °C in China in today’s climate than they would have been if it was not for human-induced climate change.
Unless the world rapidly stops burning fossil fuels, these events will become even more common and the world will experience heatwaves that are even hotter and longer-lasting. A heatwave like the recent ones would occur every 2-5 years in a world that is 2 °C warmer than the preindustrial climate.
Heat action plans are increasingly being implemented across all three regions and there is evidence that they lead to reduced heat-related mortality. Furthermore, cities that have urban planning for extreme heat tend to be cooler and reduce the urban heat island effect. There is an urgent need for an accelerated roll-out of heat action plans in light of increasing vulnerability driven by the intersecting trends of climate change, population ageing, and urbanisation.
Unusual cold spells can occur even in a warming world, and cause disruption to transport, energy & food supplies.
Drought affects people in many ways, from reduced water & food supplies to increasing the risk of wildfires.
Rainfall events from a major storm or hurricane, or intense localised downpours can lead to flooding in any type of location.
Heatwaves can be particularly dangerous to humans, and occur all over the world with increasing intensity.";What temperature was recorded in Death Valley on July 16, 2023?;Over 50 °C
52;https://www.worldweatherattribution.org/extreme-heat-in-north-america-europe-and-china-in-july-2023-made-much-more-likely-by-climate-change/;"Following a record hot June, large areas of the US and Mexico, Southern Europe and China experienced extreme heat in July 2023, breaking many local high temperature records.
July 2023 saw extreme heatwaves in several parts of the Northern Hemisphere, including the Southwest of the US and Mexico, Southern Europe and China. Temperatures exceeded 50C on the 16th of July in Death Valley in the US as well as in Northwest China ( CNN,2023 ). Records were also reached in many other weather stations in China and the all-China heat record was broken in Sanbao on the 16th of July. In Europe, the hottest ever day in Catalunya was recorded and highest-ever records of daily minimum temperature were broken in other parts of Spain . In the US, parts of Nevada , Colorado and New Mexico tied their all time high, parts of Arizona , Cayman Islands , highest ever night time temperatures in Phoenix Arizona which also had its record for longest time without falling below 90F/32.2C.
Several heat deaths have been confirmed in the US, including migrants on the US Mexican border. In Mexico alone over 200 people died due to the heat. Spain, Italy, Greece, Cyprus, Algeria, and China also reported heat deaths, as well as a large increase in hospitalisation due to heat related illnesses. Large parts of the population in Italy and Spain and over 100 million people in Southern US are under heat alerts. In all three regions, demand for power spiked and negatively impacted a number of important crops, including olive oil in Spain and cotton in China.
Scientists from the World Weather Attribution initiative collaborated to assess to what extent human-induced climate change altered the likelihood and intensity of the extreme July heat in these three regions.
Using published peer-reviewed methods , we analysed how human-induced climate change altered the likelihood and intensity of 1) 18-day average maximum temperatures over the most affected regions in western US, Texas and northern Mexico (fig 1, top). 2) 7-day average maximum temperatures over land in the rectangular box(5W-25E, 36-45N) covering the most affected region (fig1, middle). 3) 14-day average maximum temperatures over the lowlands of China, again covering the most affected region (fig 1, bottom).
Heatwaves are amongst the deadliest natural hazards with thousands of people dying from heat-related causes each year. However, the full impact of a heatwave is rarely known until weeks or months afterwards, once death certificates are collected, or scientists can analyse excess deaths. Many places lack good record-keeping of heat-related deaths, therefore currently available global mortality figures are likely an underestimate.
In line with what has been expected from past climate projections and IPCC reports these events are not rare anymore today. North America, Europe and China have experienced heatwaves increasingly frequently over the last years as a result of warming caused by human activities, hence the current heat waves are not rare in today’s climate with an event like the currently expected approximately once every 15 years in the US/Mexico region, once every 10 years in Southern Europe, and once in 5 years for China.
Without human induced climate change these heat events would however have been extremely rare. In China it would have been about a 1 in 250 year event while maximum heat like in July 2023 would have been virtually impossible to occur in the US/Mexico region and Southern Europe if humans had not warmed the planet by burning fossil fuels.
In all the regions a heatwave of the same likelihood as the one observed today would have been significantly cooler in a world without climate change. Similar to previous studies we found that the heatwaves defined above are 2.5 °C warmer in Southern Europe, 2 °C warmer in North America and about 1 °C in China in today’s climate than they would have been if it was not for human-induced climate change.
Unless the world rapidly stops burning fossil fuels, these events will become even more common and the world will experience heatwaves that are even hotter and longer-lasting. A heatwave like the recent ones would occur every 2-5 years in a world that is 2 °C warmer than the preindustrial climate.
Heat action plans are increasingly being implemented across all three regions and there is evidence that they lead to reduced heat-related mortality. Furthermore, cities that have urban planning for extreme heat tend to be cooler and reduce the urban heat island effect. There is an urgent need for an accelerated roll-out of heat action plans in light of increasing vulnerability driven by the intersecting trends of climate change, population ageing, and urbanisation.
Unusual cold spells can occur even in a warming world, and cause disruption to transport, energy & food supplies.
Drought affects people in many ways, from reduced water & food supplies to increasing the risk of wildfires.
Rainfall events from a major storm or hurricane, or intense localised downpours can lead to flooding in any type of location.
Heatwaves can be particularly dangerous to humans, and occur all over the world with increasing intensity.";How many heat-related deaths were reported in Mexico during July 2023 heatwave?;Over 200
53;https://www.worldweatherattribution.org/extreme-heat-in-north-america-europe-and-china-in-july-2023-made-much-more-likely-by-climate-change/;"Following a record hot June, large areas of the US and Mexico, Southern Europe and China experienced extreme heat in July 2023, breaking many local high temperature records.
July 2023 saw extreme heatwaves in several parts of the Northern Hemisphere, including the Southwest of the US and Mexico, Southern Europe and China. Temperatures exceeded 50C on the 16th of July in Death Valley in the US as well as in Northwest China ( CNN,2023 ). Records were also reached in many other weather stations in China and the all-China heat record was broken in Sanbao on the 16th of July. In Europe, the hottest ever day in Catalunya was recorded and highest-ever records of daily minimum temperature were broken in other parts of Spain . In the US, parts of Nevada , Colorado and New Mexico tied their all time high, parts of Arizona , Cayman Islands , highest ever night time temperatures in Phoenix Arizona which also had its record for longest time without falling below 90F/32.2C.
Several heat deaths have been confirmed in the US, including migrants on the US Mexican border. In Mexico alone over 200 people died due to the heat. Spain, Italy, Greece, Cyprus, Algeria, and China also reported heat deaths, as well as a large increase in hospitalisation due to heat related illnesses. Large parts of the population in Italy and Spain and over 100 million people in Southern US are under heat alerts. In all three regions, demand for power spiked and negatively impacted a number of important crops, including olive oil in Spain and cotton in China.
Scientists from the World Weather Attribution initiative collaborated to assess to what extent human-induced climate change altered the likelihood and intensity of the extreme July heat in these three regions.
Using published peer-reviewed methods , we analysed how human-induced climate change altered the likelihood and intensity of 1) 18-day average maximum temperatures over the most affected regions in western US, Texas and northern Mexico (fig 1, top). 2) 7-day average maximum temperatures over land in the rectangular box(5W-25E, 36-45N) covering the most affected region (fig1, middle). 3) 14-day average maximum temperatures over the lowlands of China, again covering the most affected region (fig 1, bottom).
Heatwaves are amongst the deadliest natural hazards with thousands of people dying from heat-related causes each year. However, the full impact of a heatwave is rarely known until weeks or months afterwards, once death certificates are collected, or scientists can analyse excess deaths. Many places lack good record-keeping of heat-related deaths, therefore currently available global mortality figures are likely an underestimate.
In line with what has been expected from past climate projections and IPCC reports these events are not rare anymore today. North America, Europe and China have experienced heatwaves increasingly frequently over the last years as a result of warming caused by human activities, hence the current heat waves are not rare in today’s climate with an event like the currently expected approximately once every 15 years in the US/Mexico region, once every 10 years in Southern Europe, and once in 5 years for China.
Without human induced climate change these heat events would however have been extremely rare. In China it would have been about a 1 in 250 year event while maximum heat like in July 2023 would have been virtually impossible to occur in the US/Mexico region and Southern Europe if humans had not warmed the planet by burning fossil fuels.
In all the regions a heatwave of the same likelihood as the one observed today would have been significantly cooler in a world without climate change. Similar to previous studies we found that the heatwaves defined above are 2.5 °C warmer in Southern Europe, 2 °C warmer in North America and about 1 °C in China in today’s climate than they would have been if it was not for human-induced climate change.
Unless the world rapidly stops burning fossil fuels, these events will become even more common and the world will experience heatwaves that are even hotter and longer-lasting. A heatwave like the recent ones would occur every 2-5 years in a world that is 2 °C warmer than the preindustrial climate.
Heat action plans are increasingly being implemented across all three regions and there is evidence that they lead to reduced heat-related mortality. Furthermore, cities that have urban planning for extreme heat tend to be cooler and reduce the urban heat island effect. There is an urgent need for an accelerated roll-out of heat action plans in light of increasing vulnerability driven by the intersecting trends of climate change, population ageing, and urbanisation.
Unusual cold spells can occur even in a warming world, and cause disruption to transport, energy & food supplies.
Drought affects people in many ways, from reduced water & food supplies to increasing the risk of wildfires.
Rainfall events from a major storm or hurricane, or intense localised downpours can lead to flooding in any type of location.
Heatwaves can be particularly dangerous to humans, and occur all over the world with increasing intensity.";By how many degrees Celsius were July 2023 heatwaves warmer in Southern Europe due to human-induced climate change?;About 2.5 °C
54;https://www.worldweatherattribution.org/heavy-precipitation-hitting-vulnerable-communities-in-the-uae-and-oman-becoming-an-increasing-threat-as-the-climate-warms/;"From April 14 to15 2024, the United Arab Emirates (UAE) and the northern parts of Oman were hit by exceptionally heavy rainfall causing massive disruption in infrastructure and public life in the area and leading to at least 20 fatalities in Oman and four in the UAE.
The extreme rainfall event was associated with a low-pressure system, initially originating from mid latitude Eastern Europe, that induced violent storms, also bringing heavy rainfall to other parts of Asia.
In Dubai, most of the rain fell on Monday 15th of April and exceeded all previous records of daily rainfall in the last 75 years, when records began ( UAE government, 2024 ).
Researchers from Saudi Arabia, Pakistan, Switzerland, the Netherlands, Sweden, the United States, Canada, France and the United Kingdom collaborated to assess to what extent human-induced climate change altered the likelihood and intensity of the weather conditions at the time of the most impactful floods.
To characterise the event we focus on daily maximum precipitation (RX1day). As this event was the highest on record we also looked at the annual maximum, which usually falls within this season. Using this RX1day variable has the additional advantage that it is one of the routinely calculated indices in most climate projections, thus making it easy to compare our analysis with published literature.
For the spatial definition of the event we analysed the region that saw the biggest impacts during the 1-day heavy rainfall event, indicated by the red box in Figure 1. The region includes the UAE, the northern part of Oman, Bahrain and a small part of Saudi Arabia.
The UAE, Oman and the wider analysed region are located in a so-called hyper-arid region, with on average very little rainfall but with very high variability from year to year. Thus heavy rainfall events such as the one analysed here occur very rarely, leading to short records of similar events which results in high uncertainty in the assessment.
The El Niño Southern Oscillation, a naturally occurring climate phenomenon, was found to be important to explain the variability in the observed rainfall. Most previous heavy rainfall events in the area occurred during El Niño years.
To assess the role of human-induced climate change we first estimate if there is a trend in the observations associated with the warming up until today of 1.2 °C and find that there is a trend, making heavy rainfall such as observed more likely. Based on the observations, the event was 10-40% more intense than it would have been had it occurred in an El Nino year in a 1.2 °C cooler climate.
To further characterise and quantify the role of human-induced climate change we then also look at climate models with high enough resolution to capture precipitation over the comparably small study region. The available climate models do not consistently exhibit a trend even for the models that were evaluated to simulate rainfall in the region reasonably well. However there is high uncertainty in this finding, again, due to high year to year rainfall variability.
Based on the IPCC AR6 assessment, which includes scientific literature available up to January 2021, there is “medium confidence” that heavy precipitation would be detectably larger in the Arabian Peninsula at about 1.5°C of global warming compared to pre-industrial climate conditions, which is close to the current level of global warming.
The disagreement between model results and observations prevents us from concluding with certainty that human-induced climate change is the main driver making this event more likely. However, while multiple reasons could explain the absence of a trend in our model results, we have no alternative explanation for a trend in observations other than the expectation of heavy rainfall increasing in a warmer climate.
While the heavy rainfall was well forecasted by national meteorological agencies, floodwaters led to a high number of deaths and extensive damages to homes, shops, offices and cars in the UAE and Oman. The majority of flood related deaths occurred when people were travelling, and many people in Dubai were forced to abandon their cars in floodwaters. The researchers say this suggests warnings may not have reached some people or were not specific enough to the impacts expected in particular regions.
The high flood risk varies across demographics. In Oman and the UAE, 80 and 85% of the total populations, respectively, live in flood-prone and low-lying areas that are highly exposed. Because of various challenges to their abilities to respond to flood risk, particularly vulnerable groups tend to include older adults, individuals with disabilities, women with caregiving responsibilities, racial/ethnic minorities, migrant workers, and lower-income groups.
Across both countries, a high degree of surfaces with limited permeability and absorptive capacity from urban developments, inadequate drainage and the hyper-arid soils exacerbate the risk and severity of flash floods.
UAE and Oman adopt proactive disaster risk management strategies, with functional systems for early warning, early action, and emergency response to floods, along with long-term adaptation planning. However, reducing the high exposure to flood risk, more proactive urban planning and integration of impact-based forecasting in EWS are necessary to reduce impacts associated with similar events in the future.
Finally, cloud seeding was reported to not have been implemented in the context of this event, and additionally even in case of implementation has no influence on the amount of atmospheric moisture available, which was the main anomalous variable preceding the precipitation event. Hence, we can conclude that cloud seeding had no significant influence in the event
Unusual cold spells can occur even in a warming world, and cause disruption to transport, energy & food supplies.
Drought affects people in many ways, from reduced water & food supplies to increasing the risk of wildfires.
Rainfall events from a major storm or hurricane, or intense localised downpours can lead to flooding in any type of location.
Heatwaves can be particularly dangerous to humans, and occur all over the world with increasing intensity.";How many fatalities were reported in Oman during the heavy rainfall event of 14–15 April 2024?;At least 20
55;https://www.worldweatherattribution.org/heavy-precipitation-hitting-vulnerable-communities-in-the-uae-and-oman-becoming-an-increasing-threat-as-the-climate-warms/;"From April 14 to15 2024, the United Arab Emirates (UAE) and the northern parts of Oman were hit by exceptionally heavy rainfall causing massive disruption in infrastructure and public life in the area and leading to at least 20 fatalities in Oman and four in the UAE.
The extreme rainfall event was associated with a low-pressure system, initially originating from mid latitude Eastern Europe, that induced violent storms, also bringing heavy rainfall to other parts of Asia.
In Dubai, most of the rain fell on Monday 15th of April and exceeded all previous records of daily rainfall in the last 75 years, when records began ( UAE government, 2024 ).
Researchers from Saudi Arabia, Pakistan, Switzerland, the Netherlands, Sweden, the United States, Canada, France and the United Kingdom collaborated to assess to what extent human-induced climate change altered the likelihood and intensity of the weather conditions at the time of the most impactful floods.
To characterise the event we focus on daily maximum precipitation (RX1day). As this event was the highest on record we also looked at the annual maximum, which usually falls within this season. Using this RX1day variable has the additional advantage that it is one of the routinely calculated indices in most climate projections, thus making it easy to compare our analysis with published literature.
For the spatial definition of the event we analysed the region that saw the biggest impacts during the 1-day heavy rainfall event, indicated by the red box in Figure 1. The region includes the UAE, the northern part of Oman, Bahrain and a small part of Saudi Arabia.
The UAE, Oman and the wider analysed region are located in a so-called hyper-arid region, with on average very little rainfall but with very high variability from year to year. Thus heavy rainfall events such as the one analysed here occur very rarely, leading to short records of similar events which results in high uncertainty in the assessment.
The El Niño Southern Oscillation, a naturally occurring climate phenomenon, was found to be important to explain the variability in the observed rainfall. Most previous heavy rainfall events in the area occurred during El Niño years.
To assess the role of human-induced climate change we first estimate if there is a trend in the observations associated with the warming up until today of 1.2 °C and find that there is a trend, making heavy rainfall such as observed more likely. Based on the observations, the event was 10-40% more intense than it would have been had it occurred in an El Nino year in a 1.2 °C cooler climate.
To further characterise and quantify the role of human-induced climate change we then also look at climate models with high enough resolution to capture precipitation over the comparably small study region. The available climate models do not consistently exhibit a trend even for the models that were evaluated to simulate rainfall in the region reasonably well. However there is high uncertainty in this finding, again, due to high year to year rainfall variability.
Based on the IPCC AR6 assessment, which includes scientific literature available up to January 2021, there is “medium confidence” that heavy precipitation would be detectably larger in the Arabian Peninsula at about 1.5°C of global warming compared to pre-industrial climate conditions, which is close to the current level of global warming.
The disagreement between model results and observations prevents us from concluding with certainty that human-induced climate change is the main driver making this event more likely. However, while multiple reasons could explain the absence of a trend in our model results, we have no alternative explanation for a trend in observations other than the expectation of heavy rainfall increasing in a warmer climate.
While the heavy rainfall was well forecasted by national meteorological agencies, floodwaters led to a high number of deaths and extensive damages to homes, shops, offices and cars in the UAE and Oman. The majority of flood related deaths occurred when people were travelling, and many people in Dubai were forced to abandon their cars in floodwaters. The researchers say this suggests warnings may not have reached some people or were not specific enough to the impacts expected in particular regions.
The high flood risk varies across demographics. In Oman and the UAE, 80 and 85% of the total populations, respectively, live in flood-prone and low-lying areas that are highly exposed. Because of various challenges to their abilities to respond to flood risk, particularly vulnerable groups tend to include older adults, individuals with disabilities, women with caregiving responsibilities, racial/ethnic minorities, migrant workers, and lower-income groups.
Across both countries, a high degree of surfaces with limited permeability and absorptive capacity from urban developments, inadequate drainage and the hyper-arid soils exacerbate the risk and severity of flash floods.
UAE and Oman adopt proactive disaster risk management strategies, with functional systems for early warning, early action, and emergency response to floods, along with long-term adaptation planning. However, reducing the high exposure to flood risk, more proactive urban planning and integration of impact-based forecasting in EWS are necessary to reduce impacts associated with similar events in the future.
Finally, cloud seeding was reported to not have been implemented in the context of this event, and additionally even in case of implementation has no influence on the amount of atmospheric moisture available, which was the main anomalous variable preceding the precipitation event. Hence, we can conclude that cloud seeding had no significant influence in the event
Unusual cold spells can occur even in a warming world, and cause disruption to transport, energy & food supplies.
Drought affects people in many ways, from reduced water & food supplies to increasing the risk of wildfires.
Rainfall events from a major storm or hurricane, or intense localised downpours can lead to flooding in any type of location.
Heatwaves can be particularly dangerous to humans, and occur all over the world with increasing intensity.";What percentage of the UAE population lives in flood‑prone low‑lying areas?;85%
56;https://www.worldweatherattribution.org/heavy-precipitation-hitting-vulnerable-communities-in-the-uae-and-oman-becoming-an-increasing-threat-as-the-climate-warms/;"From April 14 to15 2024, the United Arab Emirates (UAE) and the northern parts of Oman were hit by exceptionally heavy rainfall causing massive disruption in infrastructure and public life in the area and leading to at least 20 fatalities in Oman and four in the UAE.
The extreme rainfall event was associated with a low-pressure system, initially originating from mid latitude Eastern Europe, that induced violent storms, also bringing heavy rainfall to other parts of Asia.
In Dubai, most of the rain fell on Monday 15th of April and exceeded all previous records of daily rainfall in the last 75 years, when records began ( UAE government, 2024 ).
Researchers from Saudi Arabia, Pakistan, Switzerland, the Netherlands, Sweden, the United States, Canada, France and the United Kingdom collaborated to assess to what extent human-induced climate change altered the likelihood and intensity of the weather conditions at the time of the most impactful floods.
To characterise the event we focus on daily maximum precipitation (RX1day). As this event was the highest on record we also looked at the annual maximum, which usually falls within this season. Using this RX1day variable has the additional advantage that it is one of the routinely calculated indices in most climate projections, thus making it easy to compare our analysis with published literature.
For the spatial definition of the event we analysed the region that saw the biggest impacts during the 1-day heavy rainfall event, indicated by the red box in Figure 1. The region includes the UAE, the northern part of Oman, Bahrain and a small part of Saudi Arabia.
The UAE, Oman and the wider analysed region are located in a so-called hyper-arid region, with on average very little rainfall but with very high variability from year to year. Thus heavy rainfall events such as the one analysed here occur very rarely, leading to short records of similar events which results in high uncertainty in the assessment.
The El Niño Southern Oscillation, a naturally occurring climate phenomenon, was found to be important to explain the variability in the observed rainfall. Most previous heavy rainfall events in the area occurred during El Niño years.
To assess the role of human-induced climate change we first estimate if there is a trend in the observations associated with the warming up until today of 1.2 °C and find that there is a trend, making heavy rainfall such as observed more likely. Based on the observations, the event was 10-40% more intense than it would have been had it occurred in an El Nino year in a 1.2 °C cooler climate.
To further characterise and quantify the role of human-induced climate change we then also look at climate models with high enough resolution to capture precipitation over the comparably small study region. The available climate models do not consistently exhibit a trend even for the models that were evaluated to simulate rainfall in the region reasonably well. However there is high uncertainty in this finding, again, due to high year to year rainfall variability.
Based on the IPCC AR6 assessment, which includes scientific literature available up to January 2021, there is “medium confidence” that heavy precipitation would be detectably larger in the Arabian Peninsula at about 1.5°C of global warming compared to pre-industrial climate conditions, which is close to the current level of global warming.
The disagreement between model results and observations prevents us from concluding with certainty that human-induced climate change is the main driver making this event more likely. However, while multiple reasons could explain the absence of a trend in our model results, we have no alternative explanation for a trend in observations other than the expectation of heavy rainfall increasing in a warmer climate.
While the heavy rainfall was well forecasted by national meteorological agencies, floodwaters led to a high number of deaths and extensive damages to homes, shops, offices and cars in the UAE and Oman. The majority of flood related deaths occurred when people were travelling, and many people in Dubai were forced to abandon their cars in floodwaters. The researchers say this suggests warnings may not have reached some people or were not specific enough to the impacts expected in particular regions.
The high flood risk varies across demographics. In Oman and the UAE, 80 and 85% of the total populations, respectively, live in flood-prone and low-lying areas that are highly exposed. Because of various challenges to their abilities to respond to flood risk, particularly vulnerable groups tend to include older adults, individuals with disabilities, women with caregiving responsibilities, racial/ethnic minorities, migrant workers, and lower-income groups.
Across both countries, a high degree of surfaces with limited permeability and absorptive capacity from urban developments, inadequate drainage and the hyper-arid soils exacerbate the risk and severity of flash floods.
UAE and Oman adopt proactive disaster risk management strategies, with functional systems for early warning, early action, and emergency response to floods, along with long-term adaptation planning. However, reducing the high exposure to flood risk, more proactive urban planning and integration of impact-based forecasting in EWS are necessary to reduce impacts associated with similar events in the future.
Finally, cloud seeding was reported to not have been implemented in the context of this event, and additionally even in case of implementation has no influence on the amount of atmospheric moisture available, which was the main anomalous variable preceding the precipitation event. Hence, we can conclude that cloud seeding had no significant influence in the event
Unusual cold spells can occur even in a warming world, and cause disruption to transport, energy & food supplies.
Drought affects people in many ways, from reduced water & food supplies to increasing the risk of wildfires.
Rainfall events from a major storm or hurricane, or intense localised downpours can lead to flooding in any type of location.
Heatwaves can be particularly dangerous to humans, and occur all over the world with increasing intensity.";According to observations, by what percentage range was the April 2024 rainfall event more intense than it would have been in a 1.2 °C cooler climate?;10‑40%
57;https://www.worldweatherattribution.org/human-contribution-to-record-breaking-june-2019-heatwave-in-france/;"A heatwave struck large parts of Europe during the last week of June 2019, breaking several historical records at single locations in France, Switzerland, Austria, Germany, the Czech Republic and Spain.
In particular, the all-time temperature record at a station in metropolitan France (old record 44.1°C in Conqueyrac, Gard) was broken on June 28, with a new record of 45.9°C, more than 1.5°C above the previous, was established at Gallargues-le-Montueux, Gard, near the city of Nîmes. Numerous June records and all-time records at single stations were broken in other countries such as Czech Republic , Spain and Switzerland. In Switzerland new June records were confirmed at more than 40 stations, and new all-time records were confirmed at 6 altitude stations . In Austria and the Netherlands, the whole month of June 2019 was the warmest ever recorded , in a large part due to the heatwave.
Here we present an analysis of the role of human activities in the heatwave, conducted in near real time by using well assessed methodologies. The analysis is not yet peer-reviewed and was written quickly, albeit by scientists experienced in event attribution, working with experts familiar with the conditions in the region studied. We used thoroughly tested methods to do the analysis, evaluation of models and checked the observations for errors.
Every heatwave occurring in Europe today is made more likely and more intense by human-induced climate change. How much more depends very strongly on the event definition: location, season, intensity and duration.
We use an event definition that focuses on health impacts, the three-day average of daily mean temperature. We considered two spatial scales: the whole of France and one city, Toulouse. We only consider June heatwaves because they have a different impact and different trend from heatwaves in July and August.
The observations show a very large increase in the temperature of these heatwaves. Currently such an event is estimated to occur with a return period of 30 years, but similarly frequent heatwaves would have likely been about 4 ºC cooler a century ago. In other words, a heatwave that intense is occurring at least 10 times more frequently today than a century ago.
Climate models have systematic biases in representing heatwaves at these scales and show smaller trends, more year-on-year variation and fewer really severe heatwaves than the observations. They simulate an increase in probability of a factor of 2 to 20.
Heatwaves are deadly, although this is not readily visible at the time. This risk is aggravated by climate change, but also by other factors such as an aging population, urbanisation, changing social structures, and levels of preparedness. The full impact is only known after a few weeks when the mortality figures have been analysed. Heat plans have reduced the impact in France and other countries, and are becoming even more important in light of the rising risks.
In France, extreme heatwaves usually occur in mid-summer, when they have less impact on school days and on professional activities than in June or September. Due to the heat in June 2019, the government decided to postpone one national exam, inducing organisational challenges at large scale.
However, the most striking impact of heatwaves, increased mortality, is generally only reported later (with the exception of immediate deaths such as due to drowning when people seek cooling). This “excess mortality” beyond the normal mortality in this period of the year (often taking account of reduced mortality in the following weeks) is calculated on statistical analysis of reported deaths over a longer period of time. This generally means that heatwave mortality, while very significant compared to other disasters in terms of numbers of people killed, often attracts much less public attention that, for instance, deaths due to floods or storms. After 2003 heat plans have been made to better prepare for heatwaves and reduce mortality. These were activated during the 2019 heatwave, and probably helped to reduce the impacts. Better preparedness was also facilitated by the accurate forecast, long in advance, of the National weather service, Météo-France. For instance, a, all-time national record temperature was correctly forecast (to within 1 degree) by forecasters at least three days in advance.
Despite the headlines being grabbed by the record breaking maximum temperatures, we define the event over a period of three days — as the highest 3-day averaged daily mean temperature in June (TG3x). The daily temperature is taken as the average over France and at the city of Toulouse in southern France. These choices were motivated as follows.
The daily mean temperature is a better indicator of health impacts than the maximum or minimum temperature. In the observations it is affected less by local factors such as changing ventilation, as the effects on maximum and minimum temperatures have opposite signs. In models, it is also more robust than the maximum temperature. In addition, multi-day heatwaves have proportionally larger health effects in Europe, and three days is a length that captures this reasonably well. Many heat plans are triggered with a 3-day criterion.
We also just looked at the occurrence of heatwaves in the month of June. Early season heatwaves have a more severe impact than similarly hot heatwaves in high summer as the holiday season has not yet begun, so people have less opportunity to avoid the highest temperatures.
And finally, given that health impacts are local, we took a station in the affected area. Most of the authors happened to be at a conference on extreme events and climate change in Toulouse , a city also forecasted to reach record temperatures, so that was a logical choice. Indeed Touloyse recorded its all time highest night temperature and the highest maximum temperature for June. We are mainly interested in showing differences between a country average and a single place, so we chose Toulouse and compare this particular city with the often used metropolitan France measure (i.e., France without the overseas departments), which has less local influences.
In this article we analyse a country average as in previous analyses of high temperatures in western Europe as well as a single station (Toulouse) as in last year’s analysis of heat in northern Europe.
We firstly analyse observed temperatures and estimate how rare the current heatwave is, measured as June maximum of three-day mean temperatures (TG3x), and whether or not there is a trend toward increasing temperature. As appropriate for our event definition, we fit a Generalized Extreme Value Distribution (GEV), described by three parameters: the position parameter μ, the scale parameter σ and the shape parameter ξ.
In this statistical approach, global warming is factored in by allowing the fit to the distribution to be a function of the western European summer temperatures to capture also the effect of aerosols which is important in this heatwave index and not present in global mean surface temperatures which would normally be the choice of co-variate.
This effect is for example described in van Oldenborgh et al, 2009 .
Fitting the time series over France and Toulouse to a Generalised Extreme Value function that shifts in proportion to the European summer temperature, we obtain a good description of 3-day heat in France with large heatwaves around 1950, fewer towards the 1970s and even more the last decades. This fit shows how often in today’s climate such an event is to be expected and how often it would have been expected around 1901. We find that the observations show very roughly a factor 100 increase, with a lower bound of a factor 10. We then estimate the increase in heatwave temperature since 1901, which appears to be about 4 ºC in June.
It has often been shown that summer temperatures increase due to climate change, so we know that climate change plays a role, in this analysis we find out how much the magnitude and likelihood of heatwaves have increased locally in a country and in a city for this particular event. Local effects of soil moisture feedbacks are very strong, thus the quantitative impact of climate change is very different depending on the location, time of the year and exact definition of “heatwave”.
To assess the role of climate change, we compare observations with results from climate models that are available and suitable for the temperatures in these locations. This answers the question whether and to what extent external drivers, in particular human-caused climate change, can explain the temperature trends in the observational data. We utilise different methodologies as in previous studies , but expanded the range of analysis approaches.
Before undertaking the attribution analysis using climate models we have to evaluate whether the models readily available to us are fit for purpose and represent the statistics of the TG3x June event well.
To evaluate these models we test whether the statistics of extreme heat in these models corresponds to the observed statistics. The test consists of fitting the models to the same GEV distribution as in the observations and comparing the scale (σ) and shape (ξ) parameters of the fits to the model data with the parameters of the fits described in the section observational analysis. We do not consider the position parameter as biases in this parameter can easily corrected without affecting the overall results.
Most models show considerably different behaviour with respect to the quantitative increase in likelihood and severity, compared to the observations so the confidence in the quantitative modelling results in this study is low, compared with other studies. All models and observations qualitatively agree on a strong human influence in increasing heatwave risk. There is thus high confidence in the sign (increase) of the human contribution to the heatwave risk
We summarise the results from the observations and the climate models, answering the questions how much the probability and severity of an event like this (or more severe) have changed due to anthropogenic climate change.
The change in probability (Probability Ratio, PR) is shown in figure 1. First and foremost, the observations and almost all models show a large increase in the probability of heatwaves like the one observed in June 2019 (as described by the 3-day mean temperature, both averaged over all of France and in one specific city, Toulouse).
For the average over France we find that the probability has increased by at least a factor five (excluding the model with very strong bias in variability). However, the observations show it could be much higher still, a factor 100 or more. Similarly, the observed trend in temperature of the heat during an event with a similar frequency is around 4 ºC, whereas the climate models show a much lower trend.
We note that while we are very confident about the positive trend and the fact that the probability has increased by at least a factor five, it is much more difficult to assign one specific number (a “best guess” based on all models and observations) on the extent of the increase, given the large uncertainties in the observed trends (due to the relatively short time series from 1947-2019) and systematic differences between the representation of extreme heatwaves in the climate models and in the observations.
For one city, Toulouse, the results are very similar although with somewhat larger uncertainties.
For more information, download the full study (pdf, 32 pages, 1.8 MB)
Unusual cold spells can occur even in a warming world, and cause disruption to transport, energy & food supplies.
Drought affects people in many ways, from reduced water & food supplies to increasing the risk of wildfires.
Rainfall events from a major storm or hurricane, or intense localised downpours can lead to flooding in any type of location.
Heatwaves can be particularly dan";What all-time temperature record was set in France on June 28 2019, and at which location?;45.9 °C at Gallargues-le-Montueux, Gard
58;https://www.worldweatherattribution.org/human-induced-climate-change-compounded-by-socio-economic-water-stressors-increased-severity-of-drought-in-syria-iraq-and-iran/;"From boreal winter 2020 onwards, a large region in West Asia, encompassing the Fertile Crescent around the rivers Euphrates and Tigris as well as Iran has suffered from exceptionally low rains and elevated temperatures. The resulting 3-year drought has led to severe impacts on agriculture and access to potable water.
In this arid region, a large part of the population depends on rain-fed agriculture, in particular wheat farming and livestock. While there is a comparably large variability in the year to year rain, this drought was the second worst in the observed record, driven by rising temperatures. It hit at a time when other socio-economic factors including the ongoing war in Ukraine with its impacts on energy and food prices, as well as conflicts and political unrest, compound the consequences of the drought.
Scientists from Iran, the Netherlands, the UK and the US used published peer-reviewed methods to assess whether and to what extent climate change influenced the 3-year drought in two regions: (1) the fertile crescent around the Euphrates and Tigris rivers, encompassing large parts of Iraq and Syria and (2) Iran. There are several ways to characterise a drought: meteorological drought considers only low rainfall, while agricultural drought combines rainfall estimates with evaporation. As increased evapotranspiration due to regional warming can play a major role in exacerbating drought impacts, we assess agricultural drought in this study. The main variable used to characterise the drought is the Standardised Precipitation Evapotranspiration Index (SPEI) which calculates the difference between rainfall and potential evapotranspiration to estimate the available water. The more negative the values are, the more severe the drought is classified. Figure 1 depicts the SPEI classification for the 36 months from July 2020 up to June 2023 over the two study regions.
The drought affects a region with a highly vulnerable population due to varying degrees of fragility and conflict including war and post-war transition, rapid urbanisation in the face of limited technical capacity, and regional instability. These dynamics increased vulnerability to the impacts of drought and created a humanitarian crisis.
The whole Euphrates and Tigris basin (ET-basin) and large parts of Iran experienced extreme and exceptional agricultural drought over the 36 months up to June 2023, making it the second-worst drought on record in both regions based on SPEI.
The extreme nature of the drought is not rare in the present climate (which has been warmed by 1.2°C due to burning of fossil fuels). Events of comparable severity are expected to occur at least every decade.
Using three different observations-based data products we find a strong trend towards more severe droughts in both regions. We find that the combination of low rainfall and high evapotranspiration as unusual as the recent conditions – that is, an event that occurred around every 5-10 years – in a world that had not been warmed 1.2°C would be so much less severe that nowadays it would not be classified as a drought at all.
In order to identify whether and to what extent human-induced climate change was a driver of these trends we combine observations-based data products and climate models and look at the 36-month SPEI in both regions. We find that over the ET-basin the likelihood of such a drought occurring has increased by a factor of 25 compared to a 1.2°C cooler world. Over Iran the likelihood of such a drought occurring has increased by a factor of 16 compared to a 1.2°C cooler world.
For both regions human-induced climate change has increased the intensity of such a drought such that it would not have been classified as a drought in a 1.2°C cooler world. Thus confirming that the observed finding is indeed caused by human-induced climate change.
To understand the meteorological drivers behind this change in agricultural drought we also analysed rainfall and temperature separately and found there to be little change in the likelihood and intensity of rainfall but a very large increase in temperature. We thus conclude that this strong increase in drought severity is primarily driven by the very strong increase in extreme temperatures due to the burning of fossil fuels.
Unless the world rapidly stops burning fossil fuels, these events will become even more common in the future. In a world 2 ° C warmer than preindustrial an event like this would be an exceptional drought, the worst category possible.
The high levels of water stress in the region today are exacerbated by limitations in technical capacity, water management, and regional cooperation. Rapid population growth, industrialization and land-use changes, dam practices and river flow management between upstream and downstream countries, aged water treatment plants, and low efficiency of irrigation water systems have contributed to a complex water crisis. Water is moreover weaponised in conflict, with water systems increasingly targeted for sabotage.
These results highlight that despite ‘low confidence’ in IPCC projections for drought in the region, increasing water stress driven by human-induced climate change as well as other systemic factors continues to be a major threat for the population and requires urgent efforts for more effective water management strategies, interdisciplinary humanitarian response, and regional cooperation that includes farmers and other stakeholders in the planning.
Unusual cold spells can occur even in a warming world, and cause disruption to transport, energy & food supplies.
Drought affects people in many ways, from reduced water & food supplies to increasing the risk of wildfires.
Rainfall events from a major storm or hurricane, or intense localised downpours can lead to flooding in any type of location.
Heatwaves can be particularly dangerous to humans, and occur all over the world with increasing intensity.";By what factor did likelihood of drought increase in Euphrates Tigris basin due to human-induced climate change compared to a cooler world?;25
59;https://www.worldweatherattribution.org/hurricane-florence-september-2018/;"Hurricane Florence is forecast to cause widespread damage due to the storm surge, extreme rainfall and high winds along the US East coast.
We have investigated the possibility of doing a World Weather Attribution (WWA) analysis of the effect of climate change on the rainfall, similar to the one we did for Harvey last year ( van Oldenborgh et. al., 2018 ). This analysis would be more challenging for three reasons:
The observational analysis — looking at similar events in the past — will be much harder. There is a gradient in hurricane activity along the coast and there are mountains with strongly varying rainfall amounts. Hurricanes are also rare here so we have to combine different areas along the coast to ascertain whether they fit the distribution of other extreme rain events (like happened in the Gulf) or behave differently than the rest.
We have only a single model ready with the required resolution for this region and a solid analysis requires multiple large ensembles of high-resolution models.
Lack of manpower in the WWA consortium. We have no stable funding at the moment and cannot do this analysis “on the side” together with the ongoing analysis of the Kerala floods and the normal work. We would strongly welcome partners that can support our work and enable our impactful analyses.
One analysis of the forecast strength of Florence has already been made public by Reed et al . They use a different technique from our regular WWA analyses, which answers a slightly different question. Whereas we compute the change in probability of a class of events, such as all events with extreme rainfall above a certain limit, their study investigates only this specific event (more precisely, one forecast of the event). The results of such a study not only depend on the general effect of climate change on precipitation of hurricanes, but also on the details of this particular hurricane and even the forecast model. More analyses are needed to assess the robustness of this quick analysis, although the basic result that global warming increases the precipitation is a very robust one supported by observations and modelling studies (e.g. Liu et al, 2018 ).
Note also that in addition to direct impacts of wind and rain, Florence is expected to cause a large storm surge. Such storm surges are of course affected by ongoing sea level rise, but this is not yet part of our attribution assessment.
Unusual cold spells can occur even in a warming world, and cause disruption to transport, energy & food supplies.
Drought affects people in many ways, from reduced water & food supplies to increasing the risk of wildfires.
Rainfall events from a major storm or hurricane, or intense localised downpours can lead to flooding in any type of location.
Heatwaves can be particularly dangerous to humans, and occur all over the world with increasing intensity.";What are the main hazards forecasted for Hurricane Florence along US East coast?;Storm surge, extreme rainfall, and high winds.
60;https://www.worldweatherattribution.org/hurricane-florence-september-2018/;"Hurricane Florence is forecast to cause widespread damage due to the storm surge, extreme rainfall and high winds along the US East coast.
We have investigated the possibility of doing a World Weather Attribution (WWA) analysis of the effect of climate change on the rainfall, similar to the one we did for Harvey last year ( van Oldenborgh et. al., 2018 ). This analysis would be more challenging for three reasons:
The observational analysis — looking at similar events in the past — will be much harder. There is a gradient in hurricane activity along the coast and there are mountains with strongly varying rainfall amounts. Hurricanes are also rare here so we have to combine different areas along the coast to ascertain whether they fit the distribution of other extreme rain events (like happened in the Gulf) or behave differently than the rest.
We have only a single model ready with the required resolution for this region and a solid analysis requires multiple large ensembles of high-resolution models.
Lack of manpower in the WWA consortium. We have no stable funding at the moment and cannot do this analysis “on the side” together with the ongoing analysis of the Kerala floods and the normal work. We would strongly welcome partners that can support our work and enable our impactful analyses.
One analysis of the forecast strength of Florence has already been made public by Reed et al . They use a different technique from our regular WWA analyses, which answers a slightly different question. Whereas we compute the change in probability of a class of events, such as all events with extreme rainfall above a certain limit, their study investigates only this specific event (more precisely, one forecast of the event). The results of such a study not only depend on the general effect of climate change on precipitation of hurricanes, but also on the details of this particular hurricane and even the forecast model. More analyses are needed to assess the robustness of this quick analysis, although the basic result that global warming increases the precipitation is a very robust one supported by observations and modelling studies (e.g. Liu et al, 2018 ).
Note also that in addition to direct impacts of wind and rain, Florence is expected to cause a large storm surge. Such storm surges are of course affected by ongoing sea level rise, but this is not yet part of our attribution assessment.
Unusual cold spells can occur even in a warming world, and cause disruption to transport, energy & food supplies.
Drought affects people in many ways, from reduced water & food supplies to increasing the risk of wildfires.
Rainfall events from a major storm or hurricane, or intense localised downpours can lead to flooding in any type of location.
Heatwaves can be particularly dangerous to humans, and occur all over the world with increasing intensity.";How does global warming influence precipitation in hurricanes according to recent studies?;It increases precipitation.
61;https://www.worldweatherattribution.org/hurricane-harvey-august-2017/;"Our scientific analysis found that human-caused climate change made the record rainfall that fell over Houston during Hurricane Harvey roughly three times more likely and 15 percent more intense.
During August 25–30, 2017, Hurricane Harvey stalled over Texas and caused extreme precipitation, particularly over Houston and the surrounding area on August 26–28. This resulted in extensive flooding with over 80 fatalities and large economic costs. It was an extremely rare event: the return period of the highest observed three-day precipitation amount, 1043.4 mm 3dy −1 at Baytown, is more than 9000 years (97.5% one-sided confidence interval) and return periods exceeded 1000 yr (750 mm 3dy −1 ) over a large area in the current climate. Observations since 1880 over the region show a clear positive trend in the intensity of extreme precipitation of between 12% and 22%, roughly two times the increase of the moisture holding capacity of the atmosphere expected for 1°C warming according to the Clausius–Clapeyron (CC) relation. This would indicate that the moisture flux was increased by both the moisture content and stronger winds or updrafts driven by the heat of condensation of the moisture.
We also analysed extreme rainfall in the Houston area in three ensembles of 25 km resolution models. The first also shows 2 × CC scaling, the second 1 × CC scaling and the third did not have a realistic representation of extreme rainfall on the Gulf Coast. Extrapolating these results to the 2017 event, we conclude that global warming made the precipitation about 15% (8%–19%) more intense, or equivalently made such an event three (1.5–5) times more likely. This analysis makes clear that extreme rainfall events along the Gulf Coast are on the rise. And while fortifying Houston to fully withstand the impact of an event as extreme as Hurricane Harvey may not be economically feasible, it is critical that information regarding the increasing risk of extreme rainfall events in general should be part of the discussion about future improvements to Houston’s flood protection system.
Hurricane Harvey formed as a tropical storm over the Atlantic Ocean on August 17, 2017 and crossed into the Caribbean Sea the next day. It weakened to a tropical depression as it crossed the Yucatan Peninsula, but attained hurricane strength over the Gulf of Mexico on August 24, rapidly intensifying to reach Category 4 strength just before making landfall on the Texas coast 50 km east of Corpus Christi on August 25, causing severe wind damage in coastal towns. Harvey moved slowly inland, remaining nearly stationary about 100 km inland for four days before moving back into the Gulf and making a second landfall in Louisiana on August 30. While Hurricane Harvey was a significant hurricane in terms of its size and wind speed, ultimately, the storm will be remembered for the extreme flooding it caused in Houston and surrounding areas.
Between August 25–30, unprecedented rainfall totals for a tropical cyclone (TC) in the contiguous United States were recorded. The station Cedar Bayou at FM1942 , about 40 km west of Houston, had observed an accumulated 1318 mm (51.89 ” ) by Thursday August 31, 10 AM CDT. Widespread flooding necessitated more than 120 000 rescues, exceeding the capacity of formal emergency response organisations and requiring the assistance of volunteers with access to boats or large vehicles. Over 80 deaths have been attributed to Harvey, mostly as a result of drowning, and financial analysts estimate it to be among the costliest natural disaster in US history (NOAA NCEI 2017). It is estimated that flooding ultimately impacted more than 100 000 homes, of which nearly 80 000 are estimated to have been flooded to a depth of at least 0.46 m (18 ” ) and 23 000 to at least 1.5 m (5 ft) (FEMA 2017).
In the immediate aftermath of the event, the question was raised as to what extent the impacts of Hurricane Harvey were intensified due to anthropogenic climate change. In this paper, we analyze the rainfall associated with Hurricane Harvey, contextualising it with relevant flood risk factors, to answer this question.
The observed and expected response of TCs to greenhouse gas-induced climate change has been the subject of intense research. Globally, there is an expectation that increasing greenhouse gases will lead to a decrease or no change in the overall number of TCs, but that the maximum wind speed and precipitation of the strongest storms should increase (Hesselbjerg Christensen et al 2013). However, there is low confidence in region-specific projections. For the Atlantic basin, there is considerable spread in the expected change in TC frequency resulting from CO 2 increases, even considering only the strongest storms (Knutson et al 2013). Furthermore, changes in observing practices limit confidence in century-scale trends in Atlantic hurricane frequency (Vecchi and Knutson, 2011). That is, at this stage, there is no clear scientific evidence to support the notion that the existence of Harvey was made more likely by global warming.
However, the impacts of Harvey may have been influenced by global warming; studies consistently indicate that greenhouse gas-induced warming should lead to increases in the total and maximum rainfall by TCs (Knutson et al 2010, Scoccimarro et al 2014, Villarini et al 2014). In general, the maximum moisture content of air increases with 6%–8.5% per degree warming, according to the Clausius-Clapeyron (CC) relationship (Clapeyron 1834, Clausius 1850, Held and Soden 2006, O’Gorman 2015). If relative humidity stays the same, which is the norm near oceans, the actual amount of water vapour in the air increases by the same amount. Studies exploring the response of TC rainfall to greenhouse warming find rates of increase at least as large as CC-scaling, with various studies indicating increases that follow or exceed CC-scaling (e.g. Knutson et al 2010, 2013, Scoccimarro et al 2014). The hypothesis underlying higher scaling is that the extra heat of condensation gives extra energy to drive the circulation in a well-organised system. The moisture flux is thus enhanced twice: not only with higher moisture content, but also with higher velocities. This could result in up to two times CC-scaling, as was found on smaller and shorter time scales by Lenderink et al (2017). Another contribution may be a possible increase in the probability that a hurricane stalls over the coast either by a systematic trend in persistency of high pressure events globally (Mann et al 2017) or simply a local tendency in mean circulation.
Van der Wiel et al (2017) showed that the high tail of the distribution of extreme precipitation on the US Gulf Coast can be described well by a generalised extreme value distribution (GEV), in spite of the many different mechanisms that cause these high precipitation events there (Schumacher and Johnson 2006). It was found that the change in intensity was compatible with 2 × CC scaling. The distribution of the most extreme events was also found to be simulated reasonably well by the GFDL HiFLOR model with a 25 km atmospheric resolution, and to a lesser extent by the 50 km resolution FLOR-FA model. These models simulated 1 × CC scaling for the most extreme events, as is observed for global one-day precipitation extremes (Westra et al 2013). However, regionally and for longer time-scale events, the scaling may well be different. For instance, in Boulder, Colorado, lower scaling was found for five-day precipitation extremes (Hoerling et al 2013, Eden et al 2016).
We follow the same methodology as van der Wiel et al (2017) to attribute the extreme precipitation from Hurricane Harvey to anthropogenic climate change and refer to that paper for an extensive discussion of the methods and assumptions. In addition, we are including two supplementary observational datasets and two additional high-resolution models. This analysis does not consider the relatively low-resolution (50 km) FLOR-FA model.
The analysis herein focuses on extreme precipitation as the primary cause of flooding. We do not consider the backwater effects of elevated water levels due to storm surge or relative sea level rise in Galveston Bay on the ability of the system to drain, but previous studies have suggested that this may be an important factor in determining the intensity and extent of coastal flooding (Torres et al 2015, Sebastian et al 2017). In addition, we acknowledge that other anthropogenic factors have contributed to increased flood risk in Houston, specifically urban development, which has led to floodplain encroachment, increased impervious cover, reduced overland and channel roughness, decreased storage capacity (Brody et al 2008, 2011), and resource withdrawal that has led to subsidence of up to 3 m (10 ft). Moreover, the operation of emergency flood control structures, such as the Addicks and Barker Reservoirs west of downtown Houston, further exacerbated flooding in some areas of the city. While the impact of urban development and subsidence on flooding during Hurricane Harvey is not directly addressed in this paper, we provide suggestions for future research regarding this event and its impacts.
The time scale of the event definition is set by the main impact: flooding in the city of Houston. Hydrographs show that most rivers and bayous in Houston crested on Monday August 28 or Tuesday August 29 local time, see figures 1 ( a ) and ( b ). Note that Buffalo Bayou is an exception, as it was affected by the controlled release of waters from the Addicks and Barker Reservoirs upstream (figure 1( c )). The 10 minute meteorological station ‘Houston’ also shows that the three days up to Monday August 28 produced the highest amounts of precipitation. We therefore take the three-day average for Saturday August 26 to Monday August 28 to be the most relevant time scale. This implies the rainfall accumulations we consider are lower than the all-storm totals mentioned in the introduction.
The highest official gauge recording over the three-day period reported immediately after the event was at the William P. Hobby International Airport (Hobby Airport), WMO 72244, with 824.7 mm 3dy −1 (32.47 ” 3dy −1 ), corresponding to 274.9 mm dy −1 (10.82 ” day −1 ) on August 26–28. At airports, this is usually 0–24 UTC. Later updates of the GHCN-D v2 dataset added to stations with higher precipitation: Houston NWSO (USC00414333) with 999.2 on August 26–28 and Baytown (USC00410586) with 1043.4 mm 3dy −1 (41.07 ” 3dy −1 ), corresponding to 347.8 mm dy −1 (13.69 ” dy −1 ) on August 27–29, presumably 8–8 local time. We use the latter value as the highest observed point value for this event.
Amateur stations give even higher amounts, but were not used in this study. It should be noted that often-quoted ’72 hr sums’ use higher resolution data (hourly or 10 minute) and choose the beginning arbitrarily. This precludes comparison with historical observations that are usually daily with a fixed observation time.
Van der Wiel et al (2017) showed that extreme precipitation could be considered homogeneous along the Gulf Coast, using the land area 29°N–31°N, 85°W–95°W. As the most-affected areas are just west of this box, we extended it to Corpus Christi, 27.5°N–31°N, 85°W–97.5°W (figures 2( c ) and ( d )). The extreme western part of this area has slightly lower extreme precipitation, but this does not affect the analysis, especially not the spatial maximum that is used for the models. Note that extreme precipitation in this area is not only due to tropical storms, but also to a variety of other mechanisms such as the cut-off low studied in van der Wiel et al (2017). Extreme precipitation events occur throughout the year, with only a modest increase in the hurricane season (June–November).
For the observational analysis, we primarily use the two rain gauge-based datasets that were also used in van der Wiel et al (2017). The first is the GHCN-D v2 collectio";What is the estimated increase in likelihood of the record rainfall during Hurricane Harvey due to human-caused climate change?;About three times more likely
62;https://www.worldweatherattribution.org/hurricane-harvey-august-2017/;"Our scientific analysis found that human-caused climate change made the record rainfall that fell over Houston during Hurricane Harvey roughly three times more likely and 15 percent more intense.
During August 25–30, 2017, Hurricane Harvey stalled over Texas and caused extreme precipitation, particularly over Houston and the surrounding area on August 26–28. This resulted in extensive flooding with over 80 fatalities and large economic costs. It was an extremely rare event: the return period of the highest observed three-day precipitation amount, 1043.4 mm 3dy −1 at Baytown, is more than 9000 years (97.5% one-sided confidence interval) and return periods exceeded 1000 yr (750 mm 3dy −1 ) over a large area in the current climate. Observations since 1880 over the region show a clear positive trend in the intensity of extreme precipitation of between 12% and 22%, roughly two times the increase of the moisture holding capacity of the atmosphere expected for 1°C warming according to the Clausius–Clapeyron (CC) relation. This would indicate that the moisture flux was increased by both the moisture content and stronger winds or updrafts driven by the heat of condensation of the moisture.
We also analysed extreme rainfall in the Houston area in three ensembles of 25 km resolution models. The first also shows 2 × CC scaling, the second 1 × CC scaling and the third did not have a realistic representation of extreme rainfall on the Gulf Coast. Extrapolating these results to the 2017 event, we conclude that global warming made the precipitation about 15% (8%–19%) more intense, or equivalently made such an event three (1.5–5) times more likely. This analysis makes clear that extreme rainfall events along the Gulf Coast are on the rise. And while fortifying Houston to fully withstand the impact of an event as extreme as Hurricane Harvey may not be economically feasible, it is critical that information regarding the increasing risk of extreme rainfall events in general should be part of the discussion about future improvements to Houston’s flood protection system.
Hurricane Harvey formed as a tropical storm over the Atlantic Ocean on August 17, 2017 and crossed into the Caribbean Sea the next day. It weakened to a tropical depression as it crossed the Yucatan Peninsula, but attained hurricane strength over the Gulf of Mexico on August 24, rapidly intensifying to reach Category 4 strength just before making landfall on the Texas coast 50 km east of Corpus Christi on August 25, causing severe wind damage in coastal towns. Harvey moved slowly inland, remaining nearly stationary about 100 km inland for four days before moving back into the Gulf and making a second landfall in Louisiana on August 30. While Hurricane Harvey was a significant hurricane in terms of its size and wind speed, ultimately, the storm will be remembered for the extreme flooding it caused in Houston and surrounding areas.
Between August 25–30, unprecedented rainfall totals for a tropical cyclone (TC) in the contiguous United States were recorded. The station Cedar Bayou at FM1942 , about 40 km west of Houston, had observed an accumulated 1318 mm (51.89 ” ) by Thursday August 31, 10 AM CDT. Widespread flooding necessitated more than 120 000 rescues, exceeding the capacity of formal emergency response organisations and requiring the assistance of volunteers with access to boats or large vehicles. Over 80 deaths have been attributed to Harvey, mostly as a result of drowning, and financial analysts estimate it to be among the costliest natural disaster in US history (NOAA NCEI 2017). It is estimated that flooding ultimately impacted more than 100 000 homes, of which nearly 80 000 are estimated to have been flooded to a depth of at least 0.46 m (18 ” ) and 23 000 to at least 1.5 m (5 ft) (FEMA 2017).
In the immediate aftermath of the event, the question was raised as to what extent the impacts of Hurricane Harvey were intensified due to anthropogenic climate change. In this paper, we analyze the rainfall associated with Hurricane Harvey, contextualising it with relevant flood risk factors, to answer this question.
The observed and expected response of TCs to greenhouse gas-induced climate change has been the subject of intense research. Globally, there is an expectation that increasing greenhouse gases will lead to a decrease or no change in the overall number of TCs, but that the maximum wind speed and precipitation of the strongest storms should increase (Hesselbjerg Christensen et al 2013). However, there is low confidence in region-specific projections. For the Atlantic basin, there is considerable spread in the expected change in TC frequency resulting from CO 2 increases, even considering only the strongest storms (Knutson et al 2013). Furthermore, changes in observing practices limit confidence in century-scale trends in Atlantic hurricane frequency (Vecchi and Knutson, 2011). That is, at this stage, there is no clear scientific evidence to support the notion that the existence of Harvey was made more likely by global warming.
However, the impacts of Harvey may have been influenced by global warming; studies consistently indicate that greenhouse gas-induced warming should lead to increases in the total and maximum rainfall by TCs (Knutson et al 2010, Scoccimarro et al 2014, Villarini et al 2014). In general, the maximum moisture content of air increases with 6%–8.5% per degree warming, according to the Clausius-Clapeyron (CC) relationship (Clapeyron 1834, Clausius 1850, Held and Soden 2006, O’Gorman 2015). If relative humidity stays the same, which is the norm near oceans, the actual amount of water vapour in the air increases by the same amount. Studies exploring the response of TC rainfall to greenhouse warming find rates of increase at least as large as CC-scaling, with various studies indicating increases that follow or exceed CC-scaling (e.g. Knutson et al 2010, 2013, Scoccimarro et al 2014). The hypothesis underlying higher scaling is that the extra heat of condensation gives extra energy to drive the circulation in a well-organised system. The moisture flux is thus enhanced twice: not only with higher moisture content, but also with higher velocities. This could result in up to two times CC-scaling, as was found on smaller and shorter time scales by Lenderink et al (2017). Another contribution may be a possible increase in the probability that a hurricane stalls over the coast either by a systematic trend in persistency of high pressure events globally (Mann et al 2017) or simply a local tendency in mean circulation.
Van der Wiel et al (2017) showed that the high tail of the distribution of extreme precipitation on the US Gulf Coast can be described well by a generalised extreme value distribution (GEV), in spite of the many different mechanisms that cause these high precipitation events there (Schumacher and Johnson 2006). It was found that the change in intensity was compatible with 2 × CC scaling. The distribution of the most extreme events was also found to be simulated reasonably well by the GFDL HiFLOR model with a 25 km atmospheric resolution, and to a lesser extent by the 50 km resolution FLOR-FA model. These models simulated 1 × CC scaling for the most extreme events, as is observed for global one-day precipitation extremes (Westra et al 2013). However, regionally and for longer time-scale events, the scaling may well be different. For instance, in Boulder, Colorado, lower scaling was found for five-day precipitation extremes (Hoerling et al 2013, Eden et al 2016).
We follow the same methodology as van der Wiel et al (2017) to attribute the extreme precipitation from Hurricane Harvey to anthropogenic climate change and refer to that paper for an extensive discussion of the methods and assumptions. In addition, we are including two supplementary observational datasets and two additional high-resolution models. This analysis does not consider the relatively low-resolution (50 km) FLOR-FA model.
The analysis herein focuses on extreme precipitation as the primary cause of flooding. We do not consider the backwater effects of elevated water levels due to storm surge or relative sea level rise in Galveston Bay on the ability of the system to drain, but previous studies have suggested that this may be an important factor in determining the intensity and extent of coastal flooding (Torres et al 2015, Sebastian et al 2017). In addition, we acknowledge that other anthropogenic factors have contributed to increased flood risk in Houston, specifically urban development, which has led to floodplain encroachment, increased impervious cover, reduced overland and channel roughness, decreased storage capacity (Brody et al 2008, 2011), and resource withdrawal that has led to subsidence of up to 3 m (10 ft). Moreover, the operation of emergency flood control structures, such as the Addicks and Barker Reservoirs west of downtown Houston, further exacerbated flooding in some areas of the city. While the impact of urban development and subsidence on flooding during Hurricane Harvey is not directly addressed in this paper, we provide suggestions for future research regarding this event and its impacts.
The time scale of the event definition is set by the main impact: flooding in the city of Houston. Hydrographs show that most rivers and bayous in Houston crested on Monday August 28 or Tuesday August 29 local time, see figures 1 ( a ) and ( b ). Note that Buffalo Bayou is an exception, as it was affected by the controlled release of waters from the Addicks and Barker Reservoirs upstream (figure 1( c )). The 10 minute meteorological station ‘Houston’ also shows that the three days up to Monday August 28 produced the highest amounts of precipitation. We therefore take the three-day average for Saturday August 26 to Monday August 28 to be the most relevant time scale. This implies the rainfall accumulations we consider are lower than the all-storm totals mentioned in the introduction.
The highest official gauge recording over the three-day period reported immediately after the event was at the William P. Hobby International Airport (Hobby Airport), WMO 72244, with 824.7 mm 3dy −1 (32.47 ” 3dy −1 ), corresponding to 274.9 mm dy −1 (10.82 ” day −1 ) on August 26–28. At airports, this is usually 0–24 UTC. Later updates of the GHCN-D v2 dataset added to stations with higher precipitation: Houston NWSO (USC00414333) with 999.2 on August 26–28 and Baytown (USC00410586) with 1043.4 mm 3dy −1 (41.07 ” 3dy −1 ), corresponding to 347.8 mm dy −1 (13.69 ” dy −1 ) on August 27–29, presumably 8–8 local time. We use the latter value as the highest observed point value for this event.
Amateur stations give even higher amounts, but were not used in this study. It should be noted that often-quoted ’72 hr sums’ use higher resolution data (hourly or 10 minute) and choose the beginning arbitrarily. This precludes comparison with historical observations that are usually daily with a fixed observation time.
Van der Wiel et al (2017) showed that extreme precipitation could be considered homogeneous along the Gulf Coast, using the land area 29°N–31°N, 85°W–95°W. As the most-affected areas are just west of this box, we extended it to Corpus Christi, 27.5°N–31°N, 85°W–97.5°W (figures 2( c ) and ( d )). The extreme western part of this area has slightly lower extreme precipitation, but this does not affect the analysis, especially not the spatial maximum that is used for the models. Note that extreme precipitation in this area is not only due to tropical storms, but also to a variety of other mechanisms such as the cut-off low studied in van der Wiel et al (2017). Extreme precipitation events occur throughout the year, with only a modest increase in the hurricane season (June–November).
For the observational analysis, we primarily use the two rain gauge-based datasets that were also used in van der Wiel et al (2017). The first is the GHCN-D v2 collectio";By what percentage did anthropogenic climate change make the precipitation intensity of Hurricane Harvey greater?;Approximately 15 %
63;https://www.worldweatherattribution.org/india-heat-wave-2016/;"In May 2016, an all-time record high temperature of 51°C was recorded in Rajasthan, India, by some accounts the third-highest temperature ever documented globally. What was behind the extreme heat?
Consistent with human-caused climate change, annual mean temperatures across India are increasing.
Heatwaves in a relatively small area of India are becoming more frequent and more intense, but this is not true for most of the country.
On May 19, 2016, Phalodi, Rajasthan set an all-time record for any calendar day, hitting 51°C.
Peer-reviewed methods were used to see if climate change affected the risk of heat like that on May 19, 2016 in Rajashtan, and like that of similar one-day heat event in Andhra Pradesh in May 2015.
The analysis did not find a significant trend for these individual heat waves. This runs counter to studies done on similar extreme heat events in other parts of the world.
The lack of a detectable trend may be due to the masking effect of aerosols on global warming and increased use of irrigation.
On Thursday, May 19, 2016, India experienced an all-time record high temperature for any calendar day. The high temperature reached 51°C in the city of Phalodi in the Jodhpur district in the state of Rajasthan (Figure 1). It was so hot that many residents of this city of about 50,000 simply remained indoors. Those who did venture outside in Gujarat’s Valsad found their sandals sticking to molten roads .
Temperatures were high across much of Rajasthan on that day, with a majority of stations recording maximum temperatures above 46°C. The state capital of Jaipur saw its hottest day in the last 11 years with a maximum temperature of 46.5°C while Delhi, India’s capital, reached 46.8°C.
The record topped India’s previous all-time record high of 50.6°C in the city of Alwar, also in Rajasthan, set back in 1956.
Table 1: Maximum temperature in select cities on May 19, 2016. Source: A. Metal, Times of India , May 19, 2016.
May is typically the hottest month across India, with temperatures reaching up to 40°C in the hottest areas before the cooling southwest monsoon rains arrive in July. Rajasthan, home to the Thar desert, typically records the highest temperatures in India. However, the intensity of this particular heat wave left many wondering whether climate change might be contributing to the record-breaking nature of the event.
This is an overview of what is currently known about the changing nature of high temperatures in India. Included is an analysis of the highest daily maximum temperature of the year (TXx) for Rajasthan, the region that set the recent record. For comparison, the same analysis for the location of the 2015 heat wave in Andhra Pradesh is provided. Using both observational data and models, these analyses aim to offer a better understanding of the role of human-caused climate change as well as other factors, notably aerosols and irrigation.
According to several studies, parts of India are seeing increasing heat waves (defined as a maximum temperature at or above 40°C, maximum temperature departure from normal is 4.5-6.4°C above average, or maximum temperatures at or above 45°C) and severe heat waves (maximum temperature departure from normal of 6.5°C or maximum temperatures at or above 47°C). However, other regions see decreases. The trends vary depending on the region. According to the India Meteorological Department (IMD), the frequency of heat waves and severe heat waves has increased in aggregate across India, while large areas show no clear trend since the 1970s.
In their analysis of 103 stations across India, Pai et. al. (2013) report that while most stations showed an increase in heat waves and severe heat waves, seven stations showed a decrease (five with respect to heat waves and two with respect to severe heat waves).
A similar analysis (Rohini et. al., 2016) uses Excess Heat Factor (EHF) and 90th percentile of maximum temperatures to assess changes in heat wave frequency, total duration and maximum duration over parts of northwest India (22°N–31°N, 70°E–77°E) over the period 1961–2013. They conclude that frequency of heat waves increased by 1 event in 20 years, average total duration of heat waves increased by two days per decade, and maximum duration increased by about 1.5 days per decade in this part of the country. However, across the rest of India they find no significant trend.
Assessing the role of global warming
Recent advances in the science of extreme event attribution now make it possible for scientists to rapidly provide an objective, quantitative initial estimate of the relative contribution of global warming to specific classes of extreme weather (i.e., heatwaves, cold waves, drought and heavy rainfalls). Using peer-reviewed methods, these analyses provide estimates of the return-time period of the event both today and in the past — before there was a strong human influence on the climate system. The ratio of these is a measure of the extent to which climate change affected the likelihood of the event. Overall, extreme event attribution can provide valuable information to decision-makers faced with difficult and critical questions about changing risks and to underpin adaptation strategies at a more local level.
To assess the potential link between the highest daily maximum temperature of the year in northwestern India or Andhra Pradesh and human-caused greenhouse gases in the atmosphere, the World Weather Attribution (WWA) team conducted independent assessments using three peer-reviewed approaches: statistical analyses of the historical temperature record, the temperature trends in global coupled climate models, and the results of thousands of simulations of possible weather with a global climate model. Applying multiple methods provides scientists with a means to assess confidence in the results.
As discussed above, the observational analysis shows very low or no trends in most of India, and positive trends in the northeast. The return time of the observed 2016 temperature record at the nearest station with a long time series, Bikaner, is between 13 and 180 years. For the Andhra Pradesh heat wave the return time was about 10 years. Given the limited area covered by this last heat wave, events like this may be expected almost every year somewhere in South Asia.
The analysis of climate models always starts with a quality check. Are the models realistic enough for the event that is being studied? In this case, the global coupled climate models, such as the CMIP5 ensemble, show trends in sea surface temperature and heat waves that are not compatible with the observed trends. Therefore that ensemble was not used for further analysis.
Finally, the regional model that was forced with observed sea surface temperatures shows a spatial pattern of an increase and no-increase in maximum temperatures over India that is more comparable with observations. Although the magnitude of the change differs from observations we use this model for analysis as it allows to draw conclusions on the influence of sea surface temperatures on the likelihood of record breaking heat.
The analysis found that human-induced climate change increased the risk of 51 degree maximum temperatures to be exceeded in the grid-box around Phalodi in 2015 from a 1 in 20-30 year event to a 1 in 7-10 year event, so a small increase in probability. At the same time an event of this magnitude is only expected to occur every 40-49 years in a year of the same overall warming as 2015 but without the specific sea surface temperatures that were observed. The influence of the SSTs and thus natural interannual variability on the likelihood of an event like this to occur is thus higher than the influence of human-induced warming.
In conclusion, the two approaches that are trusted give an increase in probability of heat waves in both regions, but the increase is not statistically significant and can be due to data inhomogeneities (trend in missing data) and remaining model inaccuracies. This is in contrast to other parts of the world, e.g. in Europe, where trends in heat waves are very pronounced. The question is therefore why the increase is so much less and in some regions absent. Two factors can counteract the warming effect of greenhouses gases. These are the cooling effects of aerosols and of irrigation. (A third factor, decadal variability, is not relevant for India.)
Increasing concentrations of aerosols in the atmosphere block sunlight and so cause a cooling effect on the ground (e.g. Wild et al. 2007). In Europe, summer temperatures hardly increased up to the 1980s when aerosols reductions started to become effective. (Afterwards, the trend was higher than expected due to greenhouse gases alone.) There is qualitative evidence that the same effect is operating in India over the last few decades.
Based on the qualitative analysis of trends in aerosol optical depth and highest daily-maximum temperature of the year, it is likely that aerosols are helping to offset the surface warming trend over India – particularly when it comes to maximum temperatures in the pre-monsoon season. Figure 3 shows the trend in aerosol optical depth overlaid on top of the trend in highest daily maximum temperature of the year. Optical depth over the period 2003 to 2015 is decreasing (clearer skies) to the north and increasing (more pollution) to the south. There is general agreement between the decreasing trend in optical depth and increasing trend in maximum temperature.
This hypothesis is supported by other research. Kumari et. al. (2007), using station data collected from the IMD, find that the average solar dimming as a result of increased aerosols from human activity is approximately −0.86 W/m2 per year over India for the period 1981–2004. Over the past decade aerosol optical depth has been increasing 4 percent per year over India (Kumari et. al., 2007; K. Moorthy, 2013). As energy policies shift away from fossil fuels, it is likely the cooling effect of aerosols across Asia will diminish, resulting in an increase in the intensity of heat waves over the coming decades. Earth System Model (ESM) experiments indicate an increase in the intensity, duration and frequency of severe heat waves for the 2070-2099 period in most parts of India, with the highest increase in intensity projected to occur in northern India (Murari et. al., 2015).
High temperatures with polluted air kill many more people than high heat alone. This means that the impacts of heat waves may well have become worse, even if the maximum temperatures have not shown strong trends.
Another well-known effect that can counteract heating, especially in the maximum temperatures, is increased irrigation. The extra water availability means that incoming solar energy is used more for evaporation and less for raising the temperatures. There is evidence that increased irrigation has decreased dry season maximum temperatures in many regions of the world, e.g, by up to 5 ºC in California (Kueppers et al, 2007, Lobell et al, 2008). In India, relative humidity has increased significantly in the northern and central regions, corresponding with regions that are said to have more irrigation. This trend probably also contributes to the lower or absent trends in pre-monsoon maximum temperatures.
It should be noted that, just as with air pollution, increased humidity also increases the health effects of heatwaves. Even if the maximum temperatures do not increase much, the combination of high temperatures with increasing humidity makes the impacts of heat waves more dangerous. This is reflected in an upward trend of the highest wet bulb temperatures.
Excessive heat can have a devastating impact on human health, resulting in heat cramps, exhaustion, and life-threatening heat strokes where children and the aged are most vulnerable. It can also aggravate pre-existing pulmonary conditions, cardiac conditions, kidney disorders and psychiatric illness. High air po";What temperature was recorded in Phalodi, Rajasthan on May 19, 2016?;51°C
64;https://www.worldweatherattribution.org/india-heat-wave-2016/;"In May 2016, an all-time record high temperature of 51°C was recorded in Rajasthan, India, by some accounts the third-highest temperature ever documented globally. What was behind the extreme heat?
Consistent with human-caused climate change, annual mean temperatures across India are increasing.
Heatwaves in a relatively small area of India are becoming more frequent and more intense, but this is not true for most of the country.
On May 19, 2016, Phalodi, Rajasthan set an all-time record for any calendar day, hitting 51°C.
Peer-reviewed methods were used to see if climate change affected the risk of heat like that on May 19, 2016 in Rajashtan, and like that of similar one-day heat event in Andhra Pradesh in May 2015.
The analysis did not find a significant trend for these individual heat waves. This runs counter to studies done on similar extreme heat events in other parts of the world.
The lack of a detectable trend may be due to the masking effect of aerosols on global warming and increased use of irrigation.
On Thursday, May 19, 2016, India experienced an all-time record high temperature for any calendar day. The high temperature reached 51°C in the city of Phalodi in the Jodhpur district in the state of Rajasthan (Figure 1). It was so hot that many residents of this city of about 50,000 simply remained indoors. Those who did venture outside in Gujarat’s Valsad found their sandals sticking to molten roads .
Temperatures were high across much of Rajasthan on that day, with a majority of stations recording maximum temperatures above 46°C. The state capital of Jaipur saw its hottest day in the last 11 years with a maximum temperature of 46.5°C while Delhi, India’s capital, reached 46.8°C.
The record topped India’s previous all-time record high of 50.6°C in the city of Alwar, also in Rajasthan, set back in 1956.
Table 1: Maximum temperature in select cities on May 19, 2016. Source: A. Metal, Times of India , May 19, 2016.
May is typically the hottest month across India, with temperatures reaching up to 40°C in the hottest areas before the cooling southwest monsoon rains arrive in July. Rajasthan, home to the Thar desert, typically records the highest temperatures in India. However, the intensity of this particular heat wave left many wondering whether climate change might be contributing to the record-breaking nature of the event.
This is an overview of what is currently known about the changing nature of high temperatures in India. Included is an analysis of the highest daily maximum temperature of the year (TXx) for Rajasthan, the region that set the recent record. For comparison, the same analysis for the location of the 2015 heat wave in Andhra Pradesh is provided. Using both observational data and models, these analyses aim to offer a better understanding of the role of human-caused climate change as well as other factors, notably aerosols and irrigation.
According to several studies, parts of India are seeing increasing heat waves (defined as a maximum temperature at or above 40°C, maximum temperature departure from normal is 4.5-6.4°C above average, or maximum temperatures at or above 45°C) and severe heat waves (maximum temperature departure from normal of 6.5°C or maximum temperatures at or above 47°C). However, other regions see decreases. The trends vary depending on the region. According to the India Meteorological Department (IMD), the frequency of heat waves and severe heat waves has increased in aggregate across India, while large areas show no clear trend since the 1970s.
In their analysis of 103 stations across India, Pai et. al. (2013) report that while most stations showed an increase in heat waves and severe heat waves, seven stations showed a decrease (five with respect to heat waves and two with respect to severe heat waves).
A similar analysis (Rohini et. al., 2016) uses Excess Heat Factor (EHF) and 90th percentile of maximum temperatures to assess changes in heat wave frequency, total duration and maximum duration over parts of northwest India (22°N–31°N, 70°E–77°E) over the period 1961–2013. They conclude that frequency of heat waves increased by 1 event in 20 years, average total duration of heat waves increased by two days per decade, and maximum duration increased by about 1.5 days per decade in this part of the country. However, across the rest of India they find no significant trend.
Assessing the role of global warming
Recent advances in the science of extreme event attribution now make it possible for scientists to rapidly provide an objective, quantitative initial estimate of the relative contribution of global warming to specific classes of extreme weather (i.e., heatwaves, cold waves, drought and heavy rainfalls). Using peer-reviewed methods, these analyses provide estimates of the return-time period of the event both today and in the past — before there was a strong human influence on the climate system. The ratio of these is a measure of the extent to which climate change affected the likelihood of the event. Overall, extreme event attribution can provide valuable information to decision-makers faced with difficult and critical questions about changing risks and to underpin adaptation strategies at a more local level.
To assess the potential link between the highest daily maximum temperature of the year in northwestern India or Andhra Pradesh and human-caused greenhouse gases in the atmosphere, the World Weather Attribution (WWA) team conducted independent assessments using three peer-reviewed approaches: statistical analyses of the historical temperature record, the temperature trends in global coupled climate models, and the results of thousands of simulations of possible weather with a global climate model. Applying multiple methods provides scientists with a means to assess confidence in the results.
As discussed above, the observational analysis shows very low or no trends in most of India, and positive trends in the northeast. The return time of the observed 2016 temperature record at the nearest station with a long time series, Bikaner, is between 13 and 180 years. For the Andhra Pradesh heat wave the return time was about 10 years. Given the limited area covered by this last heat wave, events like this may be expected almost every year somewhere in South Asia.
The analysis of climate models always starts with a quality check. Are the models realistic enough for the event that is being studied? In this case, the global coupled climate models, such as the CMIP5 ensemble, show trends in sea surface temperature and heat waves that are not compatible with the observed trends. Therefore that ensemble was not used for further analysis.
Finally, the regional model that was forced with observed sea surface temperatures shows a spatial pattern of an increase and no-increase in maximum temperatures over India that is more comparable with observations. Although the magnitude of the change differs from observations we use this model for analysis as it allows to draw conclusions on the influence of sea surface temperatures on the likelihood of record breaking heat.
The analysis found that human-induced climate change increased the risk of 51 degree maximum temperatures to be exceeded in the grid-box around Phalodi in 2015 from a 1 in 20-30 year event to a 1 in 7-10 year event, so a small increase in probability. At the same time an event of this magnitude is only expected to occur every 40-49 years in a year of the same overall warming as 2015 but without the specific sea surface temperatures that were observed. The influence of the SSTs and thus natural interannual variability on the likelihood of an event like this to occur is thus higher than the influence of human-induced warming.
In conclusion, the two approaches that are trusted give an increase in probability of heat waves in both regions, but the increase is not statistically significant and can be due to data inhomogeneities (trend in missing data) and remaining model inaccuracies. This is in contrast to other parts of the world, e.g. in Europe, where trends in heat waves are very pronounced. The question is therefore why the increase is so much less and in some regions absent. Two factors can counteract the warming effect of greenhouses gases. These are the cooling effects of aerosols and of irrigation. (A third factor, decadal variability, is not relevant for India.)
Increasing concentrations of aerosols in the atmosphere block sunlight and so cause a cooling effect on the ground (e.g. Wild et al. 2007). In Europe, summer temperatures hardly increased up to the 1980s when aerosols reductions started to become effective. (Afterwards, the trend was higher than expected due to greenhouse gases alone.) There is qualitative evidence that the same effect is operating in India over the last few decades.
Based on the qualitative analysis of trends in aerosol optical depth and highest daily-maximum temperature of the year, it is likely that aerosols are helping to offset the surface warming trend over India – particularly when it comes to maximum temperatures in the pre-monsoon season. Figure 3 shows the trend in aerosol optical depth overlaid on top of the trend in highest daily maximum temperature of the year. Optical depth over the period 2003 to 2015 is decreasing (clearer skies) to the north and increasing (more pollution) to the south. There is general agreement between the decreasing trend in optical depth and increasing trend in maximum temperature.
This hypothesis is supported by other research. Kumari et. al. (2007), using station data collected from the IMD, find that the average solar dimming as a result of increased aerosols from human activity is approximately −0.86 W/m2 per year over India for the period 1981–2004. Over the past decade aerosol optical depth has been increasing 4 percent per year over India (Kumari et. al., 2007; K. Moorthy, 2013). As energy policies shift away from fossil fuels, it is likely the cooling effect of aerosols across Asia will diminish, resulting in an increase in the intensity of heat waves over the coming decades. Earth System Model (ESM) experiments indicate an increase in the intensity, duration and frequency of severe heat waves for the 2070-2099 period in most parts of India, with the highest increase in intensity projected to occur in northern India (Murari et. al., 2015).
High temperatures with polluted air kill many more people than high heat alone. This means that the impacts of heat waves may well have become worse, even if the maximum temperatures have not shown strong trends.
Another well-known effect that can counteract heating, especially in the maximum temperatures, is increased irrigation. The extra water availability means that incoming solar energy is used more for evaporation and less for raising the temperatures. There is evidence that increased irrigation has decreased dry season maximum temperatures in many regions of the world, e.g, by up to 5 ºC in California (Kueppers et al, 2007, Lobell et al, 2008). In India, relative humidity has increased significantly in the northern and central regions, corresponding with regions that are said to have more irrigation. This trend probably also contributes to the lower or absent trends in pre-monsoon maximum temperatures.
It should be noted that, just as with air pollution, increased humidity also increases the health effects of heatwaves. Even if the maximum temperatures do not increase much, the combination of high temperatures with increasing humidity makes the impacts of heat waves more dangerous. This is reflected in an upward trend of the highest wet bulb temperatures.
Excessive heat can have a devastating impact on human health, resulting in heat cramps, exhaustion, and life-threatening heat strokes where children and the aged are most vulnerable. It can also aggravate pre-existing pulmonary conditions, cardiac conditions, kidney disorders and psychiatric illness. High air po";Which factor is suggested to offset warming trends in India's pre‑monsoon maximum temperatures?;Aerosols
65;https://www.worldweatherattribution.org/kenya-drought-2016/;"In Kenya, the distressing numbers associated with the ongoing drought continue to mount. As of February 2017, the drought has affected 23 of 47 counties. The cost of maize has risen by a third in the past year, while production of the staple crop has plunged.
More than two million people are in need of food aid. Estimates of severely malnourished pregnant mothers and children have topped 350,000. Approximately 175,000 children are unable to attend pre-primary and primary schools due to the drought, according to a UNICEF estimate. On February 10th, 2017, Kenya’s President Uhuru Kenyatta declared a national emergency. And on March 9th, the president called for the temporary closing of schools in drought-stricken areas.
The Government of Kenya has declared the country’s drought a national emergency.
The areas with the lowest rainfall in this drought are in the northwest and southeast parts of the country.
Scientists with World Weather Attribution used multiple methods of attribution science to look at the possible roles climate change and the ENSO signal played in the drought.
Trends indicate that the temperatures involved in this drought are hotter than they would have been without the influence of climate change.
There is no detectable trend in rainfall, but the team cannot exclude small changes in the risk of poor rains linked to climate change.
The indications of the impending drought began in 2016. Kenya receives the majority of its rainfall during two periods: the “long rains” from March, April and May (MAM) and the “short rains” from October, November and December (OND). However, in 2016 the OND rains failed. Counties in the northwest and southeast regions were particularly badly hit. The southeast also suffered from poor MAM rains.
Figure 1: Relative anomalies of precipitation of the study area, expressed as fractions. [Panel A] Jan-Dec 2016 monthly mean of daily precipitation data from CHIRPS across East Africa. [Panel B] Same as Panel A, but for 2016 “short rains” (Oct-Dec). The counties that have been studied in this analysis are outlined in bold. Given the current drought in Kenya and its threat to health and local food security, scientists with Climate Central , the Royal Netherlands Meteorological Institute (KNMI) and the University of Oxford — as part of the World Weather Attribution (WWA) partnership which also includes Red Cross Red Crescent Climate Centre and University of Melbourne , conducted a real-time attribution analysis to see whether and to what extent human-induced climate change has played in this drought. The rapid/real-time analysis that WWA has conducted in Kenya is part of the Raising Risk Awareness program, a pilot project using state-of-the-art science to help Asian and African societies to understand the role of climate change in extreme weather events and prepare for future ones.
Researchers considered the counties classified as “alarm stage” by the National Drought Management Authority (NMDA). Based on precipitation trends and meteorological zones, two regions were defined for this analysis: the northwest and southeast. The northwest region includes the counties of Turkana and Marsabit, and the southeast includes Kwale, Kilifi, Mombasa and Lamu. In the northwest the researchers analysed the very dry 2016 OND rains, and in the southeast the researchers considered 2016’s dry OND rains, and the particularly dry year January-December 2016 [Figure 1 Panel A, B].
To assess the extent to which climate change has played a role in the drought, the WWA team conducted independent assessments using three peer-reviewed approaches: (1) statistical analyses of historical observational datasets, (2) data from global climate models, and (3) a large ensemble of simulations of possible weather scenarios with a regional climate model. Analyzing the event using multiple methods provides a means to assess confidence in the results.
Gridded observational data from CHIRPS and CenTrends were combined and analysed to provide insight into past trends and the present situation. Data from weather stations with the longest historical record in the northwest (Marsabit) and southeast (Lamu) were also analysed to put the regional results in a more localised context.
The suite of climate models used for this analysis are EC-Earth, HadGEM3-A and weather@home. For EC-Earth, which is a coupled atmosphere-ocean model with a resolution of T159 (about 125 km), a 16-member ensemble of continuous simulations from 1860-2015 is used as per the CMIP5 historical setup until 2005 and the RCP8.5 scenario from 2006. HadGEM3-A is an atmosphere-only GCM with about 60 km horizontal resolution. This model includes both historical simulations as per EC-Earth and historicalNat simulations with only non-human caused forcings. This model is only used for the northwest region, as it did not satisfy the model validation for the southeast region. A simple bias correction was used for EC-Earth and HadGEM3-A’s 2016 output.
For the weather@home regional atmosphere-only climate model at 50km resolution, thousands of simulations were run to obtain large statistics of possible weather under two different scenarios: the Actual (current greenhouse gases concentrations, observed sea surface temperatures and sea-ice extent) scenario and the Natural (pre-industrial levels of greenhouse gas concentrations, sea surface temperatures without human-induced warming patterns and maximum sea-ice extent) scenario. A reference dataset of Actual simulations (1987-2009) was analysed to contextualise the 2016 simulation outputs. As the weather@home model is more biased to the southeast being dry and the northwest being wet, model data was compared to the return period of the observed event rather than the absolute rainfall amount.
Two key outputs from these analyses determined the return time of the current drought, and looked at how the likelihood of the event has changed due to global warming. Where appropriate, comparisons were made to the 2010-11 drought, a recent and devastating event fresh in the memory of many Kenyans. The data was analysed over the period which had the most severe deficits, which was from October 2010 to June 2011.
The current drought in Kenya is an extreme event, but not as extreme as the 2010-11 drought. In the southeast, the lack of OND rains in 2016 amplified the already existing drought conditions due to low rainfall there earlier in that year. According to the CenTrends and CHIRPS data, in the southeast, the lack of OND rains in 2016 is expected to occur once every four years while the overall lack of rainfall in 2016 is expected to happen once every five years. This return time was compared to that of the 2010-11 drought, although the data was analysed over a different time period. The much worse 2010-11 drought is expected to occur less frequently than once every 50 years. By contrast, in the northwest the failed OND rains in 2016 are expected to return once every three years. This return time is much less severe compared to the 2010-11 drought’s expected return time of 60 years.
The 2016 rainfall deficit at specific stations was much less likely than the area’s average rainfall. In Lamu this is expected to occur less than once in 120 years and in Marsabit around once in 12 years. This indicates that although the 2016 event may not appear to be an extremely dry year over the spatial average of rainfall, individual locations may have had little to no rain.
When considering the influence of El Niño and La Niña on the current drought, which are (respectively) positively and negatively correlated with precipitation in Kenya [3] , 2016’s La Niña influence is expected to create drier conditions. In the northwest, the correlation between La Niña (NINO3.4 index) and the precipitation series shows that 16 percent of the variance in OND precipitation was explained by La Niña. Without the presence of La Niña, the average daily precipitation is estimated to have been higher at 0.89mm/day instead of the observed 0.62mm/day. In the southeast, La Niña’s influence explains 17 percent of the September-November precipitation patterns, however it has less influence over the whole year. Without La Niña, daily average precipitation for the year 2016 is estimated to have been slightly higher, at 2.0mm/day instead of 1.9mm/day.
When considering the influence of human-induced climate change on the current drought in Kenya, the results from the suite of climate models differ. The EC-Earth model output indicates a small trend towards less precipitation in the southeast: in 1920 such an event would have occurred once every seven years instead of the current expected return time of five years, and without La Niña, the drought is estimated to be less extreme (wetter), with an expected return time of three years. By contrast, in northwestern Kenya, EC-Earth estimates a return time of six years; however there is no significant trend. Results from a different model, HadGEM3-A, indicate a longer return time of 33 years for the event in the northwest of Kenya. There is a small indication of increased future precipitation making the current drought less likely today compared to 1920 with a return time of eight years. While the La Niña influence cannot be calculated from EC-Earth output in the northwest due to the low correlation with the NINO3.4 index, HadGEM3-A suggests that 10 percent of precipitation variance is explained by La Niña. In a non-La Niña year the drought is estimated to have been less extreme, occurring more often, once every three years.
Comparing the large ensemble of weather@home simulations of OND 2016 the simulations are significantly drier than the model climatology (1986-2009) highlighting a strong influence of sea-surface temperatures as observed in 2016 on the likelihood of the event.
La Niña may have had a strong influence during the 2016 OND rainfall as the correlation between NINO3.4 and the simulations is significant, particularly in the southeast. The simulations indicate that the current drought is more likely to occur with the sea surface temperature (SST) patterns in 2016 compared to the 1986-2009 climatology. A one-in-four year event in the southeast becomes at least three times more likely and a one-in-three year event in the northwest becomes at least twice as likely when specifying the 2016 SSTs.
However, comparing the 2016 simulations of the observed event with simulations of a year 2016 as it might have been without human-induced climate change shows that the drought would have been a rarer event in the Actual simulations compared to the Natural simulations. In the current climate, a drought like 2016 is thus rendered 19 – 29 percent less likely in the northwest and 29 – 39 percent less likely in the southeast than without climate change.
The weather@home simulations were also analysed for temperature effects, precipitation minus evaporation and soil moisture in the top 10 cm of soil. The simulations indicate higher temperatures in the Actual 2016 compared to Natural 2016 simulations as well as compared to climatology. Higher temperatures likely exacerbate the effects of drought.
On February 10th, 2017 the Government of Kenya declared the drought affecting 23 arid and semi-arid counties in Kenya a national disaster. About 2.7 million people are currently estimated to need food aid, representing approximately 20 percent of the population in pastoral areas and 18 percent in marginal agricultural areas. According to UNICEF, this number is expected to rise to four million people by April 2017. In neighboring Somalia and Ethiopia, an even larger number of people are affected, with 2.9 million people in Somalia and 5.6 million people in Ethiopia requiring emergency food aid.
This is not the first time reduced rainfall has resulted in a crisis, the deadly 2010-11 La Niña-driven drought is fresh in the minds of many East Africans. The National Drought Management Authority was established in";By what percentage did maize prices increase in Kenya during the year preceding February 2017?;About 33 percent
66;https://www.worldweatherattribution.org/limited-data-prevent-assessment-of-role-of-climate-change-in-deadly-floods-affecting-highly-vulnerable-communities-around-lake-kivu/;"At the beginning of May severe flooding around Lake Kivu devastated communities in Rwanda and the Democratic Republic of Congo (DRC). Flooding and landslides led to at least 595 fatalities with 460 reported deaths in the DRC and 135 in Rwanda.
The flooding and landslides reportedly occurred after heavy rainfall in some cases as early as mid April ( FloodList, 2023a ) and on several days in May, including the 2nd, 4th and 8th of May 2023 ( FloodList, 2023b ).
Historic and current weather observations in the region are sparse, making it difficult to identify the exact dates and spatial extension of the heavy rainfall. Satellite observations and reanalysis also show very different magnitudes of rainfall around the time of the reported damages but also very different locations of the centre of maximum rainfall (see fig. 1 and fig. 2).
Researchers from Rwanda, the Democratic Republic of Congo, Kenya, the United States of America, the Netherlands, Germany and the United Kingdom collaborated to assess to what extent human-induced climate change altered the likelihood and intensity of the heavy rainfall that led to the flooding and landslides. Due to the data limitations it is not possible to assess the spatial or temporal extent of the rainfall that led to the flooding, thus a formal attribution study is not possible and the role of climate change cannot be assessed. Given the large humanitarian impacts as well as the importance of drivers of vulnerability there is a huge need to improve data collection and accessibility in this area, as well as research capacity to improve preparedness in a region that is projected to experience more heavy rainfall with increasing global warming.
We urgently need robust climate data and research in this highly vulnerable region. The scarcity and inaccessibility of meteorological data, as well as inadequate performance of climate models meant we couldn’t confidently evaluate the role of climate change in the rainfall that led to flooding. This limitation applies also to information on the impact, vulnerability, and exposure of people to heavy rainfall, a critical gap that has been highlighted by numerous studies.
The death toll and destruction from the floods in South Kivu, DRC and western Rwanda was extreme, and reflects the high vulnerability and exposure of people to flooding in this region.
The history of conflict in the region and instability has contributed to underdevelopment and a lack of basic services and infrastructure. The combination of protracted conflict, displacement, under-development, poverty and land degradation, creates a recipe for disaster when an extreme weather event strikes, making it more difficult for people to cope and bounce back from the disaster.
The conflict and violent clashes between state and non-state groups have led to large-scale displacement in South Kivu, DRC and western Rwanda in 2023, with displaced populations being more susceptible to flood and landslide impacts due to their living conditions (e.g. temporary shelters) and precarious situation. The floods further displaced thousands of people, destroyed water, sanitation and hygiene infrastructure, damaged agricultural fields leading to increased risk of food insecurity, waterborne illnesses and protection issues after the initial recovery phase ends.
Deforestation in order to clear land for settlements, agriculture, and mining, has resulted in widespread soil erosion around Lake Kivu, contributing to an increasing risk of landslides. There is a lack of capacity of the government to enforce limits or regulation on land degrading practices.
While the DRC’s mineral reserves are critical for global manufacturing and the transition to a low carbon economy and its forests act as a key carbon sink for the world’s carbon polluters, the country continues to suffer from the impacts of extreme weather which are amplified by mining activities that contribute to land and water degradation, labour abuses, and conflict.
We examined three different combinations of spatial and temporal extent to look at heavy rainfall events in the region of the floods to see whether there are trends in either of these in the different available data products. In different datasets there are trends in seasonal and short term heavy rain in both directions (increases and decreases), as well as data showing no trend.
Climate models show no significant trends in heavy precipitation over the region since the preindustrial climate, but an increase in short term heavy rainfall for a 0.8C warmer world (2C global warming). However, this is no indication that there is no trend, as the uncertainty is very high.
The increase in heavy precipitation with future warming is in line with projections from the IPCC over the whole of central and eastern Africa, which also show an increase in heavy rainfall.
While the scarcity of data does not allow us to draw any conclusions on the role of climate change in the floods today, the potential for a further increase in heavy rainfall in this flood and landslide prone area highlights an urgent need to reduce vulnerability
Better observations, improved access to meteorological data and more research are urgently needed in the region to improve early warning systems.
Unusual cold spells can occur even in a warming world, and cause disruption to transport, energy & food supplies.
Drought affects people in many ways, from reduced water & food supplies to increasing the risk of wildfires.
Rainfall events from a major storm or hurricane, or intense localised downpours can lead to flooding in any type of location.
Heatwaves can be particularly dangerous to humans, and occur all over the world with increasing intensity.";How many fatalities were reported in Democratic Republic of Congo due to flooding and landslides in early May 2023?;460 deaths
67;https://www.worldweatherattribution.org/limited-data-prevent-assessment-of-role-of-climate-change-in-deadly-floods-affecting-highly-vulnerable-communities-around-lake-kivu/;"At the beginning of May severe flooding around Lake Kivu devastated communities in Rwanda and the Democratic Republic of Congo (DRC). Flooding and landslides led to at least 595 fatalities with 460 reported deaths in the DRC and 135 in Rwanda.
The flooding and landslides reportedly occurred after heavy rainfall in some cases as early as mid April ( FloodList, 2023a ) and on several days in May, including the 2nd, 4th and 8th of May 2023 ( FloodList, 2023b ).
Historic and current weather observations in the region are sparse, making it difficult to identify the exact dates and spatial extension of the heavy rainfall. Satellite observations and reanalysis also show very different magnitudes of rainfall around the time of the reported damages but also very different locations of the centre of maximum rainfall (see fig. 1 and fig. 2).
Researchers from Rwanda, the Democratic Republic of Congo, Kenya, the United States of America, the Netherlands, Germany and the United Kingdom collaborated to assess to what extent human-induced climate change altered the likelihood and intensity of the heavy rainfall that led to the flooding and landslides. Due to the data limitations it is not possible to assess the spatial or temporal extent of the rainfall that led to the flooding, thus a formal attribution study is not possible and the role of climate change cannot be assessed. Given the large humanitarian impacts as well as the importance of drivers of vulnerability there is a huge need to improve data collection and accessibility in this area, as well as research capacity to improve preparedness in a region that is projected to experience more heavy rainfall with increasing global warming.
We urgently need robust climate data and research in this highly vulnerable region. The scarcity and inaccessibility of meteorological data, as well as inadequate performance of climate models meant we couldn’t confidently evaluate the role of climate change in the rainfall that led to flooding. This limitation applies also to information on the impact, vulnerability, and exposure of people to heavy rainfall, a critical gap that has been highlighted by numerous studies.
The death toll and destruction from the floods in South Kivu, DRC and western Rwanda was extreme, and reflects the high vulnerability and exposure of people to flooding in this region.
The history of conflict in the region and instability has contributed to underdevelopment and a lack of basic services and infrastructure. The combination of protracted conflict, displacement, under-development, poverty and land degradation, creates a recipe for disaster when an extreme weather event strikes, making it more difficult for people to cope and bounce back from the disaster.
The conflict and violent clashes between state and non-state groups have led to large-scale displacement in South Kivu, DRC and western Rwanda in 2023, with displaced populations being more susceptible to flood and landslide impacts due to their living conditions (e.g. temporary shelters) and precarious situation. The floods further displaced thousands of people, destroyed water, sanitation and hygiene infrastructure, damaged agricultural fields leading to increased risk of food insecurity, waterborne illnesses and protection issues after the initial recovery phase ends.
Deforestation in order to clear land for settlements, agriculture, and mining, has resulted in widespread soil erosion around Lake Kivu, contributing to an increasing risk of landslides. There is a lack of capacity of the government to enforce limits or regulation on land degrading practices.
While the DRC’s mineral reserves are critical for global manufacturing and the transition to a low carbon economy and its forests act as a key carbon sink for the world’s carbon polluters, the country continues to suffer from the impacts of extreme weather which are amplified by mining activities that contribute to land and water degradation, labour abuses, and conflict.
We examined three different combinations of spatial and temporal extent to look at heavy rainfall events in the region of the floods to see whether there are trends in either of these in the different available data products. In different datasets there are trends in seasonal and short term heavy rain in both directions (increases and decreases), as well as data showing no trend.
Climate models show no significant trends in heavy precipitation over the region since the preindustrial climate, but an increase in short term heavy rainfall for a 0.8C warmer world (2C global warming). However, this is no indication that there is no trend, as the uncertainty is very high.
The increase in heavy precipitation with future warming is in line with projections from the IPCC over the whole of central and eastern Africa, which also show an increase in heavy rainfall.
While the scarcity of data does not allow us to draw any conclusions on the role of climate change in the floods today, the potential for a further increase in heavy rainfall in this flood and landslide prone area highlights an urgent need to reduce vulnerability
Better observations, improved access to meteorological data and more research are urgently needed in the region to improve early warning systems.
Unusual cold spells can occur even in a warming world, and cause disruption to transport, energy & food supplies.
Drought affects people in many ways, from reduced water & food supplies to increasing the risk of wildfires.
Rainfall events from a major storm or hurricane, or intense localised downpours can lead to flooding in any type of location.
Heatwaves can be particularly dangerous to humans, and occur all over the world with increasing intensity.";Which months experienced heavy rainfall that contributed to flooding around Lake Kivu?;April and May
68;https://www.worldweatherattribution.org/limited-data-prevent-assessment-of-role-of-climate-change-in-deadly-floods-affecting-highly-vulnerable-communities-around-lake-kivu/;"At the beginning of May severe flooding around Lake Kivu devastated communities in Rwanda and the Democratic Republic of Congo (DRC). Flooding and landslides led to at least 595 fatalities with 460 reported deaths in the DRC and 135 in Rwanda.
The flooding and landslides reportedly occurred after heavy rainfall in some cases as early as mid April ( FloodList, 2023a ) and on several days in May, including the 2nd, 4th and 8th of May 2023 ( FloodList, 2023b ).
Historic and current weather observations in the region are sparse, making it difficult to identify the exact dates and spatial extension of the heavy rainfall. Satellite observations and reanalysis also show very different magnitudes of rainfall around the time of the reported damages but also very different locations of the centre of maximum rainfall (see fig. 1 and fig. 2).
Researchers from Rwanda, the Democratic Republic of Congo, Kenya, the United States of America, the Netherlands, Germany and the United Kingdom collaborated to assess to what extent human-induced climate change altered the likelihood and intensity of the heavy rainfall that led to the flooding and landslides. Due to the data limitations it is not possible to assess the spatial or temporal extent of the rainfall that led to the flooding, thus a formal attribution study is not possible and the role of climate change cannot be assessed. Given the large humanitarian impacts as well as the importance of drivers of vulnerability there is a huge need to improve data collection and accessibility in this area, as well as research capacity to improve preparedness in a region that is projected to experience more heavy rainfall with increasing global warming.
We urgently need robust climate data and research in this highly vulnerable region. The scarcity and inaccessibility of meteorological data, as well as inadequate performance of climate models meant we couldn’t confidently evaluate the role of climate change in the rainfall that led to flooding. This limitation applies also to information on the impact, vulnerability, and exposure of people to heavy rainfall, a critical gap that has been highlighted by numerous studies.
The death toll and destruction from the floods in South Kivu, DRC and western Rwanda was extreme, and reflects the high vulnerability and exposure of people to flooding in this region.
The history of conflict in the region and instability has contributed to underdevelopment and a lack of basic services and infrastructure. The combination of protracted conflict, displacement, under-development, poverty and land degradation, creates a recipe for disaster when an extreme weather event strikes, making it more difficult for people to cope and bounce back from the disaster.
The conflict and violent clashes between state and non-state groups have led to large-scale displacement in South Kivu, DRC and western Rwanda in 2023, with displaced populations being more susceptible to flood and landslide impacts due to their living conditions (e.g. temporary shelters) and precarious situation. The floods further displaced thousands of people, destroyed water, sanitation and hygiene infrastructure, damaged agricultural fields leading to increased risk of food insecurity, waterborne illnesses and protection issues after the initial recovery phase ends.
Deforestation in order to clear land for settlements, agriculture, and mining, has resulted in widespread soil erosion around Lake Kivu, contributing to an increasing risk of landslides. There is a lack of capacity of the government to enforce limits or regulation on land degrading practices.
While the DRC’s mineral reserves are critical for global manufacturing and the transition to a low carbon economy and its forests act as a key carbon sink for the world’s carbon polluters, the country continues to suffer from the impacts of extreme weather which are amplified by mining activities that contribute to land and water degradation, labour abuses, and conflict.
We examined three different combinations of spatial and temporal extent to look at heavy rainfall events in the region of the floods to see whether there are trends in either of these in the different available data products. In different datasets there are trends in seasonal and short term heavy rain in both directions (increases and decreases), as well as data showing no trend.
Climate models show no significant trends in heavy precipitation over the region since the preindustrial climate, but an increase in short term heavy rainfall for a 0.8C warmer world (2C global warming). However, this is no indication that there is no trend, as the uncertainty is very high.
The increase in heavy precipitation with future warming is in line with projections from the IPCC over the whole of central and eastern Africa, which also show an increase in heavy rainfall.
While the scarcity of data does not allow us to draw any conclusions on the role of climate change in the floods today, the potential for a further increase in heavy rainfall in this flood and landslide prone area highlights an urgent need to reduce vulnerability
Better observations, improved access to meteorological data and more research are urgently needed in the region to improve early warning systems.
Unusual cold spells can occur even in a warming world, and cause disruption to transport, energy & food supplies.
Drought affects people in many ways, from reduced water & food supplies to increasing the risk of wildfires.
Rainfall events from a major storm or hurricane, or intense localised downpours can lead to flooding in any type of location.
Heatwaves can be particularly dangerous to humans, and occur all over the world with increasing intensity.";What factors increase vulnerability of populations to flooding in South Kivu and western Rwanda?;conflict, displacement, poverty, land degradation, deforestation, inadequate infrastructure
69;https://www.worldweatherattribution.org/limited-net-role-for-climate-change-in-heavy-spring-rainfall-in-emilia-romagna/;"During May 2023, the North Italian region of Emilia-Romagna, particularly the provinces of Bologna, Ravenna, Forli-Cesena, Rimini, experienced severe flooding, following three separate heavy rainfall events on the 2nd, 10th, and 16th of May.
The three rainfall events were driven by three distinct low-pressure systems situated over the Tyrrhenian Sea. The first of the three heavy rainfall events occurred after two years of drought in Northern Italy due to below-average winter snowfall in the Alps, Dolomites, and Apennines. For the two subsequent events the soils were, however, saturated. The accumulated precipitation of the three spells of heavy rainfall resulted in 23 river banks being flooded in the region, submerging settlements and leaving thousands homeless. The heavy rainfall also caused over 400 landslides, of which several were severe.
To analyse whether and to what extent human-caused climate change altered the likelihood and intensity of this extreme rainfall, scientists from Italy, the Netherlands, France, the US, and the UK used published, peer-reviewed methods to perform an event attribution study. Given that the deluge and the impacts over the Emilia-Romagna region (red outline in fig. 1) were a consequence of a series of short but heavy rainfall spells occurring within a span of three weeks, the team looked at an event defined as the maximum accumulated 21-day rainfall (Rx21d) in April-June (AMJ), averaged over the region.
While the full profile of the impacts on human life and livelihoods has yet to be analysed, initial assessments show that the floods and landslides caused 17 fatalities and displaced roughly 50.000 people. The majority of the deceased were elderly and died in their homes, in many cases linked to either reduced mobility or reluctance to evacuate. These deaths highlight how pre-existing vulnerabilities such as disability and limited risk perception exacerbated the impacts in the region.
For observational analysis, we looked at spring rainfall in the study region based on a dense network of about 60 weather stations in the area that have consistent data since at least the 1960s. The heavy rainfall over the first 21 days of May 2023 is the wettest event of this type in the record with a return time estimated to be about 200 years. This means that in any given year, the chance of such an event occurring is about 0.5%.
In the station data as well as other observational data products there is no significant trend in the 21-day spring rainfall: thus the amount of rain that falls in a 200-year event today is the same as in a 200-year event at the beginning of the record.
To determine whether there is indeed no trend due to human-induced climate change or whether a trend is masked by changes in other drivers of rainfall, such as land-use changes or changes in aerosols, we look at the same 21-day event in climate models with and without the human-induced increase in climate change. Of the 19 models used, none of them show a significant change in the likelihood or intensity of such an event to occur. This suggests that in contrast to most parts of the world, there is indeed no detectable increase in heavy rainfall in the Emilia-Romagna region in spring.
This finding corroborates earlier research that has found that with human-induced climate change the number of low-pressure systems in the central Mediterranean has decreased. This leads to a reduction in heavy rainfall, offsetting the expected increase in heavy rain from global warming.
In recent decades, rapid urbanisation and increasingly dense urban fabric has limited space for water drainage and increased risk of flooding, which has exacerbated the impacts of the heavy rainfall. However, this was an extremely rare event, and most infrastructure cannot reasonably be built to withstand such low-frequency events.
There are many adaptation options that are robust to multiple types of extremes (e.g. drought, heat, floods) and also have co-benefits for societal well-being and biodiversity, which can increase the resilience of this region to future extremes. Nature-based solutions, social protection, and improved urban planning, are just a few examples.
Unusual cold spells can occur even in a warming world, and cause disruption to transport, energy & food supplies.
Drought affects people in many ways, from reduced water & food supplies to increasing the risk of wildfires.
Rainfall events from a major storm or hurricane, or intense localised downpours can lead to flooding in any type of location.
Heatwaves can be particularly dangerous to humans, and occur all over the world with increasing intensity.";How many fatalities were reported as a result of floods and landslides in Emilia‑Romagna in May 2023?;17
70;https://www.worldweatherattribution.org/louisiana-downpours-august-2016/;"Torrential rains drenched south Louisiana in mid August, with parts of the state receiving nearly 30 inches of rain between 10–17. The extreme nature of this event left many asking whether climate change may have played a role.
The state capital, Baton Rouge, suffered through nearly a foot of rain on a single day, August 12, and nearly as much the day after. Historic flooding of the state claimed at least 13 lives and damaged more than 60,000 homes. Rescue teams saved 30,000 people from the floodwaters and relocated displaced residents to drier grounds. Among the evacuees were Louisiana governor John Bel Edwards and his family, who sought shelter when rainwater flooded the governor’s mansion in Baton Rouge. The federal government declared a dozen parishes major disaster areas. The Red Cross deemed the flooding in Louisiana the worst natural disaster in the United States since Superstorm Sandy slammed into the U.S. East Coast in 2012.
On August 12, NOAA’s Weather Prediction Center described the heavy rain event as “an inland sheared tropical depression.” The event bore some of the same characteristics of a tropical depression: very slow-moving low pressure system combined with extreme tropical moisture. The subsequent historic rains and floods that paralyzed Louisiana and other parts of the Gulf Coast resulted largely from a combination of these two conditions.
Scattered thunderstorms began popping up in parts of Louisiana on August 9 with the storm system forming to the east, off the Florida Panhandle. As the slow-moving storm crept west, it sucked up tremendous amounts of tropical moisture from the Gulf of Mexico. Downpours increased as the storm moved closer to Louisiana. Regions in Louisiana and nearby Mississippi received more than six inches of rain on Thursday, August 11. The next day a continuous downpour soaked Baton Rouge, submerging the state capital in 11.24 inches of rain. Even greater amounts came down in other parts of the state. On August 13, the nearly stationary area of low pressure continued to wring moisture from the Gulf, dumping more than 10 inches on sodden areas of Louisiana. At the close of the weekend, August 14, scores of cities in the region could measure total rainfall in feet. The unnamed storm would eventually shower Louisiana with an estimated 7.1 trillion gallons of water — more rain than Hurricane Isaac in 2012, and three times as much rain as Hurricane Katrina in 2005.
With the deluge came catastrophic inland flash flooding and river flooding. More than a half-dozen rivers in southeast Louisiana broke records, not just by inches but by feet. The Amite River in Magnolia, Louisiana crested at 58.56 feet, more than six feet above the old mark established on April 27, 1977.
Figure 1 shows the total three-day rainfall which occurred from August 12 to the 14. This quantity represents the meteorological variable that best captures the event.
The goal of this analysis is to present the first quantitative estimate of the role climate change plays — both in terms of frequency and intensity — in an extreme precipitation event like the one experienced this August in south Louisiana.
To assess the potential link between the extreme amount of precipitation that fell over three days across parts of Louisiana and human-caused climate change, Climate Central, the National Oceanic and Atmospheric Administration’s Geophysical Fluid Dynamics Laboratory (GFDL), Princeton University and the Royal Netherlands Meteorological Institute (KNMI) — as part of the World Weather Attribution (WWA) partnership which also includes Red Cross Red Crescent Climate Centre , the University of Oxford and University of Melbourne , conducted independent assessments using multiple peer-reviewed approaches.
This analysis draws on well-established, regularly-used methodologies for extreme event attribution. These approaches involve statistical analyses of the historical extreme precipitation record and simulations from two high-resolution climate models. Applying multiple methods provides scientists with a means to assess confidence in the results.
While the flooding event of interest occurred in south Louisiana, for the purposes of our analysis we defined the extreme event by taking the spatial maximum of annual three-day averaged precipitation anywhere in the land areas of the region: 29º-31ºN and 85º-95ºW – we refer to this in the text as the Central U.S. Gulf Coast region. That said, the complex meteorology and climatology of the region presents unique challenges due to the many different forms in which extreme precipitation reaches the Central U.S. Gulf Coast region (for example, hurricanes, frontal systems, and thunderstorms). The analysis therefore takes into account all the ways that extreme precipitation can occur.
The daily precipitation data in the study is drawn from 324 stations from the Global Historical Climatology Network (GHCN-D), as well as gridded analysis from the National Oceanic and Atmospheric Administration (NOAA) Climate Prediction Center (CPC) Unified Gauge-Based Analysis of Daily Precipitation. The methodologies used to analyze these data are well-established and were previously applied to the rapid attribution of the May 2016 French and German flooding event (see here for more details). Precipitation extremes are expected to be of smaller magnitude in the gridded product, as was the case in this analysis, the three-day maxima was 21 inches (535 mm) in the CPC gridded versus 25 inches (648 mm) in the point station data.
Many of the systems that result in extreme precipitation in this region are small-scale, so only high-resolution models are capable of simulating them realistically. To complete the modeling component of this analysis, the team relied on two high-resolution climate models developed at the National Oceanic and Atmospheric Administration (NOAA) Geophysical Fluid Dynamics Laboratory (GFDL): FLOR-FA (50km resolution) and HiFLOR (25 km), that were both sufficiently able to capture the physical processes underlying this very extreme event. These models were also selected because they provide long simulations, which offered the team good statistics that cover hundreds of years of simulations. Making a rapid attribution study of new simulations was impossible in the time frame required, since high-resolution models typically take 24 hours of computer time to simulate just five years of climate data.
Table 1 describes the seven global coupled model experiments performed using the FLOR-FA and HiFLOR climate models using different radiative forcing regimes. The prescribed radiative forcing includes the solar forcing, both anthropogenic and natural aerosols, well-mixed greenhouse gases, and ozone. Five of the experiments look at specific “time slices” meant to represent our climate system at various points in history. These simulations are denoted by the term “static radiative forcing” in Table 1. The pre-industrial period is captured by looking at a time slice of the climate representative of 1860. Time slices of 1940, 1990 and 2015 were also analyzed as a way to compare our climate before human influence with various points along the industrialization pathway.
In addition to the time slice analyses, the team also looked at a set of “time-varying radiative forcing” experiments from 1861-2100. These experiments serve as another way to assess the role of climate change. The HiFLOR time-varying radiative forcing experiment uses an ‘SST-restoring’ technique to force modeled sea surface temperatures to follow the variability and change observed in the real climate system.
Table 1: Climate model simulations performed with the FLOR-FA and HiFLOR models.
The length of these simulations vary from 70 years up to 3550 years (Table 1, last column). Long simulations are necessary to allow the models to generate their own climate and provide a sufficient number of years to sample the statistics of climate extremes.
A Central U.S. Gulf Coast extreme precipitation event has become more likely and more intense in 2016 than it was in 1900 as a result of climate change. Analyses based on observational precipitation data found clear positive trends in rainfall frequency and intensity. Simulations from two high-resolution global climate models show positive, but somewhat smaller trends. This confirms that a large part of these trends are due to climate change, including the long-term warming of the planet resulting from human activities such as burning fossil fuels. The magnitude of the shift in probabilities is greater in the higher resolution (25 km) HiFLOR climate model than the somewhat lower resolution (50 km) FLOR-FA model. The summary table below provides results from each of the different approaches used.
Based on these different approaches – all of which are in agreement – the team found that human-caused climate change increased the frequency and intensity of the heavy rains such as the August 12 – 14 event along the Central U.S. Gulf Coast region.
Overall change in risk – frequency & intensity
By comparing recent three-day precipitation extremes for the Central U.S. Gulf Coast region with the historical record and climate model simulations, the team found that an event like this is now expected to occur at least 40 percent more often than it was in our pre-industrial past. Precipitation intensity increased by roughly 10 percent as a result of human-caused climate change.
The probability for a comparable three-day extreme precipitation event at a single station as high as what was observed August 12-14 (25.5 inches) is somewhere between a 1-in-450 year and a 1-in-1450 year event. However, it is important to note that it wasn’t the maximum rainfall at a single station that resulted in such catastrophic flooding, it was the total rainfall over the entire affected area. Hence, our best estimate, given the relatively short data record, is that this event is best characterized as a 1-in-550 year event locally .
In contrast, an event like this currently occurs somewhere along the Central U.S. Gulf Coast region about once every 30 years (between 11 and 110 years). To put this local versus regional return time difference in perspective, the chance of getting struck by lightning for each person is one in a million per year , but every year 300 people are struck by lightning in the United States.
By the end of the current century, if greenhouse gases continue to increase as projected, their impact will further increase the probability of an event like the one observed August 12th-14th.
The extreme rainfall in south Louisiana has longer-term implications for homeowners, local and federal governments, the humanitarian system, and the insurance industry. Knowing that this type of event is occurring more frequently today than in the past provides valuable insight into how governance and humanitarian institutions will need to evolve to be prepared for the future. It demonstrates that estimates of present and future risk of the most extreme events should incorporate information about the changing nature of risk, in interpreting the relevance of the historical occurrence of these events.
Model #2: HiFLOR ( Murakami et al. 2015 ; Van der Wiel et al. 2016 ) — resolution is ~25km/16mi in the atmosphere/land, ~100km/60mi in the ocean/sea ice.
GHCN-D station data 1891-present:
Frequency: roughly 6 times increased chance (2-50) Intensity: roughly 25% more intense (12%-35%) Return Time: once every 30 years (11-110) anywhere in the region
CPC 0.25º analysis gridded data 1948-present:
Frequency: very roughly 5 times increased chance (1.1-60) Intensity: roughly 15% more intense (0.4%-30%) Return Time: once every 25 years (9-200) anywhere in the region
FLOR historical (1900-2015, using data from 1861-2015):
Frequency: roughly 1.3 times increased chance (1.0 – 1.9) Intensity: roughly 5% more intense (0.5% – 14%)
FLOR historical+future (1900-2015 but using data from 1861 up to 2100):
Frequ";What was estimated total water volume from the August 12‑14 storm in Louisiana?;Approximately 7.1 trillion gallons.
71;https://www.worldweatherattribution.org/mixed-rainfall-trends-highlight-the-importance-of-climate-adaptation-in-coastal-new-south-wales/;"From May 19-23, heavy rains caused widespread flooding across eastern New South Wales.
Coastal areas received over 100 mm of rain on each of these days, with especially intense rainfall on the Mid North Coast around Newcastle, Taree, and Port Macquarie.
The floods claimed five lives, forced the rescue of 700 people, and left 50,000 isolated during and immediately after the event. While the full extent of the damage will become clear in the coming weeks, farmers have been hit particularly hard—many lost their livestock or the resources needed to feed their cattle.
To analyse whether and to what extent human-caused climate change altered the likelihood and intensity of the heavy rainfall that led to the floods, causing the damages and casualties, scientists from Australia, the US, the Netherlands, Sweden and the UK used published, peer-reviewed methods to perform an event attribution study. The study analyses the rain that fell over a 4-day period from May 19-22 and focuses on the Coastal New South Wales Region which received the most extreme rainfall and impacts as highlighted in Figure 1.
The heavy rainfall occurred in a region that is geographically and climatically transitional. It lies between southern Australia, which exhibits a clear drying trend associated with climate change in the colder months of the year, and northern Australia, where rainfall trends are more mixed. Additionally, the timing of the event—May—coincides with a seasonal transition from the warmer to the cooler part of the year. To capture both the spatial and temporal complexity of these features, we use two event definitions: one focusing on the season centered around May (April to June, AMJ), and another considering the wettest four days of the year irrespective of season. The annual definition is motivated by the historical record, which indicates that extreme rainfall and flooding can occur at any time of year in this region.
The Mid-North Coast region has several major rivers with low-lying floodplains, and a coastal region housing the major urban centres. This region has endured a series of devastating disasters in recent years, including severe floods and bushfires. Consistent impacts from floods point to the high exposure of people and infrastructure to flooding in this region. The constant cycle of emergencies has left communities grappling with cumulative impacts and recovery fatigue. Rural communities bear the brunt of extreme weather, facing greater property and infrastructure damage, limited access to services, and isolation during disasters.
A flood watch was issued 3 days in advance of the floods by the Bureau of Meteorology, which allowed for early action to relocate supplies and issue emergency evacuations for highly flood-prone areas, likely reducing impacts.
Based on gridded data products for the region outlined in Fig. 1, we find that the extreme rainfall event over the study region is relatively common, expected to occur in today’s climate only once every 10 years when analysing April to June (AMJ) rainfall, and once every 3 years when considering the whole year. It is important to note the rainfall would have been a rarer and more extreme event in smaller, local regions, and some communities did experience the heaviest rain since records began.
When comparing the AMJ event today with the same event in a 1.3°C cooler climate, we find a decrease in the likelihood and intensity of extreme rainfall such as observed by about 17%. However, when we look at RX4-day annually we find the event increases with global warming of 1.3°C. The best estimates for the increase in likelihood for the 2025 event associated with this warming is about a doubling, and the increase in intensity for an event of equivalent rarity as observed is about 10%.
To quantify the role of human-induced climate change in these changes in likelihood and intensity we also analyse climate model data over the study region for the historical period. The models show substantial disagreement, with some projecting significant increases and others indicating decreases in heavy rainfall—both for annual and seasonal RX4-day, as well as when assessing changes in a 1.3°C warmer world. As a result, combining model simulations with observations to obtain an overarching result is not meaningful as different models clearly show changes that are incompatible.
In addition to examining rainfall totals, we also assess whether the atmospheric circulation patterns driving heavy rainfall have changed over time. We compare an earlier period (1950–1980), when the climate change signal was relatively weak, with a more recent period (1994–2024), marked by a stronger influence of climate change. The analysis shows signs of a seasonal shift—atmospheric circulation patterns that could lead to similar heavy rainfall are now less common in March and more frequent in May. Moreover, present-day events tend to have more rainfall than their historical counterparts. However, not all analogues actually have rain associated with them and some are not very close analogues, thus rendering it difficult to draw firm conclusions.
Understanding the influence of climate change on heavy rainfall in the Mid-North Coast is challenging. Consistent with previous studies, our analysis finds no clear trend, as climate models show strong disagreement—some projecting increases, others decreases in heavy rainfall. Observed changes in circulation further suggest that processes beyond the Clausius-Clapeyron relationship are involved. These factors interact in complex ways, and the relatively small size of the region compared to the scale of climate models makes it difficult to assess how these changes manifest within the scope of a rapid study.
This uncertainty means that both drying and increased rainfall remain possible, so adaptation strategies must be designed to be flexible and responsive to a range of future conditions. Low-regrets adaptation measures that are beneficial in both wet and dry environments, such as nature-based solutions, water storage and diversification measures, and improved risk management can be useful options.
Unusual cold spells can occur even in a warming world, and cause disruption to transport, energy & food supplies.
Drought affects people in many ways, from reduced water & food supplies to increasing the risk of wildfires.
Rainfall events from a major storm or hurricane, or intense localised downpours can lead to flooding in any type of location.
Heatwaves can be particularly dangerous to humans, and occur all over the world with increasing intensity.";How many lives were lost during heavy rains in eastern New South Wales from May 19-23?;Five
72;https://www.worldweatherattribution.org/rapid-attribution-of-the-extreme-rainfall-in-texas-from-tropical-storm-imelda/;"A new rapid analysis concludes that the extreme rainfall and flooding caused by Tropical Storm Imelda was made more likely and intense due to global warming.
In mid-September 2019, torrential rainfall from Tropical Storm Imelda caused large-scale flooding in Southeast Texas. Authorities have linked five deaths to the floods and over one thousand people had to be rescued, making this the worst storm in the area since Hurricane Harvey.
The precipitation recorded on 19–20 September 2019 associated with Tropical Storm Imelda was extreme, expected only approx. every 1200 yr at the station with the highest total amount of rainfall. Return times at other stations between East Houston and Beaumont were almost as high. The chances of recording this much precipitation at any of 85 stations along the Gulf Coast is however much higher, at about 1 in 50 years.
Two standard statistical analyses of the observations show that the probability for such an amount of rain has increased by a factor 2.6 (1.6 to 5.0) since 1900, or equivalently the amount of rainfall in such an event has increased by 18% (11% to 28%) since 1900.
Taking high-resolution climate models into account, we conclude that two-day extreme precipitation events along the Gulf Coast as intense as observed on 19–20 September 2019 or higher have become 1.6 to 2.6 times more likely due to anthropogenic climate change, or 9% to 17% more intense.
This study highlights that climate change has clearly led to increased precipitation during extreme events in southeast Texas. Coupled with sea level rise, climate change has resulted in more frequent and intense flooding, especially in coastal areas. This needs to be seen in the context of rapid urban expansion in the area and is characterized by a loss in impervious cover. In part this expansion is driven by population growth. It has resulted in an increase in the number of people and value of property at risk to flooding. An estimated 6.6 million people live in the counties impacted by Imelda.
Around 19 September 2019 torrential rainfall from Tropical Storm Imelda caused large-scale flooding in Southeast Texas from Houston to the Louisiana border. Figure 1 shows the highest 1-day precipitation totals from the NOAA calibrated radar (12 UTC 18 September to 12 UTC 19 September), which shows rainfall amounts exceeding 500 mm/day (black) from eastern Houston to Beaumont and the Louisiana border. This is also shown by station data from the GHCN-D v2 dataset. Most stations record precipitation between 8 am and 8 am local time, which corresponds to 13-13 UTC, very close to the time interval of the radar data. The highest daily value recorded at a station is 493.5 mm/day at Beaumont Research Center, Texas. However, given the large amounts of missing data near the maximum defined by the radar data we posit that higher values are likely to be reported at stations that become available with a delay.
After making landfall on 17 September, Imelda stalled north of Houston on 18 and 19 September. While the storm was downgraded to a Tropical Depression, intense banding contributed to several waves of heavy precipitation across the region creating the horseshoe pattern shown in Figure 1. Furthermore, Imelda’s long residence time and slow forward motion over Southeast Texas generated extremely intense rainfall over relatively small areas, so that the two-day precipitation amounts are even more exceptional in smaller areas. Figure 2 shows the precipitation amounts averaged over the 2-day period 19-20 September 2019. The highest recorded accumulation at any station is 355.3 mm/day, or 710.6 mm/2dy, at Roman Forest 1.9 ENE, Texas.
In the same way as in previous studies on extreme rainfall (in England , France , Chennai , Louisiana and Houston ), we fitted a Generalized Extreme Value (GEV) distribution to the NCEI GHCN-D v2 station data that scales with global mean temperature as a proxy for climate change. See Van der Wiel et al. (2017) for a detailed explanation of the procedure, which was also used in the analysis of Hurricane Harvey’s precipitation in Van Oldenborgh et al. (2017) . As in the latter publication we use two datasets: 13 stations with at least 80 years of data and at least 1º apart, and 85 stations with at least 30 years of data and at least 0.1º apart. There is one important change in the GHCN-D dataset: an extreme precipitation event in Abbeville on 7–9 August 1940 that had been removed in the version we used for the Harvey analysis has since been reinstated as a correct observation. It has precipitation amounts almost comparable to Harvey and is now visible on the fits. (As an aside, inclusion of this event, plus the data since 2017, does not greatly affect the conclusion of the Harvey analysis in return time, probability ratio or change in intensity, although the uncertainty ranges increase somewhat. The GEV function with positive shape parameter has a large probability for extreme events; that is, the fit is determined more by the many smaller events.)
The GEV fits give a local return time in the current climate, the inverse of which gives the probability of as much rain or more than observed at the most extreme station at a given location (a return time of 50 yr means a probability of 2% every year). For one-day precipitation in the 85-station dataset this is about 550 yr (320 to 750 yr) and for the highest two-day precipitation about 1200 yr (520 to 1700 yr, see Figure 3). The results from the 13-station dataset are similar but with slightly larger uncertainties. The event was therefore more extreme as a two-day event than as a one-day event. Given that the Harvey analysis had shown that multiple-day precipitation caused higher floods, we take as event definition the highest two-day station precipitation.
The regional return time for such a high amount at any of the 85 stations with at least 30 years of data and 0.1º apart that we analysed on the U.S. Gulf Coast 27.5–31 ºN, 85–97.5 ºW). This is much higher as the Gulf Coast is much larger than the area with extreme precipitation, so there are many possible locations. We obtain a return period of 50 yr (20 to 200 yr) for this amount of two-day precipitation in any of these stations on the U.S. Gulf Coast. This appears to be somewhat at odds with the recent observations of three similar flooding events in four years ( 2016 , 2017 , and 2019). It requires further analysis, beyond what is possible in this rapid attribution study, to find out whether or not the recent recurrence is more than an unfortunate coincidence.
The fit to the observations shown in Figure 3 also gives the results that such an event has become more common by a factor of roughly 2.6 (1.6 to 5.0) since around 1900, or equivalently that the intensity (i.e. total amount of precipitation) increased by about 18% (11% to 28%).
Modelled effects of climate change
We repeated the same analysis for a 6 member ensemble of 5-yr time slices of the SST-driven climate model EC-Earth 2.3 at T799 (~30km) horizontal resolution (Hazeleger et al., 2012), which was found to describe the three-day extremes we studied in our Harvey analysis well. Our usual procedure is to only use climate model output for the present and past to study the dependence of the event on climate change up to now. However, for this model we do not have enough data to extract that information from the past and present data only. We therefore chose to also use the time slice around 2090. This assumes that the effect of climate change is the same in the past as up to this time, when we describe it as a function of historical and scenario equivalent CO2 concentration. The strong heating in the last time slice gives rise to more intense events, as can be seen in Figure 4.
We defined the event to have the same regional return time as in the observations, 50 yr. The fit gives an increase in probability between 1900 and 2019 of 3.1 (1.9 to 12.3) and a change in intensity of 23% (13% to 31%).
We also analysed the other model of the Louisiana and Harvey analysis that simulated three-day extremes reasonably well, HiFLOR (25km, Murakami et al., 2016). We consider again the spatial maximum, now over the land points in 29–31ºN, 85–95ºW, of the annual maximum of two-day averaged precipitation, Figure 5.
This model gives an increase in probability of a factor 1.6 (1.3 to 2.0), which is equivalent to an increase in intensity of 8% (4% to 12%).
The synthesis plots are shown in Figure 6. For the two observational estimates the natural variability is highly correlated, so the bar labeled ‘observations’ just averages the lower bounds, best fit values and upper bounds. The models are further apart than can be explained by natural variability (red bars). The white extensions denote the model spread necessary to bring the χ²/dof to one (van Oldenborgh et al, in preparation). This has been added to the natural variability to give the ‘models’ summary bar. Finally the observations and models have been averaged using weights (coloured bar) and with equal weights (white box). These almost coincide in this case.
This synthesis shows that the probability of two-day rainfall as intense as the maximum observed during Imelda has increased by a factor 1.5 to 3.1. This is equivalent to an increase in intensity of 9% to 21%.
Two years after Harvey, Tropical Storm Imelda again served to highlight the vulnerability of Southeast Texas to severe rainfall. Widespread flooding was reported in Northeast Houston and along the I-10 corridor between Houston and the Golden Triangle (Beaumont-Port Arthur-Orange, largely coinciding with the areas of extreme precipitation of Figures 1 and 2). Several major rivers and bayous in the region exceeded flood stage, including along parts of the San Jacinto, Lower Trinity and Neches Rivers and their tributaries. Flooding also impacted numerous heavily-trafficked roadways catching daytime drivers by surprise. The Harris County Fire Marshal’s Office reported that more than 2,000 water rescues were performed by emergency responders in Harris County , 450 of which involved high water rescues.
In response, Texas’ Governor, Greg Abbott, declared a State of Disaster to provide unlimited state resources to the counties impacted by Imelda. The 13-county disaster declaration area has a population of approximately 6.6 million people. By 21 September, 2,400 flood insurance claims had been filed with the NFIP and the Insurance Council of Texas reports that more than 10,000 vehicles were damaged (80% are estimated to be totaled). It is likely that damages from the event will reach into the billions of dollars. As of 23 September, it was estimated that five deaths had occurred due to Imelda .
Since Harvey, significant steps have been taken to reduce the vulnerability of southeast Texas to coastal flooding. First, several new state laws went into effect on 1 September 2019 including a hazard disclosure law which expands requirements for sellers to disclose flood risk to include past flooding , and whether the home is located in a 500-year floodplain, a flood pool, or near a reservoir. Many homeowners are unaware of their risk and the FEMA flood maps are out of date and do not account for changes in precipitation, or upstream development. (FEMA is set to update its methodology for determining flood risks , which previously only looked at historical information, by 2020.)
Second, the state legislature created several funding mechanisms to facilitate the construction of flood control infrastructure including the Flood Infrastructure Fund and the Texas Infrastructure Resiliency Fund (TIRF). The Infrastructure Fund was created using nearly $1.7 billion from the state’s savings account, colloquially known as the “rainy day fund,” to be used to build flood control infrastructure in the short term. The Texas Infrastructure Resiliency Fund (TIRF), totaling $1.6 billion, will provide cities, counties and other political subdivisions the oppor";How many deaths were linked to flooding from Tropical Storm Imelda in Southeast Texas?;Five deaths.
73;https://www.worldweatherattribution.org/rapid-attribution-of-the-extreme-rainfall-in-texas-from-tropical-storm-imelda/;"A new rapid analysis concludes that the extreme rainfall and flooding caused by Tropical Storm Imelda was made more likely and intense due to global warming.
In mid-September 2019, torrential rainfall from Tropical Storm Imelda caused large-scale flooding in Southeast Texas. Authorities have linked five deaths to the floods and over one thousand people had to be rescued, making this the worst storm in the area since Hurricane Harvey.
The precipitation recorded on 19–20 September 2019 associated with Tropical Storm Imelda was extreme, expected only approx. every 1200 yr at the station with the highest total amount of rainfall. Return times at other stations between East Houston and Beaumont were almost as high. The chances of recording this much precipitation at any of 85 stations along the Gulf Coast is however much higher, at about 1 in 50 years.
Two standard statistical analyses of the observations show that the probability for such an amount of rain has increased by a factor 2.6 (1.6 to 5.0) since 1900, or equivalently the amount of rainfall in such an event has increased by 18% (11% to 28%) since 1900.
Taking high-resolution climate models into account, we conclude that two-day extreme precipitation events along the Gulf Coast as intense as observed on 19–20 September 2019 or higher have become 1.6 to 2.6 times more likely due to anthropogenic climate change, or 9% to 17% more intense.
This study highlights that climate change has clearly led to increased precipitation during extreme events in southeast Texas. Coupled with sea level rise, climate change has resulted in more frequent and intense flooding, especially in coastal areas. This needs to be seen in the context of rapid urban expansion in the area and is characterized by a loss in impervious cover. In part this expansion is driven by population growth. It has resulted in an increase in the number of people and value of property at risk to flooding. An estimated 6.6 million people live in the counties impacted by Imelda.
Around 19 September 2019 torrential rainfall from Tropical Storm Imelda caused large-scale flooding in Southeast Texas from Houston to the Louisiana border. Figure 1 shows the highest 1-day precipitation totals from the NOAA calibrated radar (12 UTC 18 September to 12 UTC 19 September), which shows rainfall amounts exceeding 500 mm/day (black) from eastern Houston to Beaumont and the Louisiana border. This is also shown by station data from the GHCN-D v2 dataset. Most stations record precipitation between 8 am and 8 am local time, which corresponds to 13-13 UTC, very close to the time interval of the radar data. The highest daily value recorded at a station is 493.5 mm/day at Beaumont Research Center, Texas. However, given the large amounts of missing data near the maximum defined by the radar data we posit that higher values are likely to be reported at stations that become available with a delay.
After making landfall on 17 September, Imelda stalled north of Houston on 18 and 19 September. While the storm was downgraded to a Tropical Depression, intense banding contributed to several waves of heavy precipitation across the region creating the horseshoe pattern shown in Figure 1. Furthermore, Imelda’s long residence time and slow forward motion over Southeast Texas generated extremely intense rainfall over relatively small areas, so that the two-day precipitation amounts are even more exceptional in smaller areas. Figure 2 shows the precipitation amounts averaged over the 2-day period 19-20 September 2019. The highest recorded accumulation at any station is 355.3 mm/day, or 710.6 mm/2dy, at Roman Forest 1.9 ENE, Texas.
In the same way as in previous studies on extreme rainfall (in England , France , Chennai , Louisiana and Houston ), we fitted a Generalized Extreme Value (GEV) distribution to the NCEI GHCN-D v2 station data that scales with global mean temperature as a proxy for climate change. See Van der Wiel et al. (2017) for a detailed explanation of the procedure, which was also used in the analysis of Hurricane Harvey’s precipitation in Van Oldenborgh et al. (2017) . As in the latter publication we use two datasets: 13 stations with at least 80 years of data and at least 1º apart, and 85 stations with at least 30 years of data and at least 0.1º apart. There is one important change in the GHCN-D dataset: an extreme precipitation event in Abbeville on 7–9 August 1940 that had been removed in the version we used for the Harvey analysis has since been reinstated as a correct observation. It has precipitation amounts almost comparable to Harvey and is now visible on the fits. (As an aside, inclusion of this event, plus the data since 2017, does not greatly affect the conclusion of the Harvey analysis in return time, probability ratio or change in intensity, although the uncertainty ranges increase somewhat. The GEV function with positive shape parameter has a large probability for extreme events; that is, the fit is determined more by the many smaller events.)
The GEV fits give a local return time in the current climate, the inverse of which gives the probability of as much rain or more than observed at the most extreme station at a given location (a return time of 50 yr means a probability of 2% every year). For one-day precipitation in the 85-station dataset this is about 550 yr (320 to 750 yr) and for the highest two-day precipitation about 1200 yr (520 to 1700 yr, see Figure 3). The results from the 13-station dataset are similar but with slightly larger uncertainties. The event was therefore more extreme as a two-day event than as a one-day event. Given that the Harvey analysis had shown that multiple-day precipitation caused higher floods, we take as event definition the highest two-day station precipitation.
The regional return time for such a high amount at any of the 85 stations with at least 30 years of data and 0.1º apart that we analysed on the U.S. Gulf Coast 27.5–31 ºN, 85–97.5 ºW). This is much higher as the Gulf Coast is much larger than the area with extreme precipitation, so there are many possible locations. We obtain a return period of 50 yr (20 to 200 yr) for this amount of two-day precipitation in any of these stations on the U.S. Gulf Coast. This appears to be somewhat at odds with the recent observations of three similar flooding events in four years ( 2016 , 2017 , and 2019). It requires further analysis, beyond what is possible in this rapid attribution study, to find out whether or not the recent recurrence is more than an unfortunate coincidence.
The fit to the observations shown in Figure 3 also gives the results that such an event has become more common by a factor of roughly 2.6 (1.6 to 5.0) since around 1900, or equivalently that the intensity (i.e. total amount of precipitation) increased by about 18% (11% to 28%).
Modelled effects of climate change
We repeated the same analysis for a 6 member ensemble of 5-yr time slices of the SST-driven climate model EC-Earth 2.3 at T799 (~30km) horizontal resolution (Hazeleger et al., 2012), which was found to describe the three-day extremes we studied in our Harvey analysis well. Our usual procedure is to only use climate model output for the present and past to study the dependence of the event on climate change up to now. However, for this model we do not have enough data to extract that information from the past and present data only. We therefore chose to also use the time slice around 2090. This assumes that the effect of climate change is the same in the past as up to this time, when we describe it as a function of historical and scenario equivalent CO2 concentration. The strong heating in the last time slice gives rise to more intense events, as can be seen in Figure 4.
We defined the event to have the same regional return time as in the observations, 50 yr. The fit gives an increase in probability between 1900 and 2019 of 3.1 (1.9 to 12.3) and a change in intensity of 23% (13% to 31%).
We also analysed the other model of the Louisiana and Harvey analysis that simulated three-day extremes reasonably well, HiFLOR (25km, Murakami et al., 2016). We consider again the spatial maximum, now over the land points in 29–31ºN, 85–95ºW, of the annual maximum of two-day averaged precipitation, Figure 5.
This model gives an increase in probability of a factor 1.6 (1.3 to 2.0), which is equivalent to an increase in intensity of 8% (4% to 12%).
The synthesis plots are shown in Figure 6. For the two observational estimates the natural variability is highly correlated, so the bar labeled ‘observations’ just averages the lower bounds, best fit values and upper bounds. The models are further apart than can be explained by natural variability (red bars). The white extensions denote the model spread necessary to bring the χ²/dof to one (van Oldenborgh et al, in preparation). This has been added to the natural variability to give the ‘models’ summary bar. Finally the observations and models have been averaged using weights (coloured bar) and with equal weights (white box). These almost coincide in this case.
This synthesis shows that the probability of two-day rainfall as intense as the maximum observed during Imelda has increased by a factor 1.5 to 3.1. This is equivalent to an increase in intensity of 9% to 21%.
Two years after Harvey, Tropical Storm Imelda again served to highlight the vulnerability of Southeast Texas to severe rainfall. Widespread flooding was reported in Northeast Houston and along the I-10 corridor between Houston and the Golden Triangle (Beaumont-Port Arthur-Orange, largely coinciding with the areas of extreme precipitation of Figures 1 and 2). Several major rivers and bayous in the region exceeded flood stage, including along parts of the San Jacinto, Lower Trinity and Neches Rivers and their tributaries. Flooding also impacted numerous heavily-trafficked roadways catching daytime drivers by surprise. The Harris County Fire Marshal’s Office reported that more than 2,000 water rescues were performed by emergency responders in Harris County , 450 of which involved high water rescues.
In response, Texas’ Governor, Greg Abbott, declared a State of Disaster to provide unlimited state resources to the counties impacted by Imelda. The 13-county disaster declaration area has a population of approximately 6.6 million people. By 21 September, 2,400 flood insurance claims had been filed with the NFIP and the Insurance Council of Texas reports that more than 10,000 vehicles were damaged (80% are estimated to be totaled). It is likely that damages from the event will reach into the billions of dollars. As of 23 September, it was estimated that five deaths had occurred due to Imelda .
Since Harvey, significant steps have been taken to reduce the vulnerability of southeast Texas to coastal flooding. First, several new state laws went into effect on 1 September 2019 including a hazard disclosure law which expands requirements for sellers to disclose flood risk to include past flooding , and whether the home is located in a 500-year floodplain, a flood pool, or near a reservoir. Many homeowners are unaware of their risk and the FEMA flood maps are out of date and do not account for changes in precipitation, or upstream development. (FEMA is set to update its methodology for determining flood risks , which previously only looked at historical information, by 2020.)
Second, the state legislature created several funding mechanisms to facilitate the construction of flood control infrastructure including the Flood Infrastructure Fund and the Texas Infrastructure Resiliency Fund (TIRF). The Infrastructure Fund was created using nearly $1.7 billion from the state’s savings account, colloquially known as the “rainy day fund,” to be used to build flood control infrastructure in the short term. The Texas Infrastructure Resiliency Fund (TIRF), totaling $1.6 billion, will provide cities, counties and other political subdivisions the oppor";What was the highest two‑day precipitation accumulation recorded at a station during the Imelda event?;710.6 mm over two days (355.3 mm per day).
74;https://www.worldweatherattribution.org/somalia-drought-2016-2017/;"A quickly deteriorating food security outlook in Somalia triggered international humanitarian appeals in 2016. In this analysis we investigate the roles of climate change and El Niño in the observed very low precipitation using both climate models and observational data.
As of March 2017, over 40 percent of the Somali population was in need of emergency food assistance (UNOCHA). The deteriorating situation partly resulted from successive dry spells in 2016, leading to increased risk of mortality and severe long-term impacts on livelihoods and assets (IFRC). FEWSNET reported that if the upcoming April to June “Gu” season rainfall failed, IPC-Level 5 Catastrophe (i.e. at least one in five households face a complete lack of food and/or other basic needs and starvation, death, and destitution are evident) may be reached (FEWS net). The main rivers along which many people base their livelihoods, the Shabelle, Dawa, and Juba have reached very low levels or have run dry (FAOSWALIM). As almost always, food insecurity does not result from a meteorological drought alone. In Somalia the protracted conflict, lack of access to markets, and underlying structural factors play important roles in determining the risk (Maxwell and Fitzpatrick 2012).
Somalia is currently facing a quickly deteriorating food security situation, triggered by depressed rainfall in the context of high exposure and vulnerability of many people in the country, mainly related to decades of conflict and political upheaval. This analysis-t looks at the potential role of climate change, as well as the role of the recent La Niña, in the occurrence of the drought.
Somalia has two rainy seasons: when the interropical convergence zone passes north in spring and when it passes south again in autumn. In central and southern Somalia this is mainly in April-May and October-November, sometimes extended into December. Further north in the rains start earlier, in March and August.
Geographically, the northwestern part of Somalia, also known as Somaliland, has a somewhat different climate from the rest of the country. We therefore carried out two separate analyses, one for this northwestern region, hereafter referred to as Somaliland, and one for the rest of the country, hereafter referred to as Somalia (referring to Somalia except the northwestern part).
In this analysis we only consider meteorological drought, i.e., lack of rain, not the separate effect of temperature. In 2016 the spring rains were about 20 percent below normal in Somalia, but a bit above normal in Somaliland. The autumn rains failed in both areas, with about half the normal amount of rain in the second half of the year on average, much less in some regions. In Somaliland this was a very rare, once-a-century, event. In the rest of Somalia it was not as rare (1-in-10 to 30 years).
First we looked for trends in the historical observations of rainfall. The CenTrends dataset goes back to 1900 and is based on an extensive collection of station data in eastern Africa. Overall, we found no trend in the observations but due to the high variability of rain in this area this still allows fairly large underlying trends.
For this rapid study we used three models for which the data were readily available to study the climate change signal. The first is the SST-forced HadGEM3-A 15-member ensemble at N219 resolution (~60km). The second model is the EC-Earth 2.3 16-member ensemble at T159 (~150km) using the CMIP5 historical/RCP8.5 protocol that was used to construct the KNMI’14 climate change scenarios. The third is the large ensemble distributed computing framework weather@home, which employs a regional climate model HadRM3P with a resolution of 50km inside the global SST-forced HadAM3P model.
Two of the models show no trend, one a small increase in the likelihood of dry extremes. Taking all the evidence together we therefore conclude that the effect of climate change on dry extremes in Somalia and Somaliland in the autumn (Deyr) rains is small compared to natural variability. We cannot show that climate change influenced the probability of drought.
The strong La Niña that was active at the time increased the probability of a dry season and explains about one third of the precipitation deficit. This was not forecast well by current seasonal forecast models.
In this analysis we investigate the roles of climate change and El Niño in the observed very low precipitation in Somalia in 2016 using both climate models and observational data. The methods applied here are similar to those used in the recently published study that analyzed the role of climate change in the SE Brazil drought (Otto et al, 2015), and in fact uses the same data and methods as ongoing assessments of the droughts in Kenya and Ethiopia (Uhe et al, in prep; Philip et al, in prep).
Note that in this analysis we consider only meteorological drought, i.e., lack of rain, not the separate effect of temperature. In this region average temperatures have been rising roughly at the same rate as the global mean temperature (IPCC, 2013). However, there are no recent public temperature observation in Somalia or neighboring countries to confirm this, and reanalysis disagree on the pattern of warming. Furthermore, in order to assess the impact of higher temperatures on the current conditions, we would need to assess how higher temperatures affect runoff, evapotranspiration and water scarcity. This depends on factors such as the soil reaction to more intense rain, properties of plant types, irrigation usage, and is beyond the scope of this article.
East African rainfall studies indicate that coherent projections of precipitation across the region are possible. Souverijns et al. (2016) analyse drivers of future variability in East African precipitation using 15 historical and future members of CORDEX to obtain typical circulation types. Under a high-emissions scenario, precipitation changes related to variation in occurrence of these CTs attributes for 23 percent of the East African synoptic component by 2100. The remaining 77 percent is due to changes in moisture content/influx or local/mesoscale feedbacks and affects precipitation increases close to the equator and the Somali region. Lott et al.’s (2013) study of the 2011 East African drought concluded that the failed 2011 long rains were more probable under anthropogenic climate change. Funk et al.’s (2015) examination of the 2014 boreal spring East African drought concluded that the drought was a result of both anthropogenic and residual natural variability contributions, and that non-ENSO forcing led to the 2012 drought although ENSO was a key driver in earlier droughts. In contrast, Marthews et al (2015) found no anthropogenic influence on the likelihood of low rainfall in long rains in the Greater Horn of Africa in 2014, where some of the areas currently in drought were affected as well.
Somalia (Figure 1) has two rainy seasons: when the intertropical convergence zone passes north in spring and when it passes south again in autumn. In central Somalia this is mainly in April-May (the “Gu” season) and October-November (the “Deyr” season), although it can sometimes extend into December. Further north the rains start earlier, the Gu season starts in March and the Deyr season in August. Usually the periods in between are not completely dry. We use four-month seasons that encompass the peak of the rains both in the north and the south: March–June and September–December.
Geographically, the northwestern part of Somalia, also known as Somaliland, has a somewhat different climate from the rest of the country. We therefore carried out two separate analyses, one for this northwestern region, hereafter referred to as Somaliland, and one for the rest of the country, hereafter referred to as Somalia (but actually referring to Somalia except the northwestern part). These two analysis regions are indicated on the map of Figure 1.
In 2016 the Gu (spring) rains were about 20 percent below normal in southern and central Somalia, but a bit above normal in the north. The Deyr (autumn) rains failed in both analysis areas, with about half the normal amount of rain in the second half of the year (Figure 2) averaged over these areas. Locally the deficits were even higher, with large parts of Somalia receiving less than 40 percent of the normal rain, some areas even less than 20 percent (Figure 3a).
For this analysis we therefore define the main drought event as the September–December 2016 averaged rainfall, averaged spatially over northwest Somalia (Somaliland) and the rest of the country. We also consider the 2016 annual mean rainfall in Central Somalia (defined to be 2º-5ºN, 44º-47ºE), the region where both rains failed in 2016 (Fig 3b).
First we looked at historical observations of precipitation. The CenTrends dataset goes back to 1900 and is based on an extensive collection of station data in eastern Africa, a region that typically has sparse data coverage. It contains more station data than other analyses in this region, with about 20 stations from 1920 to 2000, four stations in 1900-1920 (Funk et al, 2015). For the period after 2000, satellite data is used.
We fitted a Generalised Pareto Distribution to the lowest 40 percent of the data over the period 1900-2014, which is allowed to scale with the smoothed global mean surface temperature (GMST) as an indicator for the effects of global warming. The fit routine demands that the probability of negative rain is zero.
The resulting fits are shown in Figure 4. They indicate that there is no detectable trend in the observations over the large natural variability. Depending on the details of the fitting procedure, one gets a slight but non-significant positive or negative trend in both areas. The uncertainties in the observed trends are very large and easily encompass zero (no trend) as they range from roughly a factor ten more probability of dry extremes to a factor ten less. Note that this uncertainty range does not yet include systematic uncertainties due to changes in the observing system, but only results from natural variability of the climate.
The same holds for annual precipitation in Central Somalia: there is no significant trend within the large uncertainty (again of the order of plus or minus a factor 10 in probability) due to natural variability.
In Somalia we find a return period of about 15 years (95% CI: 10–30 yrs), so not an extremely rare event. In Somaliland the return period is roughly 100 years (95% CI 50-700 yrs), so it was an extreme drought there (Figure 5). (As the best estimate for the trend is zero, the return periods for the events were estimated with a time-invariant GPD fit to the lowest 40 percent).
Precipitation in Somaliland and especially Somalia is on average higher during El Niño and lower during La Niña. As a measure of the strength of La Niña we use a detrended Niño3.4 index, which is the same area average as the normal Niño3.4 index (5ºS-5ºN, 120º-170ºW) but with the average SST over 30ºS-30ºN subtracted. The trends in these two series are very similar, so they cancel in the difference (H. Hendon, pers. comm.). The resulting series agrees much better with non-temperature ENSO indices such as the Southern Oscillation Index (SOI) or projections on precipitation patterns (Van Oldenborgh et al, in prep).
A linear correlation of this index with the logarithm of precipitation gives a correlation coefficient r=0.4±0.17 (95% CI) for Somalia. There was a strong La Niña event at the time of the drought with a detrended Niño3.4 index of -1.0 K averaged over September-December. This La Niña increased the drought risks considerably. Without La Niña the precipitation would have been about two-thirds of normal, whereas it was only half of normal this year, so it explains a third of the deficit. In a tercile description, La Niña increased the probability of rainfall in the lower tercile from 33 percent to 50 percent. In S";What proportion of Somali population needed emergency food assistance as of March 2017?;over 40 percent
75;https://www.worldweatherattribution.org/somalia-drought-2016-2017/;"A quickly deteriorating food security outlook in Somalia triggered international humanitarian appeals in 2016. In this analysis we investigate the roles of climate change and El Niño in the observed very low precipitation using both climate models and observational data.
As of March 2017, over 40 percent of the Somali population was in need of emergency food assistance (UNOCHA). The deteriorating situation partly resulted from successive dry spells in 2016, leading to increased risk of mortality and severe long-term impacts on livelihoods and assets (IFRC). FEWSNET reported that if the upcoming April to June “Gu” season rainfall failed, IPC-Level 5 Catastrophe (i.e. at least one in five households face a complete lack of food and/or other basic needs and starvation, death, and destitution are evident) may be reached (FEWS net). The main rivers along which many people base their livelihoods, the Shabelle, Dawa, and Juba have reached very low levels or have run dry (FAOSWALIM). As almost always, food insecurity does not result from a meteorological drought alone. In Somalia the protracted conflict, lack of access to markets, and underlying structural factors play important roles in determining the risk (Maxwell and Fitzpatrick 2012).
Somalia is currently facing a quickly deteriorating food security situation, triggered by depressed rainfall in the context of high exposure and vulnerability of many people in the country, mainly related to decades of conflict and political upheaval. This analysis-t looks at the potential role of climate change, as well as the role of the recent La Niña, in the occurrence of the drought.
Somalia has two rainy seasons: when the interropical convergence zone passes north in spring and when it passes south again in autumn. In central and southern Somalia this is mainly in April-May and October-November, sometimes extended into December. Further north in the rains start earlier, in March and August.
Geographically, the northwestern part of Somalia, also known as Somaliland, has a somewhat different climate from the rest of the country. We therefore carried out two separate analyses, one for this northwestern region, hereafter referred to as Somaliland, and one for the rest of the country, hereafter referred to as Somalia (referring to Somalia except the northwestern part).
In this analysis we only consider meteorological drought, i.e., lack of rain, not the separate effect of temperature. In 2016 the spring rains were about 20 percent below normal in Somalia, but a bit above normal in Somaliland. The autumn rains failed in both areas, with about half the normal amount of rain in the second half of the year on average, much less in some regions. In Somaliland this was a very rare, once-a-century, event. In the rest of Somalia it was not as rare (1-in-10 to 30 years).
First we looked for trends in the historical observations of rainfall. The CenTrends dataset goes back to 1900 and is based on an extensive collection of station data in eastern Africa. Overall, we found no trend in the observations but due to the high variability of rain in this area this still allows fairly large underlying trends.
For this rapid study we used three models for which the data were readily available to study the climate change signal. The first is the SST-forced HadGEM3-A 15-member ensemble at N219 resolution (~60km). The second model is the EC-Earth 2.3 16-member ensemble at T159 (~150km) using the CMIP5 historical/RCP8.5 protocol that was used to construct the KNMI’14 climate change scenarios. The third is the large ensemble distributed computing framework weather@home, which employs a regional climate model HadRM3P with a resolution of 50km inside the global SST-forced HadAM3P model.
Two of the models show no trend, one a small increase in the likelihood of dry extremes. Taking all the evidence together we therefore conclude that the effect of climate change on dry extremes in Somalia and Somaliland in the autumn (Deyr) rains is small compared to natural variability. We cannot show that climate change influenced the probability of drought.
The strong La Niña that was active at the time increased the probability of a dry season and explains about one third of the precipitation deficit. This was not forecast well by current seasonal forecast models.
In this analysis we investigate the roles of climate change and El Niño in the observed very low precipitation in Somalia in 2016 using both climate models and observational data. The methods applied here are similar to those used in the recently published study that analyzed the role of climate change in the SE Brazil drought (Otto et al, 2015), and in fact uses the same data and methods as ongoing assessments of the droughts in Kenya and Ethiopia (Uhe et al, in prep; Philip et al, in prep).
Note that in this analysis we consider only meteorological drought, i.e., lack of rain, not the separate effect of temperature. In this region average temperatures have been rising roughly at the same rate as the global mean temperature (IPCC, 2013). However, there are no recent public temperature observation in Somalia or neighboring countries to confirm this, and reanalysis disagree on the pattern of warming. Furthermore, in order to assess the impact of higher temperatures on the current conditions, we would need to assess how higher temperatures affect runoff, evapotranspiration and water scarcity. This depends on factors such as the soil reaction to more intense rain, properties of plant types, irrigation usage, and is beyond the scope of this article.
East African rainfall studies indicate that coherent projections of precipitation across the region are possible. Souverijns et al. (2016) analyse drivers of future variability in East African precipitation using 15 historical and future members of CORDEX to obtain typical circulation types. Under a high-emissions scenario, precipitation changes related to variation in occurrence of these CTs attributes for 23 percent of the East African synoptic component by 2100. The remaining 77 percent is due to changes in moisture content/influx or local/mesoscale feedbacks and affects precipitation increases close to the equator and the Somali region. Lott et al.’s (2013) study of the 2011 East African drought concluded that the failed 2011 long rains were more probable under anthropogenic climate change. Funk et al.’s (2015) examination of the 2014 boreal spring East African drought concluded that the drought was a result of both anthropogenic and residual natural variability contributions, and that non-ENSO forcing led to the 2012 drought although ENSO was a key driver in earlier droughts. In contrast, Marthews et al (2015) found no anthropogenic influence on the likelihood of low rainfall in long rains in the Greater Horn of Africa in 2014, where some of the areas currently in drought were affected as well.
Somalia (Figure 1) has two rainy seasons: when the intertropical convergence zone passes north in spring and when it passes south again in autumn. In central Somalia this is mainly in April-May (the “Gu” season) and October-November (the “Deyr” season), although it can sometimes extend into December. Further north the rains start earlier, the Gu season starts in March and the Deyr season in August. Usually the periods in between are not completely dry. We use four-month seasons that encompass the peak of the rains both in the north and the south: March–June and September–December.
Geographically, the northwestern part of Somalia, also known as Somaliland, has a somewhat different climate from the rest of the country. We therefore carried out two separate analyses, one for this northwestern region, hereafter referred to as Somaliland, and one for the rest of the country, hereafter referred to as Somalia (but actually referring to Somalia except the northwestern part). These two analysis regions are indicated on the map of Figure 1.
In 2016 the Gu (spring) rains were about 20 percent below normal in southern and central Somalia, but a bit above normal in the north. The Deyr (autumn) rains failed in both analysis areas, with about half the normal amount of rain in the second half of the year (Figure 2) averaged over these areas. Locally the deficits were even higher, with large parts of Somalia receiving less than 40 percent of the normal rain, some areas even less than 20 percent (Figure 3a).
For this analysis we therefore define the main drought event as the September–December 2016 averaged rainfall, averaged spatially over northwest Somalia (Somaliland) and the rest of the country. We also consider the 2016 annual mean rainfall in Central Somalia (defined to be 2º-5ºN, 44º-47ºE), the region where both rains failed in 2016 (Fig 3b).
First we looked at historical observations of precipitation. The CenTrends dataset goes back to 1900 and is based on an extensive collection of station data in eastern Africa, a region that typically has sparse data coverage. It contains more station data than other analyses in this region, with about 20 stations from 1920 to 2000, four stations in 1900-1920 (Funk et al, 2015). For the period after 2000, satellite data is used.
We fitted a Generalised Pareto Distribution to the lowest 40 percent of the data over the period 1900-2014, which is allowed to scale with the smoothed global mean surface temperature (GMST) as an indicator for the effects of global warming. The fit routine demands that the probability of negative rain is zero.
The resulting fits are shown in Figure 4. They indicate that there is no detectable trend in the observations over the large natural variability. Depending on the details of the fitting procedure, one gets a slight but non-significant positive or negative trend in both areas. The uncertainties in the observed trends are very large and easily encompass zero (no trend) as they range from roughly a factor ten more probability of dry extremes to a factor ten less. Note that this uncertainty range does not yet include systematic uncertainties due to changes in the observing system, but only results from natural variability of the climate.
The same holds for annual precipitation in Central Somalia: there is no significant trend within the large uncertainty (again of the order of plus or minus a factor 10 in probability) due to natural variability.
In Somalia we find a return period of about 15 years (95% CI: 10–30 yrs), so not an extremely rare event. In Somaliland the return period is roughly 100 years (95% CI 50-700 yrs), so it was an extreme drought there (Figure 5). (As the best estimate for the trend is zero, the return periods for the events were estimated with a time-invariant GPD fit to the lowest 40 percent).
Precipitation in Somaliland and especially Somalia is on average higher during El Niño and lower during La Niña. As a measure of the strength of La Niña we use a detrended Niño3.4 index, which is the same area average as the normal Niño3.4 index (5ºS-5ºN, 120º-170ºW) but with the average SST over 30ºS-30ºN subtracted. The trends in these two series are very similar, so they cancel in the difference (H. Hendon, pers. comm.). The resulting series agrees much better with non-temperature ENSO indices such as the Southern Oscillation Index (SOI) or projections on precipitation patterns (Van Oldenborgh et al, in prep).
A linear correlation of this index with the logarithm of precipitation gives a correlation coefficient r=0.4±0.17 (95% CI) for Somalia. There was a strong La Niña event at the time of the drought with a detrended Niño3.4 index of -1.0 K averaged over September-December. This La Niña increased the drought risks considerably. Without La Niña the precipitation would have been about two-thirds of normal, whereas it was only half of normal this year, so it explains a third of the deficit. In a tercile description, La Niña increased the probability of rainfall in the lower tercile from 33 percent to 50 percent. In S";Which climate phenomenon explained about one third of 2016 precipitation deficit in Somalia?;La Niña
76;https://www.worldweatherattribution.org/southeast-brazil-drought-2014-2015/;"South east Brazil experienced profound water shortages in 2014–15. Anthropogenic climate change was not found to be a major influence on the hazard, whereas increasing population and water consumption increased vulnerability.
The southeast region of Brazil (SEB, defined as the area between 15°–25°S and 40°–48°W; Fig. 9.1a) experienced remarkably dry conditions from January 2014 to February 2015, comprising the 14-month period that includes two rainy seasons investigated here. This region includes São Paulo, Brazil´s most populated city, which suffered impacts due to water shortages, and the watersheds and reservoirs feeding the city’s water supply system. The wet season occurs during austral summer and the dry season during austral winter. The South Atlantic convergence zone (SACZ) is the main mechanism responsible for the region’s austral summer rainfall.
During summer 2014, there was a complete absence of SACZ episodes (Coelho et al. 2015). Previous major droughts occurred in the region in 1953/54, 1962/63, 1970/71, and 2001. While droughts have very complex criteria, these were all characterized by large rainfall deficits while the effect of the SACZ needs further investigation. The 1953/54 rainfall deficit prompted construction of the largest water supply system (Cantareira) used for São Paulo (Porto et al. 2014). The 2014/15 drought had major impacts in São Paulo due partly to a four-fold population increase since 1960 (Figure 1b). Although new water supply systems were constructed after Cantareira, it is still by far the largest in terms of capacity and number of people supplied (until early 2015) and hence is used as an indicator of the impacts of the SEB drought on water supply. In January 2015, Cantareira, which used to supply 8.8 million people in São Paulo, sank to a water volume of just 5% of capacity (Figure 1c), and currently supplies just 5.3 million people. Other systems (Guarapiranga and Alto Tiete) started to supply the excess population, those previously supplied by Cantareira, after the water crisis was established.
In this analysis, we investigate potential changes in the hydrometeorological hazard, defined by accumulated precipitation and the difference between precipitation and evaporation (P − E) in the SEB region. The true impact, however, is due to a combination of a physical event with vulnerability and exposure, in this case on millions of people in the affected area (Field et al. 2012).
The current drought reflects increasing trends in exposure. São Paulo’s population grew by 20% in the past 20 years. Water use has increased at an even faster rate over the same period (Figure 1b). Vulnerability of water supply systems remains high. Recognizing that water governance is key to reducing vulnerability, Brazil has advanced decentralisation of water management (Engle and Lemos 2010).
Other aspects of vulnerability give a more mixed picture. This drought has not resulted in sustained power outages, a common consequence of water shortages. Similarly, no cholera outbreaks have been reported, reflecting major public health investments (Barrato et al. 2011). Dengue, however, has spiked in São Paulo, with a tripling of cases in 2015 compared with 2014, including several deaths.
Drought can be defined in multiple ways and have multiple drivers (Field et al. 2012). Here we employ a multi-method approach to assess whether and to what extent anthropogenic climate change contributed to the 2014/15 drought event over SEB, using both observations and general circulation model (GCM) simulations of 14-month accumulated precipitation and P – E. We chose these measures to robustly assess the combined thermodynamic and dynamic effect of anthropogenic climate change on the drought. Future studies will disentangle these effects and analyze the driving mechanisms (e.g., Coelho et al. 2015). Our methods include: (i) trend and return period estimation for the 2014/15 event based on historical records; (ii) an estimation of the change in return periods of this event by comparing very large ensembles of SST-driven GCM simulations of the current climate with simulations of the climate in a “world that might have been” without anthropogenic greenhouse gas emissions; and (iii) a similar procedure using state-of-the-art coupled climate model simulations (CMIP5; Taylor et al. 2012).
The observational analysis is based on the GPCC-V6 analysis up to 2010 (Global Precipitation Climatology Centre; Schneider et al. 2014), GPCC monitoring analysis 2011–14, and GPCC first guess analysis Jan–Feb2015. The monitoring analysis was adjusted to GPCC-V6 using linear regression on the 1986–2010 overlap period. Figure 9.1a shows January 2014–February 2015 precipitation anomalies relative to the 1941–2010 mean. Eastern Brazil, including SEB, shows 25% to 50% deficits. Figure 9.1d shows 14-month precipitation running means averaged over SEB. No evidence of a trend was found in the mean, whereas dry extremes showed a barely significant decrease up to 2013 (Fig. 9.1d, lower panel). The 2014/15 SEB deficit is similar to previous events, with dry episodes around 1963, 1970, and 1954 more severe than the current episode up to February 2015. Figure 9.1e shows a generalised Pareto distribution (GPD) fit to the driest 20% records assuming a stationary distribution. The January 2014–February 2015 deficit (435 mm) return period is about 20 years (95% CI: 10–60 years).
We use the distributed computing framework— weather@home—to run the Met Office Hadley Centre atmosphere-only general circulation model HADAM3P (Massey et al. 2014) to simulate precipitation and P − E in two different model ensembles representing: 1) observed climate conditions of 2014/15, and 2) counterfactual conditions under pre-industrial greenhouse gas forcings and 11 different estimates of SSTs without human influence (Schaller et al. 2014). The empirical SEB total precipitation return periods (Figure 2a) show that in this approach dry precipitation extremes have become less likely due to anthropogenic greenhouse gas emissions: what would have been a 1-in-20-year precipitation deficit event like the 14-month 2014/15 event has become approximately a 1-in-30-year event (95% CI: 0 to 35 years). At the same time there is no detectable change in P − E due to human-induced climate change (Figure 2c) because of an increase in evaporation that cancels the increase in precipitation. The decrease in extreme low precipitation seen in SEB however is not uniform (consistent with observations; see Supplementary Figure 2a) across Brazil as a whole (Figure 2e).
We use the same approach as described in Lewis and Karoly (2014) and King et al. (2015) to estimate the fraction of attributable risk (FAR; Allen 2003) of precipitation totals below 25%, 20%, 15%, and 10% of the 1961–90 average and P − E below 170 mm (the 10th percentile) in a subset of the CMIP5 ensemble (see supplemental material). In contrast to the weather@home we find an increase in the risk of low precipitation with FARs greater than 0.167 (with 90% confidence) for the observed accumulated precipitation. However, the null result is confirmed with FARs slightly greater than zero for P − E.
While it has been speculated that anthropogenic climate change is a leading driver of the current drought (e.g., Escobar 2015) our multi-method approach finds limited support for this view. Evidence from observations shows large precipitation deficits becoming less common, albeit with large uncertainties. Likewise, large climate model ensembles show a non-significant effect of anthropogenic greenhouse gas emissions on the probability of low water availability (P − E). We therefore conclude the hydrometeorological hazard risk has likely not increased due to human-induced greenhouse gas emissions and the large impact of the 2014/15 event (particularly in the São Paulo region) is more likely driven by water use changes and accelerated population growth.
This does not, however, mean there is no human influence on the hazard itself. We expect (and observe) evaporation to rise due to higher temperatures as a direct consequence of the Clausius–Clapeyron relationship when there is enough water availability. However, this is not the case in droughts where a precipitation deficit over an extended period of time bounds evaporation. Hence the trend in evaporation tends to cancel the trend in dry precipitation extremes, giving a null result in P − E extremes. Overall, our analysis suggests changes in hydrometeorological risk are small while increasing water consumption increases the risk of profound water shortages.
The negative trend in observed dry extremes and large ensemble simulations is in contrast to a positive trend in CMIP5 dry precipitation extremes (Figs. 9.1f, 9.2b). This apparent contradiction could result from the differing physics among the CMIP5 models and weather@home, or from the different underlying assumptions of the different methodologies (e.g., climatological behavior in CMIP5 versus single year simulations using weather@home or SST-forced versus coupled). This highlights the importance of analyzing the same event using multiple methods as a means of better assessing confidence in our results.
Our analysis suggests the specific geographic location of the study area plays an important role in the results as São Paulo sits on the edge of the boundary between decreasing precipitation (to the north) and increasing precipitation (to the south) (Figures 2e,f). Future projections show a continuation of this general pattern, but given the large spread between models, scenarios, and seasons, it is possible the wet–dry boundary will shift leaving São Paulo’s precipitation future uncertain (van Oldenborgh et al. 2013). Hence, while the recent drought impacts were most likely not driven by an increase in hydrometeorological hazard, there is a risk that this may not hold in an even warmer world. Future analyses of the dynamical drivers of the hazard might allow this risk to be quantified.
We thank Antonio Divino Moura and David Karoly for their guidance and input on the manuscript and Dina Sperling and Roop Singh for all their help, our colleagues at the Oxford eResearch Centre and the Met Office Hadley Cen tre PRECIS team for their support for the application and development of weather@ home and all participants in climateprediction.net. The work was supported by the EUCLEIA project funded by the European Union’s Seventh Framework Programme (FP7/2007–2013).
Allen, M. (2003) Liability for climate change . Nature , 421 : 891–892, doi: 10.1038/421891a
Barreto, M. L., Teixeira, M.G., Bastos, F.I., Ximenes, R.A.A., Barata, R.B. and Rodrigues, L.C. (2011) Successes and failures in the control of infectious diseases in Brazil: Social and environmental context, policies, interventions, and research needs . Lancet , 377 : 1877–1889, doi: 10.1016/S0140-6736(11)60202-X
Coelho, C.A.S., de Oliveira, C.P., Ambrizzi, T., Reboita, M.S., Camila Bertoletti Carpenedo, Campos, J.L.P.S., Tomaziello, A.C.N., Pampuch, L.A., de Souza Custódio, M., Dutra, L.M.M., Da Rocha, R.P. and Rehbein, A. (2015) The 2014 southeast Brazil austral summer drought: Regional scale mechanisms and teleconnections . Climate Dynamics, 46(11–22): 3737–3752. doi: 10.1007/s00382-015-2800-1
Engle, N. L. and Lemos, M.C. (2010) Unpacking governance: Building adaptive capacity to climate change of river basins in Brazil . Global Environmental Change , 20 :4–13. doi: 10.1016/j.gloenvcha.2009.07.001
Escobar, H. (2015) Drought triggers alarms in Brazil’s biggest metropolis . Science , 347 (6224): 812. doi: 10.1126/science.347.6224.812
Field, C.B., V. Barros, T.F. Stocker, D. Qin, D.J. Dokken, K.L. Ebi, M.D. Mastrandrea, K.J. Mach, G.-K. Plattner, S.K. Allen, M. Tignor, and P.M. Midgley (eds.). (2012) Managing the risks of extreme events and disasters to advance climate change adaptation . A Special Report of Working Groups I and II of the Intergovernmental Pane";What water volume percentage did Cantareira reservoir have in January 2015?;5%
77;https://www.worldweatherattribution.org/southeast-brazil-drought-2014-2015/;"South east Brazil experienced profound water shortages in 2014–15. Anthropogenic climate change was not found to be a major influence on the hazard, whereas increasing population and water consumption increased vulnerability.
The southeast region of Brazil (SEB, defined as the area between 15°–25°S and 40°–48°W; Fig. 9.1a) experienced remarkably dry conditions from January 2014 to February 2015, comprising the 14-month period that includes two rainy seasons investigated here. This region includes São Paulo, Brazil´s most populated city, which suffered impacts due to water shortages, and the watersheds and reservoirs feeding the city’s water supply system. The wet season occurs during austral summer and the dry season during austral winter. The South Atlantic convergence zone (SACZ) is the main mechanism responsible for the region’s austral summer rainfall.
During summer 2014, there was a complete absence of SACZ episodes (Coelho et al. 2015). Previous major droughts occurred in the region in 1953/54, 1962/63, 1970/71, and 2001. While droughts have very complex criteria, these were all characterized by large rainfall deficits while the effect of the SACZ needs further investigation. The 1953/54 rainfall deficit prompted construction of the largest water supply system (Cantareira) used for São Paulo (Porto et al. 2014). The 2014/15 drought had major impacts in São Paulo due partly to a four-fold population increase since 1960 (Figure 1b). Although new water supply systems were constructed after Cantareira, it is still by far the largest in terms of capacity and number of people supplied (until early 2015) and hence is used as an indicator of the impacts of the SEB drought on water supply. In January 2015, Cantareira, which used to supply 8.8 million people in São Paulo, sank to a water volume of just 5% of capacity (Figure 1c), and currently supplies just 5.3 million people. Other systems (Guarapiranga and Alto Tiete) started to supply the excess population, those previously supplied by Cantareira, after the water crisis was established.
In this analysis, we investigate potential changes in the hydrometeorological hazard, defined by accumulated precipitation and the difference between precipitation and evaporation (P − E) in the SEB region. The true impact, however, is due to a combination of a physical event with vulnerability and exposure, in this case on millions of people in the affected area (Field et al. 2012).
The current drought reflects increasing trends in exposure. São Paulo’s population grew by 20% in the past 20 years. Water use has increased at an even faster rate over the same period (Figure 1b). Vulnerability of water supply systems remains high. Recognizing that water governance is key to reducing vulnerability, Brazil has advanced decentralisation of water management (Engle and Lemos 2010).
Other aspects of vulnerability give a more mixed picture. This drought has not resulted in sustained power outages, a common consequence of water shortages. Similarly, no cholera outbreaks have been reported, reflecting major public health investments (Barrato et al. 2011). Dengue, however, has spiked in São Paulo, with a tripling of cases in 2015 compared with 2014, including several deaths.
Drought can be defined in multiple ways and have multiple drivers (Field et al. 2012). Here we employ a multi-method approach to assess whether and to what extent anthropogenic climate change contributed to the 2014/15 drought event over SEB, using both observations and general circulation model (GCM) simulations of 14-month accumulated precipitation and P – E. We chose these measures to robustly assess the combined thermodynamic and dynamic effect of anthropogenic climate change on the drought. Future studies will disentangle these effects and analyze the driving mechanisms (e.g., Coelho et al. 2015). Our methods include: (i) trend and return period estimation for the 2014/15 event based on historical records; (ii) an estimation of the change in return periods of this event by comparing very large ensembles of SST-driven GCM simulations of the current climate with simulations of the climate in a “world that might have been” without anthropogenic greenhouse gas emissions; and (iii) a similar procedure using state-of-the-art coupled climate model simulations (CMIP5; Taylor et al. 2012).
The observational analysis is based on the GPCC-V6 analysis up to 2010 (Global Precipitation Climatology Centre; Schneider et al. 2014), GPCC monitoring analysis 2011–14, and GPCC first guess analysis Jan–Feb2015. The monitoring analysis was adjusted to GPCC-V6 using linear regression on the 1986–2010 overlap period. Figure 9.1a shows January 2014–February 2015 precipitation anomalies relative to the 1941–2010 mean. Eastern Brazil, including SEB, shows 25% to 50% deficits. Figure 9.1d shows 14-month precipitation running means averaged over SEB. No evidence of a trend was found in the mean, whereas dry extremes showed a barely significant decrease up to 2013 (Fig. 9.1d, lower panel). The 2014/15 SEB deficit is similar to previous events, with dry episodes around 1963, 1970, and 1954 more severe than the current episode up to February 2015. Figure 9.1e shows a generalised Pareto distribution (GPD) fit to the driest 20% records assuming a stationary distribution. The January 2014–February 2015 deficit (435 mm) return period is about 20 years (95% CI: 10–60 years).
We use the distributed computing framework— weather@home—to run the Met Office Hadley Centre atmosphere-only general circulation model HADAM3P (Massey et al. 2014) to simulate precipitation and P − E in two different model ensembles representing: 1) observed climate conditions of 2014/15, and 2) counterfactual conditions under pre-industrial greenhouse gas forcings and 11 different estimates of SSTs without human influence (Schaller et al. 2014). The empirical SEB total precipitation return periods (Figure 2a) show that in this approach dry precipitation extremes have become less likely due to anthropogenic greenhouse gas emissions: what would have been a 1-in-20-year precipitation deficit event like the 14-month 2014/15 event has become approximately a 1-in-30-year event (95% CI: 0 to 35 years). At the same time there is no detectable change in P − E due to human-induced climate change (Figure 2c) because of an increase in evaporation that cancels the increase in precipitation. The decrease in extreme low precipitation seen in SEB however is not uniform (consistent with observations; see Supplementary Figure 2a) across Brazil as a whole (Figure 2e).
We use the same approach as described in Lewis and Karoly (2014) and King et al. (2015) to estimate the fraction of attributable risk (FAR; Allen 2003) of precipitation totals below 25%, 20%, 15%, and 10% of the 1961–90 average and P − E below 170 mm (the 10th percentile) in a subset of the CMIP5 ensemble (see supplemental material). In contrast to the weather@home we find an increase in the risk of low precipitation with FARs greater than 0.167 (with 90% confidence) for the observed accumulated precipitation. However, the null result is confirmed with FARs slightly greater than zero for P − E.
While it has been speculated that anthropogenic climate change is a leading driver of the current drought (e.g., Escobar 2015) our multi-method approach finds limited support for this view. Evidence from observations shows large precipitation deficits becoming less common, albeit with large uncertainties. Likewise, large climate model ensembles show a non-significant effect of anthropogenic greenhouse gas emissions on the probability of low water availability (P − E). We therefore conclude the hydrometeorological hazard risk has likely not increased due to human-induced greenhouse gas emissions and the large impact of the 2014/15 event (particularly in the São Paulo region) is more likely driven by water use changes and accelerated population growth.
This does not, however, mean there is no human influence on the hazard itself. We expect (and observe) evaporation to rise due to higher temperatures as a direct consequence of the Clausius–Clapeyron relationship when there is enough water availability. However, this is not the case in droughts where a precipitation deficit over an extended period of time bounds evaporation. Hence the trend in evaporation tends to cancel the trend in dry precipitation extremes, giving a null result in P − E extremes. Overall, our analysis suggests changes in hydrometeorological risk are small while increasing water consumption increases the risk of profound water shortages.
The negative trend in observed dry extremes and large ensemble simulations is in contrast to a positive trend in CMIP5 dry precipitation extremes (Figs. 9.1f, 9.2b). This apparent contradiction could result from the differing physics among the CMIP5 models and weather@home, or from the different underlying assumptions of the different methodologies (e.g., climatological behavior in CMIP5 versus single year simulations using weather@home or SST-forced versus coupled). This highlights the importance of analyzing the same event using multiple methods as a means of better assessing confidence in our results.
Our analysis suggests the specific geographic location of the study area plays an important role in the results as São Paulo sits on the edge of the boundary between decreasing precipitation (to the north) and increasing precipitation (to the south) (Figures 2e,f). Future projections show a continuation of this general pattern, but given the large spread between models, scenarios, and seasons, it is possible the wet–dry boundary will shift leaving São Paulo’s precipitation future uncertain (van Oldenborgh et al. 2013). Hence, while the recent drought impacts were most likely not driven by an increase in hydrometeorological hazard, there is a risk that this may not hold in an even warmer world. Future analyses of the dynamical drivers of the hazard might allow this risk to be quantified.
We thank Antonio Divino Moura and David Karoly for their guidance and input on the manuscript and Dina Sperling and Roop Singh for all their help, our colleagues at the Oxford eResearch Centre and the Met Office Hadley Cen tre PRECIS team for their support for the application and development of weather@ home and all participants in climateprediction.net. The work was supported by the EUCLEIA project funded by the European Union’s Seventh Framework Programme (FP7/2007–2013).
Allen, M. (2003) Liability for climate change . Nature , 421 : 891–892, doi: 10.1038/421891a
Barreto, M. L., Teixeira, M.G., Bastos, F.I., Ximenes, R.A.A., Barata, R.B. and Rodrigues, L.C. (2011) Successes and failures in the control of infectious diseases in Brazil: Social and environmental context, policies, interventions, and research needs . Lancet , 377 : 1877–1889, doi: 10.1016/S0140-6736(11)60202-X
Coelho, C.A.S., de Oliveira, C.P., Ambrizzi, T., Reboita, M.S., Camila Bertoletti Carpenedo, Campos, J.L.P.S., Tomaziello, A.C.N., Pampuch, L.A., de Souza Custódio, M., Dutra, L.M.M., Da Rocha, R.P. and Rehbein, A. (2015) The 2014 southeast Brazil austral summer drought: Regional scale mechanisms and teleconnections . Climate Dynamics, 46(11–22): 3737–3752. doi: 10.1007/s00382-015-2800-1
Engle, N. L. and Lemos, M.C. (2010) Unpacking governance: Building adaptive capacity to climate change of river basins in Brazil . Global Environmental Change , 20 :4–13. doi: 10.1016/j.gloenvcha.2009.07.001
Escobar, H. (2015) Drought triggers alarms in Brazil’s biggest metropolis . Science , 347 (6224): 812. doi: 10.1126/science.347.6224.812
Field, C.B., V. Barros, T.F. Stocker, D. Qin, D.J. Dokken, K.L. Ebi, M.D. Mastrandrea, K.J. Mach, G.-K. Plattner, S.K. Allen, M. Tignor, and P.M. Midgley (eds.). (2012) Managing the risks of extreme events and disasters to advance climate change adaptation . A Special Report of Working Groups I and II of the Intergovernmental Pane";By what factor did São Paulo population increase since 1960 up to the 2014/15 drought?;four‑fold
78;https://www.worldweatherattribution.org/the-role-of-climate-change-in-extreme-rainfall-associated-with-cyclone-gabrielle-over-aotearoa-new-zealands-east-coast/;"From the 12th to the 14th of February 2023, northern and eastern regions of Aotearoa New Zealand’s Te Ika-a-Māui (North Island) were hit by extremely heavy rainfall associated with the passage of ex-tropical cyclone Gabrielle.
The centre of cyclone Gabrielle stagnated to the east of Te Tara-O-Te-Ika-A-Māui (Coromandel Peninsula) during the night of February 13/14 which marked the most intense passage of rainfall for many regions, particularly Te Tairāwhiti (Gisborne) and Te Matau-a-Māui (Hawke’s Bay).
Rainfall rates exceeded 20 mm/hour for more than six hours across multiple high-elevation rain gauges in these regions, with the Kaweka, Maungaharuru, Raukumara Ranges of northern Te Matau-a-Māui witnessing particularly severe rainfall totals.
Some of the worst affected areas from this extreme rainfall event were communities with lifeline infrastructure (roads, bridges, water supplies) exposed to fluvial flooding at multiple locations. 225,000 homes were without energy during the peak of the storm, while the government has described Cyclone Gabrielle as a multi-billion dollar event with impacts comparable to the 2011 Waitaha (Canterbury) earthquakes.
To analyse whether and to what extent human-caused climate change altered the likelihood and intensity of this extreme rainfall, scientists from Aotearoa New Zealand, the Netherlands, Germany, the US and the UK used published, peer-reviewed methods to perform an event attribution study, focussing on the heavy rainfall associated with the most severe damages in Te Matau-a-Māui and Tairāwhiti, on the east coast of Te Ika-a-Māui, bounded by the Kaimanawa and Raukūmara mountain ranges on the west, and the south Pacific Ocean on the east, comparing the peak 48-hour rainfall during February 2023 with the highest 48-hour rainfall totals in past years.
Fig. 1: 2-day accumulated rainfall from Cyclone Gabrielle in the MSWEP data. The red highlight shows the study region- Te Matau-a-Māui/Te Tairāwhiti, on the east coast of Aotearoa New Zealand’s Te Ika-a-Māui.
The main damages in the study region (Te Matau-a-Māui and Te Tairāwhiti) from cyclone Gabrielle occurred as a consequence of the extreme rain that fell over two days while the cyclone stalled.
Cyclone Gabrielle’s track and the potential for extreme rainfall and winds were well forecast with up to a week of lead time, allowing emergency services and the local population time to prepare. Preceding flooding over Tāmaki Makaurau (Auckland) two weeks earlier had raised awareness of the potential severity and impact of rainfall, and improved preparedness based on warnings. At the same time the antecedent rainfall likely also increased the likelihood of landslides.
The mountainous nature of the study region means that most of the population lives in flood-prone valleys and coastal plains, and transport and communication infrastructure crosses exposed terrain.
In individual locations across the region, events like these are rare, with return times ranging from 70 to 320 years. Averaged over the whole study area the return period is between 10 and 90 years.
First, using the relationship between historical weather station data (1979-2023) and global mean temperature to extrapolate back to colder climates, we found that the 2-day maximum rainfall over Te Matau-a-Māui/Te Tairāwhiti region is now about 30% more intense than it might have been had human greenhouse gas emissions not warmed the climate by 1.2°C. This also means a rainfall event of this magnitude is now about four times more likely to happen than it was when the world was 1.2°C cooler than it is today.
The increase in the observed records show what is expected from basic physics for heavy rainfall in a warming world. However, there are large uncertainties in these estimates due to the short period covered by their data and high variability in the region.
To determine the role of human-induced climate change in these observed changes we also looked at the trends in climate models. The region is smaller than in most comparable attribution studies for climate models thus limiting the number of models with off-the-shelf data available that can plausibly simulate this type of event.
The models that pass our evaluation test generally show a much smaller change in likelihood and intensity of extreme rainfall than we found in the historical weather station data. This discrepancy suggests that processes not captured by our model evaluation could play an important role. This means we cannot quantify the overall role of human-induced climate change.
Looking at the future, for a climate 2°C warmer than in preindustrial times, models suggest that rainfall intensity will slightly increase, although the uncertainty remains large.
The disagreement between model results and observations prevents us from concluding with certainty that human-induced climate change is the main driver making this event more likely. However, while multiple reasons could explain the absence of a trend in our model results, we have no alternative explanation for a trend in observations other than the expectation of heavy rainfall increasing in a warmer climate.
It is therefore important to urgently reduce the exposure and vulnerability of communities to future flooding, particularly ensuring that lifeline infrastructure remains intact so communities can receive flood warnings and respond accordingly.
Unusual cold spells can occur even in a warming world, and cause disruption to transport, energy & food supplies.
Drought affects people in many ways, from reduced water & food supplies to increasing the risk of wildfires.
Rainfall events from a major storm or hurricane, or intense localised downpours can lead to flooding in any type of location.
Heatwaves can be particularly dangerous to humans, and occur all over the world with increasing intensity.";How many homes lost energy at peak of Cyclone Gabrielle?;225,000 homes
79;https://www.worldweatherattribution.org/the-role-of-climate-change-in-the-2015-2017-drought-in-the-western-cape-of-south-africa/;"The scientists with the WWA studied the effect of climate change on the lack of rainfall leading to the Cape Town Drought and found that it made the event about three times more likely.
All the climate models used in their study show also the likelihood of droughts like the current one going back to 2015, although still very rare, will increase with further warming.
The team looked at data for the Western Cape region which contains the dams and reservoirs providing water for Cape Town and surrounding farmland.
The main factor behind the drought and the consequent water shortage was below-average rainfall rather than surface evaporation caused by high atmospheric temperatures.
Western Cape province in the southwest of South Africa has suffered from three consecutive years (2015-2017) of below average precipitation
This prolonged rainfall deficit caused an acute water shortage in Cape Town leading to a possibility of “day zero” when the city pipes would run dry
An international team of scientists with World Weather Attribution used risk-based multi-method approach to examine the role of climate change in this drought event
While such event today is very rare, with a return time of more than a hundred years, climate change has significantly increased , the likelihood of it by about a factor of three
While Cape Town has narrowly avoided “day zero” this year all model results suggest that this trend will continue with a similar rate into the future.
The Western Cape province in South Africa experienced overall below average rainfall over the period 2015-2017. This led to the worst drought since 1904 and an unprecedented water shortage in the region (Botai et al. 2017, Wolski 2018). The capital city of the region, Cape Town was particularly affected by this rainfall deficit impacting the area directly surrounding the six large reservoirs that provide fresh water to the city of Cape Town and its ~3.7 million residents. The water crisis was so extreme at the beginning of 2018 that the city of Cape Town was expected to run out of water (“day zero”) in March 2018 (e.g. Welz, A., 1 March 2018, “Awaiting Day Zero: Cape Town Faces an Uncertain Water Future”. Yale Environment 360, USA).
During this Western Cape drought, 30% to 50% below average rainfall in a relatively large region from 35–31ºS and from 18–21ºE persisted for three years (Figure 1, left). The meteorological analysis of the event indicate that below average total rainfall in the region was caused by a strong rainfall anomaly in the shoulder seasons (March-May and August-October), while the core of the rainy winter season (June and July) was characterised by near normal rainfall. While crucial for Cape Town, the reservoirs immediately surrounding the city are part of a larger system of water management in a wide Western Cape region which is well described by the rectangular box over which our analysis is focused (Figure 1, right).
We use the standard risk-based multi-method approach to extreme event attribution employing station data, gridded observational dataset, as well as the CIMP5 archive, two coupled climate models and two atmosphere-land models to analyse whether and to what extent anthropogenic climate change altered the likelihood of the 2015-2017 Western Cape drought.
Observational aspect of our analysis relies on 18 meteorological stations of South African Weather Service that have more than 90% of data years in the 1930-2017 and cover the 2015-2017 period. In order to be able to compare models with observations we also utilise the gridded observational dataset CRU TS 4.01 at 0.5° horizontal resolution (it does not include 2017, which was taken from the GPCC dataset).
The return period of the 2015-2017 3-year annual mean precipitation is approximately 150 years for the observed value of 0.72 mm/day. We use the (rounded) 100 year return time event of 3-year mean precipitation in the selected Western Cape region (land area of 31º-35ºS, 18º-21ºE) as event definition, noting that the changes in probability depend only weakly on the return time chosen.
The first model used is the UK Met Office attribution model HadGEM3-A (Christidis et al, 2013). It is an atmosphere-land model with N216 horizontal resolution (about 60km). For this model, we have both historical simulations 1960-2015 driven by observed SST, and historicalNat simulations representing the historical period but with only non-anthropogenic forcings. The SST for these runs has been obtained by subtracting an estimate of the forced change in SST obtained from the mean CMIP5 ensemble response.
The second model is weather@home. Its outputs used here are produced using the distributed computing framework of climateprediction.net system (Guillod et al., 2017). We simulate three different large ensembles (about 100 ensemble members each) using the UK Met Office Hadley Centre’s atmosphere-land global circulation model HadAM3P at N96 horizontal resolution (about 135km). The first ensemble represents possible weather under current climate conditions. This ensemble is called the “actual” scenario and includes observed anthropogenic greenhouse gas and aerosol forcings. The second ensemble represents possible weather in a world as it might have been without anthropogenic climate forcings. This ensemble is called the “natural” scenario (Schaller et al., 2016). The third ensemble represents a future scenario in which the global mean surface air temperature at the end of 21st century is 2°C higher than the preindustrial (Mitchell et al., 2017).
The third model, EC-Earth (Hazeleger et al, 2010), is a coupled atmosphere-ocean model run at a resolution of T159 (about 125km resolution). The version used is EC-Earth 2.3, which is based on the ECMWF seasonal forecasting model system 3. For EC-Earth, continuous simulations from 1860-2015 are used as per the CMIP5 historical setup until 2005 and the RCP8.5 scenario from 2006 (Taylor et al, 2012). The ensemble includes 16 members.
The fourth model is the NCAR-DOE CESM1-CAM5, or short CESM. It is a coupled Earth System Model. We use the 40-member “Large Ensemble” with standard CMIP5 historical and RCP8.5 forcing from 1920 to 2100 (Kay et al., 2014). To test the robustness of our finding to the choice of scenario used for the last ten years (post-2005), we also use the same ten years from a 15-member ensemble run under RCP4.5. The ensemble initializes its members at 1920. Historical forcings estimated from observations are applied until 2005, and from the following year forcings according to RCP8.5 or RCP4.5 are used. The model is concentration-driven, with a nominal horizontal resolution of about 1 degree.
The CMIP5 ensemble is a multi-model ensemble of opportunity that constitutes the basis for most future projections featured in the IPCC Fifth Assessment report (IPCC, 2013). The resolution of the models ranges from 0.75º to 3.75º with a median of 2.5º, so the study region encompasses just two grid points in most models. We use the historical simulations 1861-2005, extended with RCP4.5 simulations 2006-2017, for which 42 models are available.
Using the methods and models described above we calculate the risk ratios for a change of the 1 in 100 year event with respect to a world that might have been without climate change as well as how the likelihood of such an event could change in a world 2°C warmer than pre-industrial, 1°C warmer than today.
The overall results are in good agreement with respect to the sign and significance of the change in probability towards an increased risk of such an event with anthropogenic forcing. Combining the observational analysis as well as the models and using a simple average to synthesise the results, the change in the likelihood of an event like the observed 2015-2017 drought has increased by a factor of 3.3 (1.4 to 6.4). This is a very clear result with anthropogenic climate change having significantly increased the likelihood of such a drought to occur (Figure 2, top).
In addition to the attribution analysis we also assess how the likelihood of the same event occurring is changing in the future under an additional degree of global warming, leading to a 2 degree warming relative to pre-industrial. In all available models with the future scenario the probability ratio increase further by a factor very comparable to the ratio of increase resulting from the degree of warming up to today, suggesting that drought risk in this area scales linearly with warming, at least for warming up to 2°C (Figure 2, bottom).
In addition to the changing hazard, exposure (the presence of people, livelihoods, infrastructure, and economic and social assets in places that could be affected by extreme events) and vulnerability (the propensity or predisposition for those people or assets to be affected) are key elements of determining risk. The Western Cape Water Supply System consists of 14 dams and pipelines managed by the City of Cape Town and the National Department of Water and Sanitation. The system is almost entirely dependent on rainfall, making it highly vulnerable to climate variability and change. Although the system was designed to provide sufficient water storage to mitigate droughts with a return interval of 1 in 50 years, this study shows that the return time of extreme droughts has changed due to climate change, leaving the system and the people it serves more vulnerable to drought risks than previously anticipated.
Droughts in South Africa affect both the local and national economy, by adding pressure to the nation’s agro-economic system, including increased unemployment, negative impacts on upstream economic activities and production loss over several years (Baudoin et al., 2017). The agricultural sector is a key formal and informal employer in the Western Cape and provides inputs for other industry such as agri-processing.
While Cape Town’s population continues to grow, the City has been internationally recognised for its water conservation and demand management practices which have stabilized water demand growth to around 2% per annum. However, this hasn’t been sufficient to avoid the impacts of the current drought due, in part, to changing risks and tends to have a disproportionate negative impact on poorer households (Mahlanza et al., 2016). In addition to increasing water efficiency, and implementing water restrictions and tariffs to manage demand, the City explored options for augmenting the water supply (e.g. desalination plants), but these are not anticipated to significantly augment water supply until at least 2019.
Given the increasing risk of this type of event, and the vulnerability and exposure context, this study underscores the need for serious consideration for Cape Town’s resilience to current and future drought risk in water management planning.
Manuscript was submitted June 2018 to the Environmental Research Letters, an open access journal.
Baudoin, M-A, C. Vogel, K. Nortje and M. Naik. (2017) Living with drought in South Africa: lessons learnt from the recent El Niño drought period. International Journal of Disaster Risk Reduction, 23 : 128-137. doi: 10.1016/j.ijdrr.2017.05.005
Botai, C.M., Botai, J.O., de Wit, J.P., Ncongwane, K.P. and Adeola, A.M. (2017) Drought characteristics over the Western Cape Province, South Africa . Water , 9 : 876. doi: 10.3390/w9110876
Christidis, N., P.A. Stott, A.A. Scaife, A. Arribas, G.S. Jones, D. Copsey, J.R. Knight, and W.J. Tennant. (2013) A new HadGEM3-A-Based system for attribution of weather- and climate-related extreme events . Journal of Climate , 26 : 2756–2783. doi: 10.1175/JCLI-D-12-00169.1
Guillod, B. P. (2017) weather@home 2: validation of an improved global–regional climate modelling system . Geoscientific Model Development, 10 : 1849-1872. doi: 10.5194/gmd-10-1849-2017
Hazeleger, W., C. Severijns, T. Semmler, S. Ştefănescu, S. Yang, X. Wang, K. Wyser, E. Dutra, J.M. Baldasano, R. Bintanja, P. Bougeault, R. Caballero, A.M. Ekman, J.";What factor was identified as main cause of Cape Town drought between 2015 and 2017?;Below‑average rainfall
80;https://www.worldweatherattribution.org/the-stormy-month-of-january-2018-over-western-europe/;"2018 began with a series of four strong wind storms over Western Europe. In particular, two major events pounded the continent: Storm Eleanor on January 3, and Storm Friederike on January 18.
Storm Eleanor was named by the Irish National Meteorological Service, with Storm Friederike named by the Berlin Institut für Meteorologie.
Several major storms pounded Western Europe in January 2018, generating large damages and casualties. The two most impactful ones, Eleanor and Friederike, are analyzed here in the context of climate change.
Strong winds associated with such storms are observed to have become less frequent in the past four decades.
Models show a different signal, with no significant change in their frequency until now and a slight increase in the future.
By analysing a number of climate simulations, we conclude that human-induced climate change has had so far no significant influence on storms like the two studied. However, all simulations indicate that global warming could lead to a marginal increase (0-20%) of the probability of extreme hourly winds until the middle of the century. These trends do not account for the other factors, such as roughness, aerosols, and decadal variability, that contributed to the observed reduction in probability.
Storm Friederike led to at least eleven casualties and caused major disruption in the Netherlands and parts of Germany. In advance of Storm Friederike, warnings were issued in both the Netherlands and Germany for severe wind gusts. On January 17 in the Netherlands, a code yellow warning was issued and, subsequently, raised to a code orange. By the morning of January 18, when the worst winds were experienced, a code red was issued for a number of provinces at 09:16 CET. The timing of the strongest winds was around 9:00–11:00 a.m., just after the peak of the morning commute, with many people already on the road and, in some cases, caught unaware by the strong winds. In Germany, the German Meteorological Office (DWD) also issued warnings, asking people to stay indoors, and many schools were closed. In addition to the wind hazard, snow created icy road conditions, and eight people were killed by falling trees or in car accidents caused by dangerous road conditions. Storm Friederike is estimated to have caused around €900 million worth of damage to residential houses and office buildings, and a further €100 million in damage to cars, according to Germany’s Federation of Private Insurers, the GDV. They estimate this was the second most expensive storm to strike Germany in the past 20 years.
In the Netherlands, three people were killed during the storm. For the first time in history, train traffic was completely shut down across the country. Amsterdam Airport Schiphol was closed and more than 300 flights were canceled. Numerous roads were blocked by fallen trees and overturned trucks. Due to their height, trucks were susceptible to being blown off the roads, which caused disruptions and accidents.
The other major storm, Storm Eleanor, led to major disruptions in France during the ski holiday season and is estimated to have cost the insurance and reinsurance industry as much as EUR 1.6 billion. Ski resorts were closed for one or two days in the Alps, with significant economic consequences. Wind gusts of more than 130 km/hr and nearing 150 km/h were reported over several flat regions in France and in Switzerland. Large waves at the Atlantic coasts of Spain and France killed two people. Storm Eleanor was well forecasted by Météo-France, with an orange alert set the day before the event. Over France, according to the severity index developed by Météo-France, Eléanor was the sixth most severe storm since 1995.
More storms than these two were reported during the month. For instance, Storm Carmen, which preceded Storm Eleanor by two days, crossed Southern France with wind gusts exceeding 130 km/h. On January 17, another storm, Fionn, passed over parts of the Mediterranean region and broke wind speed records, including at Cap Corse at the northern tip of Corsica (225 km/h). From a monthly view and in terms of number of events, January 2018 is the most stormy month in France since 1998.
The storm activity was due to a strong westerly flow that persisted throughout the month (as shown in Figure 2, first row) and was enhanced by the jet stream extension eastward of its normal position. The persistence of the flow is also characterized by the frequency of occurrence of the so-called “zonal weather regime” (ZO), as defined by Michelangeli et al. (1995) using cluster analysis on SLP data from the NCAR/NCEP reanalysis. Approximately 45% of the January days were classified in this cluster (Figure 2, remaining panels), which is characterised by mild and wet winter weather. The average frequency of the ZO weather regime is close to 25%. Although not exceptional, this high frequency is significantly higher than normal.
Storm Friederike was the result of rapidly developing cyclogenesis and the area with highest wind speeds, located south of the trough center, moved fast from west to east. It crossed the Netherlands and mid-Germany in about half a day. In this analysis, the salient event characteristics will be represented by an indicator defined on the basis of daily maximum wind speed, derived from observations available from the Integrated Surface Database ( “Lite” version, ISD-Lite ). The database contains hourly global weather data for eight variables. Many of these observations are made at airports. However, many stations only contain three hourly data for the earlier part of the record. Also, when analyzing model output from some of the models contributing to EURO-CORDEX, the daily maximum near-surface wind speed was obtained on the basis of three-hourly wind speeds. For these reasons, we only sampled observations every three hours and the daily maximum wind speed was calculated only if at least four of the eight sampled observations were available.
In Figure 3a, we plot the values of the daily maximum wind observed over Northwestern Europe on the days of the storms. The track of Storm Friederike can be seen in the box [2-15E; 50-53N] where wind speeds are largest. We, therefore, selected as the event indicator the seasonal maximum value of this land area average of daily maximum wind speed (see also Figure 2).
This area contains 68 stations observing wind speed. The area average cannot be exactly calculated using the stations because the distribution of the stations is not even or dense enough, but we take the station average as a reasonable approximation. Using this indicator, Storm Friederike is the eleventh strongest storm in the area since 1 January 1976, with an indicator value of 16.0 ms-1 max daily wind. The 2017-2018 winter season (DJF) becomes the seventh in terms of strongest winter winds over this station set (some seasons had multiple stronger storms). We also considered the daily mean wind for models that did not store higher-frequency data. In terms of that indicator, Friederike was not remarkable with 8.7 m/s-1, as it was a very short duration storm.
For models, the area average is calculated over land grid points, which slightly lowers the indicator value (see comparisons in Table 1 for model evaluation). In order to calculate seasonal return periods, we take the maximum value of the indicator over the winter season (DJF).
The structure of Storm Eleanor was very different. Eleanor was embedded in a large-scale, deep low pressure system. Its strong winds affected a much broader area than Storm Friederike: from Ireland and the U.K. via western France, to Switzerland and the Riviera coast. Its high wind speeds, unusual in the inland part of Western Europe, constituted its most striking aspect. We, therefore, construct the same indicators as for Friederike, which are daily maximum and mean of wind speed, but averaged over a much wider area, from 0 to 10°E and 42°N to 52°N (see Figure 1b and 3b). The value of the indicator is 12.3 m/s for maximum winds and 8.3 m/s for daily mean winds.
Observations, model ensembles and evaluation
For the observational part of the attribution analysis, we used two sources of station data. Unfortunately, the available quantities were slightly different in the different datasets. The analysis is mainly based on the ISD-lite database described above, in which we used the daily maximum of three-hourly instantaneous wind speed. Additional results are based on the Royal Netherlands Meteorological Institute (KNMI) climatological service database, which provides the daily maximum of the hourly averaged wind speed. The KNMI data have also been converted to potential winds, i.e., the wind speed at 10 m assuming a roughness length of 3 cm over land and 2 mm over water, and assuming neutral stability (Weber and Groen, 2009). This corrects to first order for changes in the elevation of the wind anemometer and changes in roughness surrounding the station, which are deduced from the high-frequency variability of the wind (taking into account the response time of the recorder, Weber and Groen 2009). The highest hourly wind of the year series were visually quality controlled. For three series, early data was discarded for obvious inhomogeneities supported by the metadata (Leeuwarden <1990, De Bilt <2002, Lichteiland Goeree <1995). Most series start in 1981, but they are notably more variable and possibly unreliable before circa 1990.
We used four climate model simulation ensembles. The first ensemble is the RACMO regional climate model ensemble downscaling 16 initial-condition realizations of the EC-EARTH 2.3 coupled climate model in the CMIP5 RCP8.5 scenario (Lenderink et al., 2014, Aalbers et al., 2017). The RACMO model uses a 0.11° (12 km) resolution and the daily maximum of near-surface wind speed is analysed. In RACMO, the near-surface wind speed is diagnosed from the model wind and stability vertical profile as the wind speed at 10 m, applying a roughness length of at most 3 cm for land grid points, and a Charnock-type relation for sea grid points. This ensemble was previously used to estimate the change in the odds of wind stagnations in Northwestern Europe (Vautard et al., 2017) and was found to simulate monthly wintertime wind speeds over Western Europe in a satisfactory manner. RACMO simulations are available for the 1950-2100 period. As in previous analyses (see e.g., Philip et al., 2018), we use a 20th century early 30-year period [1951-1980] to estimate odds in the past climate, and the 2001-2030 period to estimate odds in the current climate. We also use two future periods, a period called “near future” [2021-2050] and a period called “mid century” [1941-1970]. As a cross-check, we fitted a time-dependent generalized extreme value (GEV) function to the whole period 1971-2070, as described in van der Wiel et al (2018).
The second model ensemble is the HadGEM3A ensemble (Christidis et al., 2013; Vautard et al., 2018), which includes a set of 15 realizations of atmospheric simulations using observed SSTs (reflecting the actual world) and a set using SSTs where the estimated patterns of anthropogenic heat contribution are removed to reflect the ocean response to a pre-industrial atmospheric composition (as the natural/counterfactual world). The latter runs also use pre-industrial greenhouse gas and aerosol concentrations. Land use and, hence, roughness is put to 1850 values in the HistoricalNat ensemble. For this model, the wind speed daily maximum was not available and the daily mean wind was used instead. No future simulations were available.
The third ensemble is the multi-model EURO-CORDEX ensemble (Jacob et al., 2014), using a 0.11° resolution over Europe. For this ensemble, only 11 simulations were used and bias correction was applied (Vautard et al., in preparation) using the Cumulative Distribution Function transform (CDFt, Vrac et al., 2016). These simulations have been evaluated in the context of";What amount of damage to residential houses and office buildings was caused by Storm Friederike in Germany?;Around €900 million
81;https://www.worldweatherattribution.org/the-stormy-month-of-january-2018-over-western-europe/;"2018 began with a series of four strong wind storms over Western Europe. In particular, two major events pounded the continent: Storm Eleanor on January 3, and Storm Friederike on January 18.
Storm Eleanor was named by the Irish National Meteorological Service, with Storm Friederike named by the Berlin Institut für Meteorologie.
Several major storms pounded Western Europe in January 2018, generating large damages and casualties. The two most impactful ones, Eleanor and Friederike, are analyzed here in the context of climate change.
Strong winds associated with such storms are observed to have become less frequent in the past four decades.
Models show a different signal, with no significant change in their frequency until now and a slight increase in the future.
By analysing a number of climate simulations, we conclude that human-induced climate change has had so far no significant influence on storms like the two studied. However, all simulations indicate that global warming could lead to a marginal increase (0-20%) of the probability of extreme hourly winds until the middle of the century. These trends do not account for the other factors, such as roughness, aerosols, and decadal variability, that contributed to the observed reduction in probability.
Storm Friederike led to at least eleven casualties and caused major disruption in the Netherlands and parts of Germany. In advance of Storm Friederike, warnings were issued in both the Netherlands and Germany for severe wind gusts. On January 17 in the Netherlands, a code yellow warning was issued and, subsequently, raised to a code orange. By the morning of January 18, when the worst winds were experienced, a code red was issued for a number of provinces at 09:16 CET. The timing of the strongest winds was around 9:00–11:00 a.m., just after the peak of the morning commute, with many people already on the road and, in some cases, caught unaware by the strong winds. In Germany, the German Meteorological Office (DWD) also issued warnings, asking people to stay indoors, and many schools were closed. In addition to the wind hazard, snow created icy road conditions, and eight people were killed by falling trees or in car accidents caused by dangerous road conditions. Storm Friederike is estimated to have caused around €900 million worth of damage to residential houses and office buildings, and a further €100 million in damage to cars, according to Germany’s Federation of Private Insurers, the GDV. They estimate this was the second most expensive storm to strike Germany in the past 20 years.
In the Netherlands, three people were killed during the storm. For the first time in history, train traffic was completely shut down across the country. Amsterdam Airport Schiphol was closed and more than 300 flights were canceled. Numerous roads were blocked by fallen trees and overturned trucks. Due to their height, trucks were susceptible to being blown off the roads, which caused disruptions and accidents.
The other major storm, Storm Eleanor, led to major disruptions in France during the ski holiday season and is estimated to have cost the insurance and reinsurance industry as much as EUR 1.6 billion. Ski resorts were closed for one or two days in the Alps, with significant economic consequences. Wind gusts of more than 130 km/hr and nearing 150 km/h were reported over several flat regions in France and in Switzerland. Large waves at the Atlantic coasts of Spain and France killed two people. Storm Eleanor was well forecasted by Météo-France, with an orange alert set the day before the event. Over France, according to the severity index developed by Météo-France, Eléanor was the sixth most severe storm since 1995.
More storms than these two were reported during the month. For instance, Storm Carmen, which preceded Storm Eleanor by two days, crossed Southern France with wind gusts exceeding 130 km/h. On January 17, another storm, Fionn, passed over parts of the Mediterranean region and broke wind speed records, including at Cap Corse at the northern tip of Corsica (225 km/h). From a monthly view and in terms of number of events, January 2018 is the most stormy month in France since 1998.
The storm activity was due to a strong westerly flow that persisted throughout the month (as shown in Figure 2, first row) and was enhanced by the jet stream extension eastward of its normal position. The persistence of the flow is also characterized by the frequency of occurrence of the so-called “zonal weather regime” (ZO), as defined by Michelangeli et al. (1995) using cluster analysis on SLP data from the NCAR/NCEP reanalysis. Approximately 45% of the January days were classified in this cluster (Figure 2, remaining panels), which is characterised by mild and wet winter weather. The average frequency of the ZO weather regime is close to 25%. Although not exceptional, this high frequency is significantly higher than normal.
Storm Friederike was the result of rapidly developing cyclogenesis and the area with highest wind speeds, located south of the trough center, moved fast from west to east. It crossed the Netherlands and mid-Germany in about half a day. In this analysis, the salient event characteristics will be represented by an indicator defined on the basis of daily maximum wind speed, derived from observations available from the Integrated Surface Database ( “Lite” version, ISD-Lite ). The database contains hourly global weather data for eight variables. Many of these observations are made at airports. However, many stations only contain three hourly data for the earlier part of the record. Also, when analyzing model output from some of the models contributing to EURO-CORDEX, the daily maximum near-surface wind speed was obtained on the basis of three-hourly wind speeds. For these reasons, we only sampled observations every three hours and the daily maximum wind speed was calculated only if at least four of the eight sampled observations were available.
In Figure 3a, we plot the values of the daily maximum wind observed over Northwestern Europe on the days of the storms. The track of Storm Friederike can be seen in the box [2-15E; 50-53N] where wind speeds are largest. We, therefore, selected as the event indicator the seasonal maximum value of this land area average of daily maximum wind speed (see also Figure 2).
This area contains 68 stations observing wind speed. The area average cannot be exactly calculated using the stations because the distribution of the stations is not even or dense enough, but we take the station average as a reasonable approximation. Using this indicator, Storm Friederike is the eleventh strongest storm in the area since 1 January 1976, with an indicator value of 16.0 ms-1 max daily wind. The 2017-2018 winter season (DJF) becomes the seventh in terms of strongest winter winds over this station set (some seasons had multiple stronger storms). We also considered the daily mean wind for models that did not store higher-frequency data. In terms of that indicator, Friederike was not remarkable with 8.7 m/s-1, as it was a very short duration storm.
For models, the area average is calculated over land grid points, which slightly lowers the indicator value (see comparisons in Table 1 for model evaluation). In order to calculate seasonal return periods, we take the maximum value of the indicator over the winter season (DJF).
The structure of Storm Eleanor was very different. Eleanor was embedded in a large-scale, deep low pressure system. Its strong winds affected a much broader area than Storm Friederike: from Ireland and the U.K. via western France, to Switzerland and the Riviera coast. Its high wind speeds, unusual in the inland part of Western Europe, constituted its most striking aspect. We, therefore, construct the same indicators as for Friederike, which are daily maximum and mean of wind speed, but averaged over a much wider area, from 0 to 10°E and 42°N to 52°N (see Figure 1b and 3b). The value of the indicator is 12.3 m/s for maximum winds and 8.3 m/s for daily mean winds.
Observations, model ensembles and evaluation
For the observational part of the attribution analysis, we used two sources of station data. Unfortunately, the available quantities were slightly different in the different datasets. The analysis is mainly based on the ISD-lite database described above, in which we used the daily maximum of three-hourly instantaneous wind speed. Additional results are based on the Royal Netherlands Meteorological Institute (KNMI) climatological service database, which provides the daily maximum of the hourly averaged wind speed. The KNMI data have also been converted to potential winds, i.e., the wind speed at 10 m assuming a roughness length of 3 cm over land and 2 mm over water, and assuming neutral stability (Weber and Groen, 2009). This corrects to first order for changes in the elevation of the wind anemometer and changes in roughness surrounding the station, which are deduced from the high-frequency variability of the wind (taking into account the response time of the recorder, Weber and Groen 2009). The highest hourly wind of the year series were visually quality controlled. For three series, early data was discarded for obvious inhomogeneities supported by the metadata (Leeuwarden <1990, De Bilt <2002, Lichteiland Goeree <1995). Most series start in 1981, but they are notably more variable and possibly unreliable before circa 1990.
We used four climate model simulation ensembles. The first ensemble is the RACMO regional climate model ensemble downscaling 16 initial-condition realizations of the EC-EARTH 2.3 coupled climate model in the CMIP5 RCP8.5 scenario (Lenderink et al., 2014, Aalbers et al., 2017). The RACMO model uses a 0.11° (12 km) resolution and the daily maximum of near-surface wind speed is analysed. In RACMO, the near-surface wind speed is diagnosed from the model wind and stability vertical profile as the wind speed at 10 m, applying a roughness length of at most 3 cm for land grid points, and a Charnock-type relation for sea grid points. This ensemble was previously used to estimate the change in the odds of wind stagnations in Northwestern Europe (Vautard et al., 2017) and was found to simulate monthly wintertime wind speeds over Western Europe in a satisfactory manner. RACMO simulations are available for the 1950-2100 period. As in previous analyses (see e.g., Philip et al., 2018), we use a 20th century early 30-year period [1951-1980] to estimate odds in the past climate, and the 2001-2030 period to estimate odds in the current climate. We also use two future periods, a period called “near future” [2021-2050] and a period called “mid century” [1941-1970]. As a cross-check, we fitted a time-dependent generalized extreme value (GEV) function to the whole period 1971-2070, as described in van der Wiel et al (2018).
The second model ensemble is the HadGEM3A ensemble (Christidis et al., 2013; Vautard et al., 2018), which includes a set of 15 realizations of atmospheric simulations using observed SSTs (reflecting the actual world) and a set using SSTs where the estimated patterns of anthropogenic heat contribution are removed to reflect the ocean response to a pre-industrial atmospheric composition (as the natural/counterfactual world). The latter runs also use pre-industrial greenhouse gas and aerosol concentrations. Land use and, hence, roughness is put to 1850 values in the HistoricalNat ensemble. For this model, the wind speed daily maximum was not available and the daily mean wind was used instead. No future simulations were available.
The third ensemble is the multi-model EURO-CORDEX ensemble (Jacob et al., 2014), using a 0.11° resolution over Europe. For this ensemble, only 11 simulations were used and bias correction was applied (Vautard et al., in preparation) using the Cumulative Distribution Function transform (CDFt, Vrac et al., 2016). These simulations have been evaluated in the context of";How many people were killed in the Netherlands during Storm Friederike?;Three
82;https://www.worldweatherattribution.org/uks-storm-desmond-december-2015/;"A fierce Atlantic storm, Desmond, struck parts of northern England, southern Scotland and Ireland the first weekend in December 2015, with a new national record for rainfall accumulation in a 24-hour period.
Honister Pass, Cumbria, 13.44 inches (341.4 mm) of rain fell between 6:30 pm on Dec. 4th to 6:30 pm on Dec. 5th – a new national record for rainfall accumulation in a 24-hour period. The U.K. Met Office issued a rare red “take action” warning — the first since February 12, 2014 — for parts of Cumbria and the Scottish Borders as a result of this powerful storm.
The excessive nature of this record rainfall event, which led to flooding of more than 5,000 homes and businesses and left over 60,000 people without power, has led many to question whether climate change played a role, especially since there have been several large floods over the last decades. Recent advances in the science of extreme event attribution now make it possible for scientists to, using peer-reviewed methods, rapidly provide an objective, quantitative initial estimate of the relative contribution of global warming to specific classes of extreme weather events. As a result, these analyses provide estimates of the return-time period of the event both today and in the past — before there was a strong human influence on the climate system. The ratio of these is a measure of the extent to which climate change affected the likelihood of the event. Overall, extreme event attribution can provide valuable information to decision-makers faced with tough questions about changing risks and to underpin adaptation strategies at a more local level.
To assess the potential link between the U.K.’s record rainfall and man-made greenhouse gases in the atmosphere, we conducted independent assessments using three peer-reviewed approaches. These approaches involve statistical analyses of the historical temperature record, the trend in a global coupled climate model, and the results of thousands of simulations of possible weather with a regional climate model. Applying multiple methods provides scientists with a means to assess confidence in the results.
Based on these three approaches – all of which are in agreement – the team found that global warming increased the likelihood of the heavy precipitation associated with a storm like Desmond. The increase is small but robust. It should be noted that a positive attribution for an extreme rainfall event like Desmond is still somewhat rare. Evidence of this can be found in a summary of the events analysed as part of the annual BAMS Special Issue on Explaining Extreme Events from a Climate Perspective (pdf, 5,4 MB). Whereas the vast majority of heat events studied found a climate change signal, less than half of the papers looking at extreme rainfall events found a human influence.
By comparing recent extreme events with the historical record and climate model simulations, the team found that an event like this is now roughly 40% more likely due to climate change than it was in the past, with an uncertainty range of 5% to 80%. It is important to note that this analysis only considers externally driven changes in precipitation. It does not take into account other factors that influenced the flooding. While our analysis provides evidence that climate change has aggravated the flood hazard in this part of the world, risk is also determined by trends in exposure and vulnerability. As events like this become more common in the U.K., it will be important to discuss both changing risks associated global warming and the overall adequacy of flood defences.
Data from NASA’s Integrated Multi-satellitE Retrievals for GPM (IMERG) were used to estimate rainfall for the period from November 30 to December 7, 2015. This analysis found that some rainfall near the Irish Sea measured over 392 mm (~15.4 inches) during this period. As much as 304 mm (~12 inches) of rain were reported to have fallen in only 24 hours. Credits: SSAI/NASA/Hal Pierce.
Event definition: 24 hour maximum precipitation
Results were checked against local station data. Over the large area, the ECMWF analysis gives an average precipitation of 36.4 mm on 5 December (0–0 UTC)
Observational data: ECMWF 24-hour precipitation forecast; ECA & D
Models used: Global coupled model: EC-Earth 2.3 model (16 runs, 1861–2015) 100 km resolution
Regional model: weather@home HadRM3P at 50km resolution over Europe, driven by HadAM3P & OSTIA SSTs
Overall 5% to 80% more frequent
Method #1 (KNMI) Observations: 30%–180%
Method #2 (KNMI) Global Coupled Model: 10%-80%
Method #3 (Oxford) Regional Large-ensemble: 5%-50%
This analysis is available from Hydrology and Earth System Sciences (HESS) (pdf, 806 KB) .
Unusual cold spells can occur even in a warming world, and cause disruption to transport, energy & food supplies.
Drought affects people in many ways, from reduced water & food supplies to increasing the risk of wildfires.
Rainfall events from a major storm or hurricane, or intense localised downpours can lead to flooding in any type of location.
Heatwaves can be particularly dangerous to humans, and occur all over the world with increasing intensity.";What amount of rainfall was recorded at Honister Pass, Cumbria during the 24‑hour period of Desmond storm?;13.44 inches (341.4 mm)
83;https://www.worldweatherattribution.org/uks-storm-desmond-december-2015/;"A fierce Atlantic storm, Desmond, struck parts of northern England, southern Scotland and Ireland the first weekend in December 2015, with a new national record for rainfall accumulation in a 24-hour period.
Honister Pass, Cumbria, 13.44 inches (341.4 mm) of rain fell between 6:30 pm on Dec. 4th to 6:30 pm on Dec. 5th – a new national record for rainfall accumulation in a 24-hour period. The U.K. Met Office issued a rare red “take action” warning — the first since February 12, 2014 — for parts of Cumbria and the Scottish Borders as a result of this powerful storm.
The excessive nature of this record rainfall event, which led to flooding of more than 5,000 homes and businesses and left over 60,000 people without power, has led many to question whether climate change played a role, especially since there have been several large floods over the last decades. Recent advances in the science of extreme event attribution now make it possible for scientists to, using peer-reviewed methods, rapidly provide an objective, quantitative initial estimate of the relative contribution of global warming to specific classes of extreme weather events. As a result, these analyses provide estimates of the return-time period of the event both today and in the past — before there was a strong human influence on the climate system. The ratio of these is a measure of the extent to which climate change affected the likelihood of the event. Overall, extreme event attribution can provide valuable information to decision-makers faced with tough questions about changing risks and to underpin adaptation strategies at a more local level.
To assess the potential link between the U.K.’s record rainfall and man-made greenhouse gases in the atmosphere, we conducted independent assessments using three peer-reviewed approaches. These approaches involve statistical analyses of the historical temperature record, the trend in a global coupled climate model, and the results of thousands of simulations of possible weather with a regional climate model. Applying multiple methods provides scientists with a means to assess confidence in the results.
Based on these three approaches – all of which are in agreement – the team found that global warming increased the likelihood of the heavy precipitation associated with a storm like Desmond. The increase is small but robust. It should be noted that a positive attribution for an extreme rainfall event like Desmond is still somewhat rare. Evidence of this can be found in a summary of the events analysed as part of the annual BAMS Special Issue on Explaining Extreme Events from a Climate Perspective (pdf, 5,4 MB). Whereas the vast majority of heat events studied found a climate change signal, less than half of the papers looking at extreme rainfall events found a human influence.
By comparing recent extreme events with the historical record and climate model simulations, the team found that an event like this is now roughly 40% more likely due to climate change than it was in the past, with an uncertainty range of 5% to 80%. It is important to note that this analysis only considers externally driven changes in precipitation. It does not take into account other factors that influenced the flooding. While our analysis provides evidence that climate change has aggravated the flood hazard in this part of the world, risk is also determined by trends in exposure and vulnerability. As events like this become more common in the U.K., it will be important to discuss both changing risks associated global warming and the overall adequacy of flood defences.
Data from NASA’s Integrated Multi-satellitE Retrievals for GPM (IMERG) were used to estimate rainfall for the period from November 30 to December 7, 2015. This analysis found that some rainfall near the Irish Sea measured over 392 mm (~15.4 inches) during this period. As much as 304 mm (~12 inches) of rain were reported to have fallen in only 24 hours. Credits: SSAI/NASA/Hal Pierce.
Event definition: 24 hour maximum precipitation
Results were checked against local station data. Over the large area, the ECMWF analysis gives an average precipitation of 36.4 mm on 5 December (0–0 UTC)
Observational data: ECMWF 24-hour precipitation forecast; ECA & D
Models used: Global coupled model: EC-Earth 2.3 model (16 runs, 1861–2015) 100 km resolution
Regional model: weather@home HadRM3P at 50km resolution over Europe, driven by HadAM3P & OSTIA SSTs
Overall 5% to 80% more frequent
Method #1 (KNMI) Observations: 30%–180%
Method #2 (KNMI) Global Coupled Model: 10%-80%
Method #3 (Oxford) Regional Large-ensemble: 5%-50%
This analysis is available from Hydrology and Earth System Sciences (HESS) (pdf, 806 KB) .
Unusual cold spells can occur even in a warming world, and cause disruption to transport, energy & food supplies.
Drought affects people in many ways, from reduced water & food supplies to increasing the risk of wildfires.
Rainfall events from a major storm or hurricane, or intense localised downpours can lead to flooding in any type of location.
Heatwaves can be particularly dangerous to humans, and occur all over the world with increasing intensity.";How many homes and businesses were flooded as a result of Desmond storm?;Over 5,000
84;https://www.worldweatherattribution.org/urban-planning-at-the-heart-of-increasingly-severe-east-african-flood-impacts-in-a-warming-world/;"The 2024 long rains in East Africa were exceptionally heavy towards the end of March and throughout April into May, causing severe flooding in Kenya, Tanzania, Burundi and other parts of the region.
Hundreds of people lost their lives in the floods and more than 700,000 were affected by the floods across all countries due to infrastructure damages, school closures, lost livestock and thousands of hectares of damaged crops.
Researchers from Kenya, the Netherlands, Germany, Sweden, Denmark and the United Kingdom collaborated to assess to what extent human-induced climate change altered the likelihood and intensity of the rainfall that led to the severe flooding in the most affected region.
The impacts were most severe in the region around Lake Tanganyika, Lake Victoria, the central Highlands (including Nairobi), southeast lowlands of Kenya and coastal Tanzania between the end of March and most of April. To capture this event we looked at the 30-day maximum accumulated rainfall during the long rains (March to May) in the area outlined in red in Figure 1.
Countries in East Africa have been facing disaster after disaster, including prolonged drought between 2020-23, and multiple episodes of torrential rainfall leading to severe flooding. These disasters combine to create a complex humanitarian emergency that includes displacement, infrastructure loss, food insecurity, health risks, disrupted livelihoods, and overall weakened resilience.
Rapid urbanisation in cities across East Africa is amplifying flood risks, especially in large informal areas that are located on flood-prone land, lack adequate structural protections from the rains, and whose residents lack resources to recover and rebuild. Land-use changes, including deforestation and conversion to agricultural land are also occurring to different degrees in each of the countries studied, adding to flood risk.
The East African long rains were observed to show a drying trend towards the end of the 20th century, while climate models projected an increase in heavy rainfall with global warming. While this so-called East Africa Paradox is not as pronounced anymore, with observed precipitation increasing and a new generation of climate models showing weaker or no wettening trend, interpreting observations and climate models is still challenging in this region.
The observations, independent of the exact region and data product, do not show a long term trend, but instead a drying trend towards the end of 20th century up until around 2008 and a wettening in the last 15 years. Regardless of whether the recent recovery is being enhanced by human-induced climate change, the increased precipitation does bring an increased risk of flooding to the region.
To understand if human-induced climate change is indeed playing a role, we also assess whether there are wettening or drying trends in the region for the long rains in climate models. While the trends are not statistically significant, they do show a wettening. On average, an event like this has become about twice as likely and 5% more intense in today’s climate, representing the effect of 1.2C of global warming.
Looking at the future, for a climate 2°C warmer than in preindustrial times, models suggest that rainfall intensity and likelihood will increase further.
We also examined whether the current phase of the El Nino Southern Oscillation or the Indian Ocean Dipole played a role in the intensity and likelihood of the wet March-May rainy season. Both modes of natural climate variability have been found to exhibit a negligible influence on the 2024 long rains in the study region.
Taking these findings and the known physical relationship that heavy rainfall is expected to increase in a warming world, we conclude that the observed increase in rainfall in the region over the last 15 years is in part driven by human-induced climate change.
Therefore, investing in flood resilience with future warming is paramount.
While early warning systems in each of the countries exist and warn of extreme rainfall, there is room to expand the action taken based on warnings to adequately protect people from the rainfall impacts. Social protection programs can fill gaps in instances where it’s not possible to avoid all impacts, in order to help people recover their assets and livelihoods after the disaster.
Disaster preparedness policies, flood preparedness and protection infrastructure, and early warning systems that are in place across Kenya, Tanzania and Burundi are all steps in the right direction, but must be integrated and implemented at scale in order to reduce impacts.
Unusual cold spells can occur even in a warming world, and cause disruption to transport, energy & food supplies.
Drought affects people in many ways, from reduced water & food supplies to increasing the risk of wildfires.
Rainfall events from a major storm or hurricane, or intense localised downpours can lead to flooding in any type of location.
Heatwaves can be particularly dangerous to humans, and occur all over the world with increasing intensity.";By how much has the likelihood of an event like the 2024 East Africa floods increased in today’s climate compared to preindustrial conditions?;About twice as likely.
85;https://www.worldweatherattribution.org/western-north-american-extreme-heat-virtually-impossible-without-human-caused-climate-change/;"During the last days of June 2021, Pacific northwest areas of the U.S. and Canada experienced temperatures never previously observed, with records broken in many places by several degrees Celsius.
Multiple cities in the U.S. states of Oregon and Washington and the western provinces of Canada recorded temperatures far above 40ºC (104 ºF), including setting a new all-time Canadian temperature record of 49.6ºC in the village of Lytton. Shortly after setting the record, Lytton was largely destroyed in a wildfire [ 1 , 2 ]. The exceptionally high temperatures led to spikes in sudden deaths, and sharp increases in hospital visits for heat-related illnesses and emergency calls [ 3 , 4 , 5 ]. Heatwaves are one of the deadliest natural hazards and this heatwave affected a population unaccustomed and unprepared for such extreme temperatures, for instance with most homes lacking air-conditioning [ 6 ]. Currently available mortality estimates of at least several hundred additional deaths are almost certainly an underestimate. The full extent of the impact of this exceptional heat on population health will not be known for several months.
Scientists from the US, Canada, the UK, the Netherlands, France, Germany and Switzerland collaborated to assess to what extent human-induced climate change made this heatwave hotter and more likely.
Using published peer-reviewed methods , we analysed how human-induced climate change affected the maximum temperatures in the region where most people have been affected by the heat (45–52 ºN, 119–123 ºW) including the cities of Seattle, Portland, and Vancouver (with well over 9 million people in their combined metropolitan areas).
Based on observations and modeling, the occurrence of a heatwave with maximum daily temperatures (TXx) as observed in the area 45–52 ºN, 119–123 ºW, was virtually impossible without human-caused climate change.
The observed temperatures were so extreme that they lie far outside the range of historically observed temperatures. This makes it hard to quantify with confidence how rare the event was. In the most realistic statistical analysis the event is estimated to be about a 1 in 1000 year event in today’s climate.
There are two possible sources of this extreme jump in peak temperatures. The first is that this is a very low probability event, even in the current climate which already includes about 1.2°C of global warming — the statistical equivalent of really bad luck, albeit aggravated by climate change. The second option is that nonlinear interactions in the climate have substantially increased the probability of such extreme heat, much beyond the gradual increase in heat extremes that has been observed up to now. We need to investigate the second possibility further, although we note the climate models do not show it. All numbers below assume that the heatwave was a very low probability event that was not caused by new nonlinearities.
With this assumption and combining the results from the analysis of climate models and weather observations, an event, defined as daily maximum temperatures (TXx) in the heatwave region, as rare as 1 in a 1000 years would have been at least 150 times rarer without human-induced climate change.
Also, this heatwave was about 2°C hotter than it would have been if it had occurred at the beginning of the industrial revolution (when global mean temperatures were 1.2°C cooler than today).
Looking into the future, in a world with 2°C of global warming (0.8°C warmer than today which at current emission levels would be reached as early as the 2040s), this event would have been another degree hotter. An event like this – currently estimated to occur only once every 1000 years, would occur roughly every 5 to 10 years in that future world with 2°C of global warming.
In summary, an event such as the Pacific Northwest 2021 heatwave is still rare or extremely rare in today’s climate, yet would be virtually impossible without human-caused climate change. As warming continues, it will become a lot less rare.
Our results provide a strong warning: our rapidly warming climate is bringing us into uncharted territory that has significant consequences for health, well-being, and livelihoods. Adaptation and mitigation are urgently needed to prepare societies for a very different future. Adaptation measures need to be much more ambitious and take account of the rising risk of heatwaves around the world, including surprises such as this unexpected extreme. Deaths from extreme heat can be dramatically reduced with adequate preparedness action. Heat action plans that incorporate heatwave early warning systems can strengthen the resilience of cities and people. In addition, longer-term plans are needed to modify our built environments to be more adequate for the hotter climate that we already experience today and the additional warming that we expect in future. In addition, greenhouse gas mitigation goals should take into account the increasing risks associated with unprecedented climate conditions if warming would be allowed to continue
The heatwave considered in this study is linked to a slow-moving strong high pressure system, sometimes called Omega-blocking or “heat dome”, which brings descending and thus warm and dry air, as well clear skies, further heating the near-surface air. This high pressure system also reached record levels in terms of its strength, measured as the “thickness” of the lower part of the atmosphere, the so-called troposphere . The pressure values observed in the very strong blocking anticyclone are comparable to those observed in other parts of the world in recent heatwaves. The “Omega” blocking pattern is typically associated with heatwaves in this region. While the pressure system was record-breaking in its values, it was far less unusual compared to climatology than the associated extreme temperatures. Recent research suggests that climate change increases the chances for such stagnant high pressure systems in summer through weakening of the summer jet stream. As of yet, it is unclear if, and to what extent, such long-term dynamical changes play a role in this event.
An important feature of this extreme heatwave is that it occurred following a very dry spring over the Western U.S., so the absence of evaporative cooling could be an important factor in the exceptional temperatures observed. However, the northern part of the region impacted by this heatwave experienced wet anomalies in the weeks and months preceding the heat. Anticyclonic subsidence, and downslope winds were also present, and probably acted as additional heating factors. Overall, it is difficult at this stage to assess the extent to which these factors either in isolation or combined provide a good explanation of why the observed temperatures were so much higher than anything ever recorded in this part of the world. Hence, more research is needed to understand the processes as well as potential influence of human-caused climate change on them.
Here we provide a first estimate of the role of climate change on the extreme temperatures measured in the Pacific Northwest. We analyse the maximum daily temperatures as these are relevant to the impact of the event. While the minimum temperatures are also important for health impacts, we used only one index to keep the assessment straightforward. In this rapid study, we do not analyse the impact that human-caused climate change may have on specific aspects leading to the observed synoptic situation. We ask whether and to what extent human-caused climate change altered the likelihood and intensity of the analysed event. Specifically we analyse (1) how the likelihood of the yearly maximum temperature to be as high or higher than observed in June 2021 has changed and (2) how much less severe a heatwave with the same return period would have been in a world without human-caused climate change. It is important to highlight that, because the temperature records of June 2021 were very far outside all historical observations, determining the likelihood of this event in today’s climate is highly uncertain. All numbers shown assume that the heatwave was a very low probability event (about 1 in 1000 years) that was not caused by new nonlinearities. As in previous analyses , we only give a lower bound of the estimate of the influence of climate change on the change in probability of the event as the best estimate and upper bound are very ill-defined for extreme heat.
Based on this first rapid analysis, we cannot say whether this was a so-called “freak” event (with a return time on the order of 1 in 1000 years or more) that largely occurred by chance, or whether our changing climate altered conditions conducive to heatwaves in the Pacific Northwest, which would imply that “bad luck” played a smaller role and this type of event would be more frequent in our current climate.
In either case, the future will be characterized by more frequent, more severe, and longer heatwaves, highlighting the importance of significantly reducing our greenhouse gas emissions to reduce the amount of additional warming.
The latest heat-related death numbers are alarming, yet they are likely a severe undercount and the real toll will only become clear after mortality statistics are reviewed for the role of heat in exacerbating underlying conditions.
[1] World Meterological Organization: June ends with exceptional heat
[2] Global News: Scenes of destruction after wildfire destroys village of Lytton, B.C.
[3] Vancouver Sun: Heat wave linked to massive spike in sudden deaths across Lower Mainland
[4] Oregon Health Authority: Summer 2021 Oregon ESSENCE Hazard Report
[5] CNN: Historic Northwest heat wave linked to dozens of deaths and hundreds of emergency room visits
[6] New York Times: Air-Conditioning Was Once Taboo in Seattle. Not Anymore.
Unusual cold spells can occur even in a warming world, and cause disruption to transport, energy & food supplies.
Drought affects people in many ways, from reduced water & food supplies to increasing the risk of wildfires.
Rainfall events from a major storm or hurricane, or intense localised downpours can lead to flooding in any type of location.
Heatwaves can be particularly dangerous to humans, and occur all over the world with increasing intensity.";What temperature record was established in Lytton, British Columbia during June 2021 heatwave?;49.6°C
86;https://www.worldweatherattribution.org/western-north-american-extreme-heat-virtually-impossible-without-human-caused-climate-change/;"During the last days of June 2021, Pacific northwest areas of the U.S. and Canada experienced temperatures never previously observed, with records broken in many places by several degrees Celsius.
Multiple cities in the U.S. states of Oregon and Washington and the western provinces of Canada recorded temperatures far above 40ºC (104 ºF), including setting a new all-time Canadian temperature record of 49.6ºC in the village of Lytton. Shortly after setting the record, Lytton was largely destroyed in a wildfire [ 1 , 2 ]. The exceptionally high temperatures led to spikes in sudden deaths, and sharp increases in hospital visits for heat-related illnesses and emergency calls [ 3 , 4 , 5 ]. Heatwaves are one of the deadliest natural hazards and this heatwave affected a population unaccustomed and unprepared for such extreme temperatures, for instance with most homes lacking air-conditioning [ 6 ]. Currently available mortality estimates of at least several hundred additional deaths are almost certainly an underestimate. The full extent of the impact of this exceptional heat on population health will not be known for several months.
Scientists from the US, Canada, the UK, the Netherlands, France, Germany and Switzerland collaborated to assess to what extent human-induced climate change made this heatwave hotter and more likely.
Using published peer-reviewed methods , we analysed how human-induced climate change affected the maximum temperatures in the region where most people have been affected by the heat (45–52 ºN, 119–123 ºW) including the cities of Seattle, Portland, and Vancouver (with well over 9 million people in their combined metropolitan areas).
Based on observations and modeling, the occurrence of a heatwave with maximum daily temperatures (TXx) as observed in the area 45–52 ºN, 119–123 ºW, was virtually impossible without human-caused climate change.
The observed temperatures were so extreme that they lie far outside the range of historically observed temperatures. This makes it hard to quantify with confidence how rare the event was. In the most realistic statistical analysis the event is estimated to be about a 1 in 1000 year event in today’s climate.
There are two possible sources of this extreme jump in peak temperatures. The first is that this is a very low probability event, even in the current climate which already includes about 1.2°C of global warming — the statistical equivalent of really bad luck, albeit aggravated by climate change. The second option is that nonlinear interactions in the climate have substantially increased the probability of such extreme heat, much beyond the gradual increase in heat extremes that has been observed up to now. We need to investigate the second possibility further, although we note the climate models do not show it. All numbers below assume that the heatwave was a very low probability event that was not caused by new nonlinearities.
With this assumption and combining the results from the analysis of climate models and weather observations, an event, defined as daily maximum temperatures (TXx) in the heatwave region, as rare as 1 in a 1000 years would have been at least 150 times rarer without human-induced climate change.
Also, this heatwave was about 2°C hotter than it would have been if it had occurred at the beginning of the industrial revolution (when global mean temperatures were 1.2°C cooler than today).
Looking into the future, in a world with 2°C of global warming (0.8°C warmer than today which at current emission levels would be reached as early as the 2040s), this event would have been another degree hotter. An event like this – currently estimated to occur only once every 1000 years, would occur roughly every 5 to 10 years in that future world with 2°C of global warming.
In summary, an event such as the Pacific Northwest 2021 heatwave is still rare or extremely rare in today’s climate, yet would be virtually impossible without human-caused climate change. As warming continues, it will become a lot less rare.
Our results provide a strong warning: our rapidly warming climate is bringing us into uncharted territory that has significant consequences for health, well-being, and livelihoods. Adaptation and mitigation are urgently needed to prepare societies for a very different future. Adaptation measures need to be much more ambitious and take account of the rising risk of heatwaves around the world, including surprises such as this unexpected extreme. Deaths from extreme heat can be dramatically reduced with adequate preparedness action. Heat action plans that incorporate heatwave early warning systems can strengthen the resilience of cities and people. In addition, longer-term plans are needed to modify our built environments to be more adequate for the hotter climate that we already experience today and the additional warming that we expect in future. In addition, greenhouse gas mitigation goals should take into account the increasing risks associated with unprecedented climate conditions if warming would be allowed to continue
The heatwave considered in this study is linked to a slow-moving strong high pressure system, sometimes called Omega-blocking or “heat dome”, which brings descending and thus warm and dry air, as well clear skies, further heating the near-surface air. This high pressure system also reached record levels in terms of its strength, measured as the “thickness” of the lower part of the atmosphere, the so-called troposphere . The pressure values observed in the very strong blocking anticyclone are comparable to those observed in other parts of the world in recent heatwaves. The “Omega” blocking pattern is typically associated with heatwaves in this region. While the pressure system was record-breaking in its values, it was far less unusual compared to climatology than the associated extreme temperatures. Recent research suggests that climate change increases the chances for such stagnant high pressure systems in summer through weakening of the summer jet stream. As of yet, it is unclear if, and to what extent, such long-term dynamical changes play a role in this event.
An important feature of this extreme heatwave is that it occurred following a very dry spring over the Western U.S., so the absence of evaporative cooling could be an important factor in the exceptional temperatures observed. However, the northern part of the region impacted by this heatwave experienced wet anomalies in the weeks and months preceding the heat. Anticyclonic subsidence, and downslope winds were also present, and probably acted as additional heating factors. Overall, it is difficult at this stage to assess the extent to which these factors either in isolation or combined provide a good explanation of why the observed temperatures were so much higher than anything ever recorded in this part of the world. Hence, more research is needed to understand the processes as well as potential influence of human-caused climate change on them.
Here we provide a first estimate of the role of climate change on the extreme temperatures measured in the Pacific Northwest. We analyse the maximum daily temperatures as these are relevant to the impact of the event. While the minimum temperatures are also important for health impacts, we used only one index to keep the assessment straightforward. In this rapid study, we do not analyse the impact that human-caused climate change may have on specific aspects leading to the observed synoptic situation. We ask whether and to what extent human-caused climate change altered the likelihood and intensity of the analysed event. Specifically we analyse (1) how the likelihood of the yearly maximum temperature to be as high or higher than observed in June 2021 has changed and (2) how much less severe a heatwave with the same return period would have been in a world without human-caused climate change. It is important to highlight that, because the temperature records of June 2021 were very far outside all historical observations, determining the likelihood of this event in today’s climate is highly uncertain. All numbers shown assume that the heatwave was a very low probability event (about 1 in 1000 years) that was not caused by new nonlinearities. As in previous analyses , we only give a lower bound of the estimate of the influence of climate change on the change in probability of the event as the best estimate and upper bound are very ill-defined for extreme heat.
Based on this first rapid analysis, we cannot say whether this was a so-called “freak” event (with a return time on the order of 1 in 1000 years or more) that largely occurred by chance, or whether our changing climate altered conditions conducive to heatwaves in the Pacific Northwest, which would imply that “bad luck” played a smaller role and this type of event would be more frequent in our current climate.
In either case, the future will be characterized by more frequent, more severe, and longer heatwaves, highlighting the importance of significantly reducing our greenhouse gas emissions to reduce the amount of additional warming.
The latest heat-related death numbers are alarming, yet they are likely a severe undercount and the real toll will only become clear after mortality statistics are reviewed for the role of heat in exacerbating underlying conditions.
[1] World Meterological Organization: June ends with exceptional heat
[2] Global News: Scenes of destruction after wildfire destroys village of Lytton, B.C.
[3] Vancouver Sun: Heat wave linked to massive spike in sudden deaths across Lower Mainland
[4] Oregon Health Authority: Summer 2021 Oregon ESSENCE Hazard Report
[5] CNN: Historic Northwest heat wave linked to dozens of deaths and hundreds of emergency room visits
[6] New York Times: Air-Conditioning Was Once Taboo in Seattle. Not Anymore.
Unusual cold spells can occur even in a warming world, and cause disruption to transport, energy & food supplies.
Drought affects people in many ways, from reduced water & food supplies to increasing the risk of wildfires.
Rainfall events from a major storm or hurricane, or intense localised downpours can lead to flooding in any type of location.
Heatwaves can be particularly dangerous to humans, and occur all over the world with increasing intensity.";By how many degrees Celsius did 2021 Pacific Northwest heatwave temperature exceed temperature expected at beginning of industrial revolution?;About 2°C
87;https://www.worldweatherattribution.org/without-human-caused-climate-change-temperatures-of-40c-in-the-uk-would-have-been-extremely-unlikely/;"On Monday and Tuesday, 18 & 19 July 2022, an exceptional heatwave affected large parts of the UK. It was the first time that temperatures of 40°C and above have been forecast in the UK.
On Tuesday, 40.3°C was reached in Coningsby in Lincolnshire, breaking the previous maximum temperature record of 38.7°C set in 2019. Local records have been broken in 46 stations across the country. Minimum temperatures were also extremely high with 25.8°C provisionally being recorded in Kenley in Surrey, breaking the previous record from 1990 by 1.9°C.
The heatwave was very well forecast, and the UK Met Office issued severe weather warnings well ahead of the heat. A Level 4 UK Health Security Agency Heat Health Alert had been issued for Monday and Tuesday. This level of alert is used when a heatwave is so severe and/or prolonged that its effects extend outside the health and social care system. At this level, illness may occur among the fit and healthy, not just in high-risk groups.
Scientists from South Africa, Germany, France, Switzerland, New Zealand, Denmark, United States of America and the United Kingdom, collaborated to assess to what extent human-induced climate change altered the likelihood and intensity of the heatwave.
Using published peer-reviewed methods , we analysed how human-induced climate change altered the likelihood and intensity of this heat wave in the region of the red alert warning (see Figure 1). To capture the duration of the event as well as the record temperatures we look at maximum temperatures as well as the highest 2-day averages observed.
The 2022 heatwave is estimated to have led to at least 13 deaths from drowning, it brought challenging conditions for the NHS with a spike in emergency calls, and care services supporting the elderly and vulnerable were put under increased stress, with a likely increase in heat related deaths. The impacts were unequally distributed across demographics. Even within London, there are high levels of inequity in experienced temperatures, with certain, often poorer neighbourhoods, lacking green space, shade, and water which can be lifelines during heatwave.
While Europe experiences heatwaves increasingly frequently over the last years, the recently observed heat in the UK has been so extreme that it is also a rare event in today’s climate. The observed temperatures averaged over 2 days were estimated to have a return period of approx. 100 years in the current climate. For the 1-day maximum temperatures over the region shown in Figure 1 the return time is estimated at 1 in 1000 years in the current climate. Note that return periods of temperatures vary between different measures and locations, and are therefore highly uncertain.
At three individual stations the 1-day maximum temperatures are as rare as 1 in 500 years in St James Park in London, about 1 in 1000 years in Durham and only expected on average once in 1500 years in today’s climate in Cranwell, Lincolnshire.
The likelihood of observing such an event in a 1.2°C cooler world is extremely low, and statistically impossible in two out of the three analysed stations.
The observational analysis shows that a UK heatwave as defined above would be about 4°C cooler in preindustrial times.
To estimate how much of these observed changes is attributable to human-caused climate change we combine climate models with the observations. It is important to highlight that all models systematically underestimate the observed trends. The combined results are thus almost certainly too conservative.
Combining the results based on observational and model analysis, we find that, for both event definitions, human-caused climate change made the event at least 10 times more likely. In the models, the same event would be about 2°C less hot in a 1.2°C cooler world, which is a much smaller change in intensity than observed.
This discrepancies between the modelled and observed trends and variability also hinders confidence in projections of the future trends.
Heatwaves during the height of summer pose a substantial risk to human health and are potentially lethal. This risk is aggravated by climate change, but also by other factors such as an ageing population, urbanisation, changing social structures, and levels of preparedness. The full impact is only known after a few weeks when the mortality figures have been analysed. Effective heat emergency plans, together with accurate weather forecasts such as those issued before this heatwave, reduce impacts and are becoming even more important in light of the rising risks.
Unusual cold spells can occur even in a warming world, and cause disruption to transport, energy & food supplies.
Drought affects people in many ways, from reduced water & food supplies to increasing the risk of wildfires.
Rainfall events from a major storm or hurricane, or intense localised downpours can lead to flooding in any type of location.
Heatwaves can be particularly dangerous to humans, and occur all over the world with increasing intensity.";What temperature record was set in Coningsby, Lincolnshire on 19 July 2022?;40.3°C
88;https://www.worldweatherattribution.org/without-human-caused-climate-change-temperatures-of-40c-in-the-uk-would-have-been-extremely-unlikely/;"On Monday and Tuesday, 18 & 19 July 2022, an exceptional heatwave affected large parts of the UK. It was the first time that temperatures of 40°C and above have been forecast in the UK.
On Tuesday, 40.3°C was reached in Coningsby in Lincolnshire, breaking the previous maximum temperature record of 38.7°C set in 2019. Local records have been broken in 46 stations across the country. Minimum temperatures were also extremely high with 25.8°C provisionally being recorded in Kenley in Surrey, breaking the previous record from 1990 by 1.9°C.
The heatwave was very well forecast, and the UK Met Office issued severe weather warnings well ahead of the heat. A Level 4 UK Health Security Agency Heat Health Alert had been issued for Monday and Tuesday. This level of alert is used when a heatwave is so severe and/or prolonged that its effects extend outside the health and social care system. At this level, illness may occur among the fit and healthy, not just in high-risk groups.
Scientists from South Africa, Germany, France, Switzerland, New Zealand, Denmark, United States of America and the United Kingdom, collaborated to assess to what extent human-induced climate change altered the likelihood and intensity of the heatwave.
Using published peer-reviewed methods , we analysed how human-induced climate change altered the likelihood and intensity of this heat wave in the region of the red alert warning (see Figure 1). To capture the duration of the event as well as the record temperatures we look at maximum temperatures as well as the highest 2-day averages observed.
The 2022 heatwave is estimated to have led to at least 13 deaths from drowning, it brought challenging conditions for the NHS with a spike in emergency calls, and care services supporting the elderly and vulnerable were put under increased stress, with a likely increase in heat related deaths. The impacts were unequally distributed across demographics. Even within London, there are high levels of inequity in experienced temperatures, with certain, often poorer neighbourhoods, lacking green space, shade, and water which can be lifelines during heatwave.
While Europe experiences heatwaves increasingly frequently over the last years, the recently observed heat in the UK has been so extreme that it is also a rare event in today’s climate. The observed temperatures averaged over 2 days were estimated to have a return period of approx. 100 years in the current climate. For the 1-day maximum temperatures over the region shown in Figure 1 the return time is estimated at 1 in 1000 years in the current climate. Note that return periods of temperatures vary between different measures and locations, and are therefore highly uncertain.
At three individual stations the 1-day maximum temperatures are as rare as 1 in 500 years in St James Park in London, about 1 in 1000 years in Durham and only expected on average once in 1500 years in today’s climate in Cranwell, Lincolnshire.
The likelihood of observing such an event in a 1.2°C cooler world is extremely low, and statistically impossible in two out of the three analysed stations.
The observational analysis shows that a UK heatwave as defined above would be about 4°C cooler in preindustrial times.
To estimate how much of these observed changes is attributable to human-caused climate change we combine climate models with the observations. It is important to highlight that all models systematically underestimate the observed trends. The combined results are thus almost certainly too conservative.
Combining the results based on observational and model analysis, we find that, for both event definitions, human-caused climate change made the event at least 10 times more likely. In the models, the same event would be about 2°C less hot in a 1.2°C cooler world, which is a much smaller change in intensity than observed.
This discrepancies between the modelled and observed trends and variability also hinders confidence in projections of the future trends.
Heatwaves during the height of summer pose a substantial risk to human health and are potentially lethal. This risk is aggravated by climate change, but also by other factors such as an ageing population, urbanisation, changing social structures, and levels of preparedness. The full impact is only known after a few weeks when the mortality figures have been analysed. Effective heat emergency plans, together with accurate weather forecasts such as those issued before this heatwave, reduce impacts and are becoming even more important in light of the rising risks.
Unusual cold spells can occur even in a warming world, and cause disruption to transport, energy & food supplies.
Drought affects people in many ways, from reduced water & food supplies to increasing the risk of wildfires.
Rainfall events from a major storm or hurricane, or intense localised downpours can lead to flooding in any type of location.
Heatwaves can be particularly dangerous to humans, and occur all over the world with increasing intensity.";How many stations across UK broke local temperature records during 2022 heatwave?;46