id;benchmark_type;required_source;source_table;source_row_index;event_id;country;disaster_type;disaster_subtype;source_url_metadata;context;question;answer;reasoning_type
kg_0001_1;kg_only;KG;emdat_wwa_alignment.xlsx;0;2014-9025-BRA;Brazil;Drought;Drought;https://www.worldweatherattribution.org/southeast-brazil-drought-2014-2015/;"event_id: 2014-9025-BRA | Historic: No | Classification Key: nat-cli-dro-dro | Disaster Group: Natural | Disaster Subgroup: Climatological | Disaster Type: Drought | Disaster Subtype: Drought | ISO: BRA | Country: Brazil | Subregion: Latin America and the Caribbean | Region: Americas | Location: Alagoas, Bahia, Ceara, Maranhao, Paraiba, Pernambuco, Piaui, Rio Grande Do Norte, Sergipe provinces | Origin: Lack of rain 2012 and 2013, high temperatures | OFDA/BHA Response: No | Appeal: No | Declaration: No | Magnitude Scale: Km2 | Start Year: 2014 | Start Month: 1 | End Year: 2016 | End Month: 12 | No. Affected: 27000000 | Total Affected: 27000000 | Total Damage ('000 US$): 5000000 | Total Damage, Adjusted ('000 US$): 6799615 | CPI: 73.53357700926716 | Admin Units: [{""adm1_code"":666,""adm1_name"":""Alagoas""},{""adm1_code"":669,""adm1_name"":""Bahia""},{""adm1_code"":670,""adm1_name"":""Ceara""},{""adm1_code"":674,""adm1_name"":""Maranhao""},{""adm1_code"":679,""adm1_name"":""Paraiba""},{""adm1_code"":681,""adm1_name"":""Pernambuco""},{""adm1_code"":682,""adm1_name"":""Piaui""},{""adm1_code"":684,""adm1_name"":""Rio Grande Do Norte""},{""adm1_code"":690,""adm1_name"":""Sergipe""}] | GADM Admin Units: [{""gid_1"":""BRA.10_1"",""migration_date"":""2025-12-20"",""migration_method"":""jaccard1"",""name_1"":""Maranhão""},{""gid_1"":""BRA.15_1"",""migration_date"":""2025-12-20"",""migration_method"":""jaccard1"",""name_1"":""Paraíba""},{""gid_1"":""BRA.17_1"",""migration_date"":""2025-12-20"",""migration_method"":""jaccard1"",""name_1"":""Pernambuco""},{""gid_1"":""BRA.18_1"",""migration_date"":""2025-12-20"",""migration_method"":""jaccard1"",""name_1"":""Piauí""},{""gid_1"":""BRA.20_1"",""migration_date"":""2025-12-20"",""migration_method"":""jaccard1"",""name_1"":""Rio Grande do Norte""},{""gid_1"":""BRA.26_1"",""migration_date"":""2025-12-20"",""migration_method"":""jaccard1"",""name_1"":""Sergipe""},{""gid_1"":""BRA.2_1"",""migration_date"":""2025-12-20"",""migration_method"":""jaccard1"",""name_1"":""Alagoas""},{""gid_1"":""BRA.5_1"",""migration_date"":""2025-12-20"",""migration_method"":""jaccard1"",""name_1"":""Bahia""},{""gid_1"":""BRA.6_1"",""migration_date"":""2025-12-20"",""migration_method"":""jaccard1"",""name_1"":""Ceará""}]";How many people were affected by the drought event in Brazil that started in January 2014?;27,000,000;single-hop
kg_0001_2;kg_only;KG;emdat_wwa_alignment.xlsx;0;2014-9025-BRA;Brazil;Drought;Drought;https://www.worldweatherattribution.org/southeast-brazil-drought-2014-2015/;"event_id: 2014-9025-BRA | Historic: No | Classification Key: nat-cli-dro-dro | Disaster Group: Natural | Disaster Subgroup: Climatological | Disaster Type: Drought | Disaster Subtype: Drought | ISO: BRA | Country: Brazil | Subregion: Latin America and the Caribbean | Region: Americas | Location: Alagoas, Bahia, Ceara, Maranhao, Paraiba, Pernambuco, Piaui, Rio Grande Do Norte, Sergipe provinces | Origin: Lack of rain 2012 and 2013, high temperatures | OFDA/BHA Response: No | Appeal: No | Declaration: No | Magnitude Scale: Km2 | Start Year: 2014 | Start Month: 1 | End Year: 2016 | End Month: 12 | No. Affected: 27000000 | Total Affected: 27000000 | Total Damage ('000 US$): 5000000 | Total Damage, Adjusted ('000 US$): 6799615 | CPI: 73.53357700926716 | Admin Units: [{""adm1_code"":666,""adm1_name"":""Alagoas""},{""adm1_code"":669,""adm1_name"":""Bahia""},{""adm1_code"":670,""adm1_name"":""Ceara""},{""adm1_code"":674,""adm1_name"":""Maranhao""},{""adm1_code"":679,""adm1_name"":""Paraiba""},{""adm1_code"":681,""adm1_name"":""Pernambuco""},{""adm1_code"":682,""adm1_name"":""Piaui""},{""adm1_code"":684,""adm1_name"":""Rio Grande Do Norte""},{""adm1_code"":690,""adm1_name"":""Sergipe""}] | GADM Admin Units: [{""gid_1"":""BRA.10_1"",""migration_date"":""2025-12-20"",""migration_method"":""jaccard1"",""name_1"":""Maranhão""},{""gid_1"":""BRA.15_1"",""migration_date"":""2025-12-20"",""migration_method"":""jaccard1"",""name_1"":""Paraíba""},{""gid_1"":""BRA.17_1"",""migration_date"":""2025-12-20"",""migration_method"":""jaccard1"",""name_1"":""Pernambuco""},{""gid_1"":""BRA.18_1"",""migration_date"":""2025-12-20"",""migration_method"":""jaccard1"",""name_1"":""Piauí""},{""gid_1"":""BRA.20_1"",""migration_date"":""2025-12-20"",""migration_method"":""jaccard1"",""name_1"":""Rio Grande do Norte""},{""gid_1"":""BRA.26_1"",""migration_date"":""2025-12-20"",""migration_method"":""jaccard1"",""name_1"":""Sergipe""},{""gid_1"":""BRA.2_1"",""migration_date"":""2025-12-20"",""migration_method"":""jaccard1"",""name_1"":""Alagoas""},{""gid_1"":""BRA.5_1"",""migration_date"":""2025-12-20"",""migration_method"":""jaccard1"",""name_1"":""Bahia""},{""gid_1"":""BRA.6_1"",""migration_date"":""2025-12-20"",""migration_method"":""jaccard1"",""name_1"":""Ceará""}]";Which provinces of Brazil were impacted by the drought that lasted from 2014 to 2016?;Alagoas, Bahia, Ceara, Maranhao, Paraiba, Pernambuco, Piaui, Rio Grande Do Norte, Sergipe;multi-attribute
kg_0002_1;kg_only;KG;emdat_wwa_alignment.xlsx;1;2015-0525-GBR;United Kingdom of Great Britain and Northern Ireland;Storm;Storm (General);https://www.worldweatherattribution.org/uks-storm-desmond-december-2015/;"event_id: 2015-0525-GBR | Historic: No | Classification Key: nat-met-sto-sto | Disaster Group: Natural | Disaster Subgroup: Meteorological | Disaster Type: Storm | Disaster Subtype: Storm (General) | External IDs: HANZE:2150 | Event Name: Storm Desmond (Ted) | ISO: GBR | Country: United Kingdom of Great Britain and Northern Ireland | Subregion: Northern Europe | Region: Europe | Location: Lancashire, Cumbria district (England province); Kendal, Keswick, Appleby cities (Cumbria district) Hexham (Northumberland district) (England province) | Associated Types: Flood | OFDA/BHA Response: No | Appeal: No | Declaration: No | Magnitude Scale: Kph | Start Year: 2015 | Start Month: 12 | Start Day: 4 | End Year: 2015 | End Month: 12 | End Day: 6 | Total Deaths: 3 | No. Affected: 15600 | Total Affected: 15600 | Insured Damage ('000 US$): 884000 | Insured Damage, Adjusted ('000 US$): 1200748 | Total Damage ('000 US$): 1200000 | Total Damage, Adjusted ('000 US$): 1629974 | CPI: 73.62080293658643 | Admin Units: [{""adm2_code"":40102,""adm2_name"":""Cumbria""},{""adm2_code"":40118,""adm2_name"":""Lancashire""},{""adm2_code"":40125,""adm2_name"":""Northumberland""}] | GADM Admin Units: [{""gid_2"":""GBR.1.22_1"",""migration_date"":""2025-12-20"",""migration_method"":""jaccard2"",""name_2"":""Cumbria""},{""gid_2"":""GBR.1.48_1"",""migration_date"":""2025-12-20"",""migration_method"":""jaccard2""},{""gid_2"":""GBR.1.65_1"",""migration_date"":""2025-12-20"",""migration_method"":""jaccard2""}]";How many deaths were reported from Storm Desmond?;3;single-hop
kg_0002_2;kg_only;KG;emdat_wwa_alignment.xlsx;1;2015-0525-GBR;United Kingdom of Great Britain and Northern Ireland;Storm;Storm (General);https://www.worldweatherattribution.org/uks-storm-desmond-december-2015/;"event_id: 2015-0525-GBR | Historic: No | Classification Key: nat-met-sto-sto | Disaster Group: Natural | Disaster Subgroup: Meteorological | Disaster Type: Storm | Disaster Subtype: Storm (General) | External IDs: HANZE:2150 | Event Name: Storm Desmond (Ted) | ISO: GBR | Country: United Kingdom of Great Britain and Northern Ireland | Subregion: Northern Europe | Region: Europe | Location: Lancashire, Cumbria district (England province); Kendal, Keswick, Appleby cities (Cumbria district) Hexham (Northumberland district) (England province) | Associated Types: Flood | OFDA/BHA Response: No | Appeal: No | Declaration: No | Magnitude Scale: Kph | Start Year: 2015 | Start Month: 12 | Start Day: 4 | End Year: 2015 | End Month: 12 | End Day: 6 | Total Deaths: 3 | No. Affected: 15600 | Total Affected: 15600 | Insured Damage ('000 US$): 884000 | Insured Damage, Adjusted ('000 US$): 1200748 | Total Damage ('000 US$): 1200000 | Total Damage, Adjusted ('000 US$): 1629974 | CPI: 73.62080293658643 | Admin Units: [{""adm2_code"":40102,""adm2_name"":""Cumbria""},{""adm2_code"":40118,""adm2_name"":""Lancashire""},{""adm2_code"":40125,""adm2_name"":""Northumberland""}] | GADM Admin Units: [{""gid_2"":""GBR.1.22_1"",""migration_date"":""2025-12-20"",""migration_method"":""jaccard2"",""name_2"":""Cumbria""},{""gid_2"":""GBR.1.48_1"",""migration_date"":""2025-12-20"",""migration_method"":""jaccard2""},{""gid_2"":""GBR.1.65_1"",""migration_date"":""2025-12-20"",""migration_method"":""jaccard2""}]";Which administrative districts in England were affected by Storm Desmond?;Cumbria, Lancashire, Northumberland;multi-attribute
kg_0003_1;kg_only;KG;emdat_wwa_alignment.xlsx;2;2015-0504-IND;India;Flood;Flood (General);https://www.worldweatherattribution.org/chennai-floods-december-2015/;"event_id: 2015-0504-IND | Historic: No | Classification Key: nat-hyd-flo-flo | Disaster Group: Natural | Disaster Subgroup: Hydrological | Disaster Type: Flood | Disaster Subtype: Flood (General) | External IDs: DFO:4309|GLIDE:TC-2015-000163 | ISO: IND | Country: India | Subregion: Southern Asia | Region: Asia | Location: Chittoor, Cuddapah, Prakasam, Nellore districts (Andhra Pradesh province), Chennai, Cuddalore, Nagapattinam, Kancheepuram, Thiruvallur, Villupuram districts (Tamil Nadu province), Puducherry province | Origin: Tropical depression 'Rovan' | OFDA/BHA Response: No | Appeal: No | Declaration: Yes | Magnitude: 93202.05 | Magnitude Scale: Km2 | Latitude: 11.828 | Longitude: 78.855 | Start Year: 2015 | Start Month: 11 | Start Day: 8 | End Year: 2015 | End Month: 12 | End Day: 4 | Total Deaths: 325 | No. Injured: 1000 | No. Affected: 1800000 | Total Affected: 1801000 | Insured Damage ('000 US$): 755000 | Insured Damage, Adjusted ('000 US$): 1025525 | Total Damage ('000 US$): 2200000 | Total Damage, Adjusted ('000 US$): 2988286 | CPI: 73.62080293658643 | Admin Units: [{""adm1_code"":70080,""adm1_name"":""Puducherry""},{""adm2_code"":17549,""adm2_name"":""Chittoor""},{""adm2_code"":17550,""adm2_name"":""Cuddapah""},{""adm2_code"":17561,""adm2_name"":""Nellore""},{""adm2_code"":17563,""adm2_name"":""Prakasam""},{""adm2_code"":70242,""adm2_name"":""Chennai""},{""adm2_code"":70243,""adm2_name"":""Cuddalore""},{""adm2_code"":70244,""adm2_name"":""Kancheepuram""},{""adm2_code"":70247,""adm2_name"":""Nagapattinam""},{""adm2_code"":70251,""adm2_name"":""Thiruvallur""},{""adm2_code"":70255,""adm2_name"":""Villupuram""}] | GADM Admin Units: [{""gid_1"":""IND.27_1"",""migration_date"":""2025-12-20"",""migration_method"":""jaccard1"",""name_1"":""Puducherry""},{""gid_2"":""IND.2.13_1"",""migration_date"":""2025-12-20"",""migration_method"":""jaccard2"",""name_2"":""Y.S.R.""},{""gid_2"":""IND.2.2_1"",""migration_date"":""2025-12-20"",""migration_method"":""jaccard2"",""name_2"":""Chittoor""},{""gid_2"":""IND.2.7_1"",""migration_date"":""2025-12-20"",""migration_method"":""jaccard2"",""name_2"":""Nellore""},{""gid_2"":""IND.2.8_1"",""migration_date"":""2025-12-20"",""migration_method"":""jaccard2"",""name_2"":""Prakasam""},{""gid_2"":""IND.31.13_1"",""migration_date"":""2025-12-20"",""migration_method"":""puzzle2_2"",""name_2"":""Nagappattinam""},{""gid_2"":""IND.31.23_1"",""migration_date"":""2025-12-20"",""migration_method"":""jaccard2"",""name_2"":""Thiruvallur""},{""gid_2"":""IND.31.24_1"",""migration_date"":""2025-12-20"",""migration_method"":""puzzle2_2"",""name_2"":""Thiruvarur""},{""gid_2"":""IND.31.2_1"",""migration_date"":""2025-12-20"",""migration_method"":""jaccard2"",""name_2"":""Chennai""},{""gid_2"":""IND.31.31_1"",""migration_date"":""2025-12-20"",""migration_method"":""jaccard2"",""name_2"":""Viluppuram""},{""gid_2"":""IND.31.4_1"",""migration_date"":""2025-12-20"",""migration_method"":""jaccard2"",""name_2"":""Cuddalore""},{""gid_2"":""IND.31.8_1"",""migration_date"":""2025-12-20"",""migration_method"":""jaccard2"",""name_2"":""Kancheepuram""}]";How many deaths were reported from the flood that impacted districts in Andhra Pradesh and Tamil Nadu in November 2015?;325;single-hop
kg_0003_2;kg_only;KG;emdat_wwa_alignment.xlsx;2;2015-0504-IND;India;Flood;Flood (General);https://www.worldweatherattribution.org/chennai-floods-december-2015/;"event_id: 2015-0504-IND | Historic: No | Classification Key: nat-hyd-flo-flo | Disaster Group: Natural | Disaster Subgroup: Hydrological | Disaster Type: Flood | Disaster Subtype: Flood (General) | External IDs: DFO:4309|GLIDE:TC-2015-000163 | ISO: IND | Country: India | Subregion: Southern Asia | Region: Asia | Location: Chittoor, Cuddapah, Prakasam, Nellore districts (Andhra Pradesh province), Chennai, Cuddalore, Nagapattinam, Kancheepuram, Thiruvallur, Villupuram districts (Tamil Nadu province), Puducherry province | Origin: Tropical depression 'Rovan' | OFDA/BHA Response: No | Appeal: No | Declaration: Yes | Magnitude: 93202.05 | Magnitude Scale: Km2 | Latitude: 11.828 | Longitude: 78.855 | Start Year: 2015 | Start Month: 11 | Start Day: 8 | End Year: 2015 | End Month: 12 | End Day: 4 | Total Deaths: 325 | No. Injured: 1000 | No. Affected: 1800000 | Total Affected: 1801000 | Insured Damage ('000 US$): 755000 | Insured Damage, Adjusted ('000 US$): 1025525 | Total Damage ('000 US$): 2200000 | Total Damage, Adjusted ('000 US$): 2988286 | CPI: 73.62080293658643 | Admin Units: [{""adm1_code"":70080,""adm1_name"":""Puducherry""},{""adm2_code"":17549,""adm2_name"":""Chittoor""},{""adm2_code"":17550,""adm2_name"":""Cuddapah""},{""adm2_code"":17561,""adm2_name"":""Nellore""},{""adm2_code"":17563,""adm2_name"":""Prakasam""},{""adm2_code"":70242,""adm2_name"":""Chennai""},{""adm2_code"":70243,""adm2_name"":""Cuddalore""},{""adm2_code"":70244,""adm2_name"":""Kancheepuram""},{""adm2_code"":70247,""adm2_name"":""Nagapattinam""},{""adm2_code"":70251,""adm2_name"":""Thiruvallur""},{""adm2_code"":70255,""adm2_name"":""Villupuram""}] | GADM Admin Units: [{""gid_1"":""IND.27_1"",""migration_date"":""2025-12-20"",""migration_method"":""jaccard1"",""name_1"":""Puducherry""},{""gid_2"":""IND.2.13_1"",""migration_date"":""2025-12-20"",""migration_method"":""jaccard2"",""name_2"":""Y.S.R.""},{""gid_2"":""IND.2.2_1"",""migration_date"":""2025-12-20"",""migration_method"":""jaccard2"",""name_2"":""Chittoor""},{""gid_2"":""IND.2.7_1"",""migration_date"":""2025-12-20"",""migration_method"":""jaccard2"",""name_2"":""Nellore""},{""gid_2"":""IND.2.8_1"",""migration_date"":""2025-12-20"",""migration_method"":""jaccard2"",""name_2"":""Prakasam""},{""gid_2"":""IND.31.13_1"",""migration_date"":""2025-12-20"",""migration_method"":""puzzle2_2"",""name_2"":""Nagappattinam""},{""gid_2"":""IND.31.23_1"",""migration_date"":""2025-12-20"",""migration_method"":""jaccard2"",""name_2"":""Thiruvallur""},{""gid_2"":""IND.31.24_1"",""migration_date"":""2025-12-20"",""migration_method"":""puzzle2_2"",""name_2"":""Thiruvarur""},{""gid_2"":""IND.31.2_1"",""migration_date"":""2025-12-20"",""migration_method"":""jaccard2"",""name_2"":""Chennai""},{""gid_2"":""IND.31.31_1"",""migration_date"":""2025-12-20"",""migration_method"":""jaccard2"",""name_2"":""Viluppuram""},{""gid_2"":""IND.31.4_1"",""migration_date"":""2025-12-20"",""migration_method"":""jaccard2"",""name_2"":""Cuddalore""},{""gid_2"":""IND.31.8_1"",""migration_date"":""2025-12-20"",""migration_method"":""jaccard2"",""name_2"":""Kancheepuram""}]";What was the adjusted total economic damage (in thousands of US dollars) caused by the 2015 flood in India?;2988286;single-hop
kg_0004_1;kg_only;KG;emdat_wwa_alignment.xlsx;3;2015-9616-SOM;Somalia;Drought;Drought;https://www.worldweatherattribution.org/somalia-drought-2016-2017/;"event_id: 2015-9616-SOM | Historic: No | Classification Key: nat-cli-dro-dro | Disaster Group: Natural | Disaster Subgroup: Climatological | Disaster Type: Drought | Disaster Subtype: Drought | External IDs: GLIDE:DR-2015-000134 | ISO: SOM | Country: Somalia | Subregion: Sub-Saharan Africa | Region: Africa | Location: Sanaag, Sool, Togdheer, Woqooyi Galbeed, Awdal provinces (Somaliland region), Bari, Nugaal provinces (Puntland region); Karkaar | Origin: El Nino | Associated Types: Food shortage | OFDA/BHA Response: Yes | Appeal: No | Declaration: Yes | Magnitude Scale: Km2 | Start Year: 2015 | Start Month: 8 | End Year: 2017 | End Month: 5 | No. Affected: 6700000 | Total Affected: 6700000 | CPI: 73.62080293658643 | Admin Units: [{""adm1_code"":2688,""adm1_name"":""Awdal""},{""adm1_code"":2690,""adm1_name"":""Bari""},{""adm1_code"":2701,""adm1_name"":""Nugaal""},{""adm1_code"":2702,""adm1_name"":""Sanaag""},{""adm1_code"":2703,""adm1_name"":""Sool""},{""adm1_code"":2704,""adm1_name"":""Togdheer""},{""adm1_code"":2705,""adm1_name"":""Woqooyi Galbeed""}] | GADM Admin Units: [{""gid_1"":""SOM.12_1"",""migration_date"":""2025-12-20"",""migration_method"":""jaccard1"",""name_1"":""Nugaal""},{""gid_1"":""SOM.13_1"",""migration_date"":""2025-12-20"",""migration_method"":""jaccard1"",""name_1"":""Sanaag""},{""gid_1"":""SOM.16_1"",""migration_date"":""2025-12-20"",""migration_method"":""jaccard1"",""name_1"":""Sool""},{""gid_1"":""SOM.17_1"",""migration_date"":""2025-12-20"",""migration_method"":""jaccard1"",""name_1"":""Togdheer""},{""gid_1"":""SOM.18_1"",""migration_date"":""2025-12-20"",""migration_method"":""jaccard1"",""name_1"":""Woqooyi Galbeed""},{""gid_1"":""SOM.1_1"",""migration_date"":""2025-12-20"",""migration_method"":""jaccard1"",""name_1"":""Awdal""},{""gid_1"":""SOM.4_1"",""migration_date"":""2025-12-20"",""migration_method"":""jaccard1"",""name_1"":""Bari""}]";What climatic event was identified as the origin of the drought that began in August 2015 in Somalia?;El Nino;single-hop
kg_0004_2;kg_only;KG;emdat_wwa_alignment.xlsx;3;2015-9616-SOM;Somalia;Drought;Drought;https://www.worldweatherattribution.org/somalia-drought-2016-2017/;"event_id: 2015-9616-SOM | Historic: No | Classification Key: nat-cli-dro-dro | Disaster Group: Natural | Disaster Subgroup: Climatological | Disaster Type: Drought | Disaster Subtype: Drought | External IDs: GLIDE:DR-2015-000134 | ISO: SOM | Country: Somalia | Subregion: Sub-Saharan Africa | Region: Africa | Location: Sanaag, Sool, Togdheer, Woqooyi Galbeed, Awdal provinces (Somaliland region), Bari, Nugaal provinces (Puntland region); Karkaar | Origin: El Nino | Associated Types: Food shortage | OFDA/BHA Response: Yes | Appeal: No | Declaration: Yes | Magnitude Scale: Km2 | Start Year: 2015 | Start Month: 8 | End Year: 2017 | End Month: 5 | No. Affected: 6700000 | Total Affected: 6700000 | CPI: 73.62080293658643 | Admin Units: [{""adm1_code"":2688,""adm1_name"":""Awdal""},{""adm1_code"":2690,""adm1_name"":""Bari""},{""adm1_code"":2701,""adm1_name"":""Nugaal""},{""adm1_code"":2702,""adm1_name"":""Sanaag""},{""adm1_code"":2703,""adm1_name"":""Sool""},{""adm1_code"":2704,""adm1_name"":""Togdheer""},{""adm1_code"":2705,""adm1_name"":""Woqooyi Galbeed""}] | GADM Admin Units: [{""gid_1"":""SOM.12_1"",""migration_date"":""2025-12-20"",""migration_method"":""jaccard1"",""name_1"":""Nugaal""},{""gid_1"":""SOM.13_1"",""migration_date"":""2025-12-20"",""migration_method"":""jaccard1"",""name_1"":""Sanaag""},{""gid_1"":""SOM.16_1"",""migration_date"":""2025-12-20"",""migration_method"":""jaccard1"",""name_1"":""Sool""},{""gid_1"":""SOM.17_1"",""migration_date"":""2025-12-20"",""migration_method"":""jaccard1"",""name_1"":""Togdheer""},{""gid_1"":""SOM.18_1"",""migration_date"":""2025-12-20"",""migration_method"":""jaccard1"",""name_1"":""Woqooyi Galbeed""},{""gid_1"":""SOM.1_1"",""migration_date"":""2025-12-20"",""migration_method"":""jaccard1"",""name_1"":""Awdal""},{""gid_1"":""SOM.4_1"",""migration_date"":""2025-12-20"",""migration_method"":""jaccard1"",""name_1"":""Bari""}]";How many people were reported as affected by the drought that lasted until May 2017 in Somalia?;6700000;single-hop
kg_0005_1;kg_only;KG;emdat_wwa_alignment.xlsx;4;2015-9545-ETH;Ethiopia;Drought;Drought;https://www.worldweatherattribution.org/ethiopia-drought-2015/;"event_id: 2015-9545-ETH | Historic: No | Classification Key: nat-cli-dro-dro | Disaster Group: Natural | Disaster Subgroup: Climatological | Disaster Type: Drought | Disaster Subtype: Drought | External IDs: GLIDE:DR-2015-000109 | ISO: ETH | Country: Ethiopia | Subregion: Sub-Saharan Africa | Region: Africa | Location: Somali, Afar, Oromia, Amhara, Nations du Sud provinces | Origin: El Nino | Associated Types: Famine | OFDA/BHA Response: No | Appeal: No | Declaration: No | Magnitude Scale: Km2 | Start Year: 2015 | Start Month: 9 | End Year: 2017 | End Month: 4 | No. Affected: 10200000 | Total Affected: 10200000 | Total Damage ('000 US$): 1400000 | Total Damage, Adjusted ('000 US$): 1901636 | CPI: 73.62080293658643 | Admin Units: [{""adm1_code"":1228,""adm1_name"":""Afar""},{""adm1_code"":47679,""adm1_name"":""Somali""}] | GADM Admin Units: [{""gid_1"":""ETH.2_1"",""migration_date"":""2025-12-20"",""migration_method"":""jaccard1"",""name_1"":""Afar""},{""gid_1"":""ETH.9_1"",""migration_date"":""2025-12-20"",""migration_method"":""jaccard1"",""name_1"":""Somali""}]";Which provinces in Ethiopia were listed as locations for the drought event that began in September 2015?;Somali, Afar, Oromia, Amhara, Nations du Sud provinces;single-hop
kg_0005_2;kg_only;KG;emdat_wwa_alignment.xlsx;4;2015-9545-ETH;Ethiopia;Drought;Drought;https://www.worldweatherattribution.org/ethiopia-drought-2015/;"event_id: 2015-9545-ETH | Historic: No | Classification Key: nat-cli-dro-dro | Disaster Group: Natural | Disaster Subgroup: Climatological | Disaster Type: Drought | Disaster Subtype: Drought | External IDs: GLIDE:DR-2015-000109 | ISO: ETH | Country: Ethiopia | Subregion: Sub-Saharan Africa | Region: Africa | Location: Somali, Afar, Oromia, Amhara, Nations du Sud provinces | Origin: El Nino | Associated Types: Famine | OFDA/BHA Response: No | Appeal: No | Declaration: No | Magnitude Scale: Km2 | Start Year: 2015 | Start Month: 9 | End Year: 2017 | End Month: 4 | No. Affected: 10200000 | Total Affected: 10200000 | Total Damage ('000 US$): 1400000 | Total Damage, Adjusted ('000 US$): 1901636 | CPI: 73.62080293658643 | Admin Units: [{""adm1_code"":1228,""adm1_name"":""Afar""},{""adm1_code"":47679,""adm1_name"":""Somali""}] | GADM Admin Units: [{""gid_1"":""ETH.2_1"",""migration_date"":""2025-12-20"",""migration_method"":""jaccard1"",""name_1"":""Afar""},{""gid_1"":""ETH.9_1"",""migration_date"":""2025-12-20"",""migration_method"":""jaccard1"",""name_1"":""Somali""}]";How many people were affected and what was the total adjusted damage (in thousand US$) for the 2015 drought in Ethiopia?;"10,200,000 people affected; 1,901,636 thousand US$";multi-attribute
kg_0006_1;kg_only;KG;emdat_wwa_alignment.xlsx;5;2015-9500-ZAF;South Africa;Drought;Drought;https://www.worldweatherattribution.org/the-role-of-climate-change-in-the-2015-2017-drought-in-the-western-cape-of-south-africa/;"event_id: 2015-9500-ZAF | Historic: No | Classification Key: nat-cli-dro-dro | Disaster Group: Natural | Disaster Subgroup: Climatological | Disaster Type: Drought | Disaster Subtype: Drought | ISO: ZAF | Country: South Africa | Subregion: Sub-Saharan Africa | Region: Africa | Location: KwaZulu-Natal, Free state, Limpopo, Mpumalanga, North-West, Western Cape provinces | Origin: El Nino | Associated Types: Heat wave | OFDA/BHA Response: No | Appeal: No | Declaration: Yes | Magnitude Scale: Km2 | Start Year: 2015 | Start Month: 1 | End Year: 2017 | End Month: 5 | No. Affected: 2700000 | Total Affected: 2700000 | Total Damage ('000 US$): 250000 | Total Damage, Adjusted ('000 US$): 339578 | CPI: 73.62080293658643 | Admin Units: [{""adm1_code"":2707,""adm1_name"":""Free State""},{""adm1_code"":2714,""adm1_name"":""Western Cape""},{""adm1_code"":77311,""adm1_name"":""KwaZulu-Natal""},{""adm1_code"":77312,""adm1_name"":""Limpopo""},{""adm1_code"":77313,""adm1_name"":""Mpumalanga""},{""adm1_code"":77314,""adm1_name"":""North West""}] | GADM Admin Units: [{""gid_1"":""ZAF.2_1"",""migration_date"":""2025-12-20"",""migration_method"":""jaccard1"",""name_1"":""Free State""},{""gid_1"":""ZAF.4_1"",""migration_date"":""2025-12-20"",""migration_method"":""jaccard1"",""name_1"":""KwaZulu-Natal""},{""gid_1"":""ZAF.5_1"",""migration_date"":""2025-12-20"",""migration_method"":""jaccard1"",""name_1"":""Limpopo""},{""gid_1"":""ZAF.6_1"",""migration_date"":""2025-12-20"",""migration_method"":""jaccard1"",""name_1"":""Mpumalanga""},{""gid_1"":""ZAF.7_1"",""migration_date"":""2025-12-20"",""migration_method"":""jaccard1"",""name_1"":""North West""},{""gid_1"":""ZAF.9_1"",""migration_date"":""2025-12-20"",""migration_method"":""jaccard1"",""name_1"":""Western Cape""}]";Which provinces in South Africa were listed as affected by the drought that began in January 2015?;Free State, Western Cape, KwaZulu-Natal, Limpopo, Mpumalanga, North West;single-hop
kg_0006_2;kg_only;KG;emdat_wwa_alignment.xlsx;5;2015-9500-ZAF;South Africa;Drought;Drought;https://www.worldweatherattribution.org/the-role-of-climate-change-in-the-2015-2017-drought-in-the-western-cape-of-south-africa/;"event_id: 2015-9500-ZAF | Historic: No | Classification Key: nat-cli-dro-dro | Disaster Group: Natural | Disaster Subgroup: Climatological | Disaster Type: Drought | Disaster Subtype: Drought | ISO: ZAF | Country: South Africa | Subregion: Sub-Saharan Africa | Region: Africa | Location: KwaZulu-Natal, Free state, Limpopo, Mpumalanga, North-West, Western Cape provinces | Origin: El Nino | Associated Types: Heat wave | OFDA/BHA Response: No | Appeal: No | Declaration: Yes | Magnitude Scale: Km2 | Start Year: 2015 | Start Month: 1 | End Year: 2017 | End Month: 5 | No. Affected: 2700000 | Total Affected: 2700000 | Total Damage ('000 US$): 250000 | Total Damage, Adjusted ('000 US$): 339578 | CPI: 73.62080293658643 | Admin Units: [{""adm1_code"":2707,""adm1_name"":""Free State""},{""adm1_code"":2714,""adm1_name"":""Western Cape""},{""adm1_code"":77311,""adm1_name"":""KwaZulu-Natal""},{""adm1_code"":77312,""adm1_name"":""Limpopo""},{""adm1_code"":77313,""adm1_name"":""Mpumalanga""},{""adm1_code"":77314,""adm1_name"":""North West""}] | GADM Admin Units: [{""gid_1"":""ZAF.2_1"",""migration_date"":""2025-12-20"",""migration_method"":""jaccard1"",""name_1"":""Free State""},{""gid_1"":""ZAF.4_1"",""migration_date"":""2025-12-20"",""migration_method"":""jaccard1"",""name_1"":""KwaZulu-Natal""},{""gid_1"":""ZAF.5_1"",""migration_date"":""2025-12-20"",""migration_method"":""jaccard1"",""name_1"":""Limpopo""},{""gid_1"":""ZAF.6_1"",""migration_date"":""2025-12-20"",""migration_method"":""jaccard1"",""name_1"":""Mpumalanga""},{""gid_1"":""ZAF.7_1"",""migration_date"":""2025-12-20"",""migration_method"":""jaccard1"",""name_1"":""North West""},{""gid_1"":""ZAF.9_1"",""migration_date"":""2025-12-20"",""migration_method"":""jaccard1"",""name_1"":""Western Cape""}]";What was the total adjusted damage in thousands of US dollars for the South African drought that lasted from 2015 to 2017?;339578;single-hop
kg_0007_1;kg_only;KG;emdat_wwa_alignment.xlsx;6;2016-0133-IND;India;Extreme temperature;Heat wave;https://www.worldweatherattribution.org/india-heat-wave-2016/;"event_id: 2016-0133-IND | Historic: No | Classification Key: nat-met-ext-hea | Disaster Group: Natural | Disaster Subgroup: Meteorological | Disaster Type: Extreme temperature | Disaster Subtype: Heat wave | ISO: IND | Country: India | Subregion: Southern Asia | Region: Asia | Location: Andhra Pradesh, Rajasthan, Orissa, Bihar, Jharkhand, Tamil Nadu, Uttar Pradesh provinces | OFDA/BHA Response: No | Appeal: No | Declaration: No | Magnitude: 51 | Magnitude Scale: °C | Start Year: 2016 | Start Month: 4 | Start Day: 1 | End Year: 2016 | End Month: 5 | End Day: 20 | Total Deaths: 300 | CPI: 74.54960298643441 | Admin Units: [{""adm1_code"":1485,""adm1_name"":""Andhra Pradesh""},{""adm1_code"":1504,""adm1_name"":""Orissa""},{""adm1_code"":1506,""adm1_name"":""Rajasthan""},{""adm1_code"":1508,""adm1_name"":""Tamil Nadu""},{""adm1_code"":70073,""adm1_name"":""Bihar""},{""adm1_code"":70078,""adm1_name"":""Jharkhand""},{""adm1_code"":70081,""adm1_name"":""Uttar Pradesh""}] | GADM Admin Units: [{""gid_1"":""IND.15_1"",""migration_date"":""2025-12-20"",""migration_method"":""jaccard1"",""name_1"":""Jharkhand""},{""gid_1"":""IND.26_1"",""migration_date"":""2025-12-20"",""migration_method"":""jaccard1"",""name_1"":""Odisha""},{""gid_1"":""IND.29_1"",""migration_date"":""2025-12-20"",""migration_method"":""jaccard1"",""name_1"":""Rajasthan""},{""gid_1"":""IND.2_1"",""migration_date"":""2025-12-20"",""migration_method"":""puzzle1_1"",""name_1"":""Andhra Pradesh""},{""gid_1"":""IND.31_1"",""migration_date"":""2025-12-20"",""migration_method"":""jaccard1"",""name_1"":""Tamil Nadu""},{""gid_1"":""IND.32_1"",""migration_date"":""2025-12-20"",""migration_method"":""puzzle1_1"",""name_1"":""Telangana""},{""gid_1"":""IND.34_1"",""migration_date"":""2025-12-20"",""migration_method"":""jaccard1"",""name_1"":""Uttar Pradesh""},{""gid_1"":""IND.5_1"",""migration_date"":""2025-12-20"",""migration_method"":""jaccard1"",""name_1"":""Bihar""}]";What was the recorded magnitude of the 2016 heat wave in India n degrees Celsius?;51°C;single-hop
kg_0007_2;kg_only;KG;emdat_wwa_alignment.xlsx;6;2016-0133-IND;India;Extreme temperature;Heat wave;https://www.worldweatherattribution.org/india-heat-wave-2016/;"event_id: 2016-0133-IND | Historic: No | Classification Key: nat-met-ext-hea | Disaster Group: Natural | Disaster Subgroup: Meteorological | Disaster Type: Extreme temperature | Disaster Subtype: Heat wave | ISO: IND | Country: India | Subregion: Southern Asia | Region: Asia | Location: Andhra Pradesh, Rajasthan, Orissa, Bihar, Jharkhand, Tamil Nadu, Uttar Pradesh provinces | OFDA/BHA Response: No | Appeal: No | Declaration: No | Magnitude: 51 | Magnitude Scale: °C | Start Year: 2016 | Start Month: 4 | Start Day: 1 | End Year: 2016 | End Month: 5 | End Day: 20 | Total Deaths: 300 | CPI: 74.54960298643441 | Admin Units: [{""adm1_code"":1485,""adm1_name"":""Andhra Pradesh""},{""adm1_code"":1504,""adm1_name"":""Orissa""},{""adm1_code"":1506,""adm1_name"":""Rajasthan""},{""adm1_code"":1508,""adm1_name"":""Tamil Nadu""},{""adm1_code"":70073,""adm1_name"":""Bihar""},{""adm1_code"":70078,""adm1_name"":""Jharkhand""},{""adm1_code"":70081,""adm1_name"":""Uttar Pradesh""}] | GADM Admin Units: [{""gid_1"":""IND.15_1"",""migration_date"":""2025-12-20"",""migration_method"":""jaccard1"",""name_1"":""Jharkhand""},{""gid_1"":""IND.26_1"",""migration_date"":""2025-12-20"",""migration_method"":""jaccard1"",""name_1"":""Odisha""},{""gid_1"":""IND.29_1"",""migration_date"":""2025-12-20"",""migration_method"":""jaccard1"",""name_1"":""Rajasthan""},{""gid_1"":""IND.2_1"",""migration_date"":""2025-12-20"",""migration_method"":""puzzle1_1"",""name_1"":""Andhra Pradesh""},{""gid_1"":""IND.31_1"",""migration_date"":""2025-12-20"",""migration_method"":""jaccard1"",""name_1"":""Tamil Nadu""},{""gid_1"":""IND.32_1"",""migration_date"":""2025-12-20"",""migration_method"":""puzzle1_1"",""name_1"":""Telangana""},{""gid_1"":""IND.34_1"",""migration_date"":""2025-12-20"",""migration_method"":""jaccard1"",""name_1"":""Uttar Pradesh""},{""gid_1"":""IND.5_1"",""migration_date"":""2025-12-20"",""migration_method"":""jaccard1"",""name_1"":""Bihar""}]";Which state appears in the GADM admin units list but is not mentioned among the provinces affected by the 2016 heat wave in India?;Telangana;multi-attribute
kg_0008_1;kg_only;KG;emdat_wwa_alignment.xlsx;7;2016-0179-FRA;France;Flood;Riverine flood;https://www.worldweatherattribution.org/european-rainstorms-may-2016/;"event_id: 2016-0179-FRA | Historic: No | Classification Key: nat-hyd-flo-riv | Disaster Group: Natural | Disaster Subgroup: Hydrological | Disaster Type: Flood | Disaster Subtype: Riverine flood | External IDs: DFO:4360|DFO:4366|HANZE:1167|HANZE:274|HANZE:2841|HANZE:357|HANZE:41 | ISO: FRA | Country: France | Subregion: Western Europe | Region: Europe | Location: Yvelines, Paris districts (Ile-de-France province), Marne district (Champagne-Ardenne), Manche, Calvados districts (Basse-Normandie province), Orne, Eure, Seine-Maritime (Haute-Normandie province) | Origin: Heavy rains | Associated Types: Lightening|Slide (land, mud, snow, rock) | OFDA/BHA Response: No | Appeal: No | Declaration: No | Magnitude Scale: Km2 | River Basin: Seine, Loing, Loire, Yonne, Cher | Start Year: 2016 | Start Month: 5 | Start Day: 28 | End Year: 2016 | End Month: 6 | End Day: 21 | Total Deaths: 4 | No. Injured: 24 | Total Affected: 24 | Insured Damage ('000 US$): 1300000 | Insured Damage, Adjusted ('000 US$): 1743805 | Total Damage ('000 US$): 2400000 | Total Damage, Adjusted ('000 US$): 3219333 | CPI: 74.54960298643441 | Admin Units: [{""adm2_code"":16249,""adm2_name"":""Calvados""},{""adm2_code"":16250,""adm2_name"":""Manche""},{""adm2_code"":16251,""adm2_name"":""Orne""},{""adm2_code"":16269,""adm2_name"":""Marne""},{""adm2_code"":16276,""adm2_name"":""Eure""},{""adm2_code"":16277,""adm2_name"":""Seine-Maritime""},{""adm2_code"":16280,""adm2_name"":""Paris""},{""adm2_code"":16285,""adm2_name"":""Yvelines""}] | GADM Admin Units: [{""gid_2"":""FRA.6.6_1"",""migration_date"":""2025-12-20"",""migration_method"":""jaccard2"",""name_2"":""Marne""},{""gid_2"":""FRA.8.3_1"",""migration_date"":""2025-12-20"",""migration_method"":""jaccard2"",""name_2"":""Paris""},{""gid_2"":""FRA.8.8_1"",""migration_date"":""2025-12-20"",""migration_method"":""jaccard2"",""name_2"":""Yvelines""},{""gid_2"":""FRA.9.1_1"",""migration_date"":""2025-12-20"",""migration_method"":""jaccard2"",""name_2"":""Calvados""},{""gid_2"":""FRA.9.2_1"",""migration_date"":""2025-12-20"",""migration_method"":""jaccard2"",""name_2"":""Eure""},{""gid_2"":""FRA.9.3_1"",""migration_date"":""2025-12-20"",""migration_method"":""jaccard2"",""name_2"":""Manche""},{""gid_2"":""FRA.9.4_1"",""migration_date"":""2025-12-20"",""migration_method"":""jaccard2"",""name_2"":""Orne""},{""gid_2"":""FRA.9.5_1"",""migration_date"":""2025-12-20"",""migration_method"":""jaccard2"",""name_2"":""Seine-Maritime""}]";How many fatalities were recorded in the 2016 riverine flood in France?;4;single-hop
kg_0008_2;kg_only;KG;emdat_wwa_alignment.xlsx;7;2016-0179-FRA;France;Flood;Riverine flood;https://www.worldweatherattribution.org/european-rainstorms-may-2016/;"event_id: 2016-0179-FRA | Historic: No | Classification Key: nat-hyd-flo-riv | Disaster Group: Natural | Disaster Subgroup: Hydrological | Disaster Type: Flood | Disaster Subtype: Riverine flood | External IDs: DFO:4360|DFO:4366|HANZE:1167|HANZE:274|HANZE:2841|HANZE:357|HANZE:41 | ISO: FRA | Country: France | Subregion: Western Europe | Region: Europe | Location: Yvelines, Paris districts (Ile-de-France province), Marne district (Champagne-Ardenne), Manche, Calvados districts (Basse-Normandie province), Orne, Eure, Seine-Maritime (Haute-Normandie province) | Origin: Heavy rains | Associated Types: Lightening|Slide (land, mud, snow, rock) | OFDA/BHA Response: No | Appeal: No | Declaration: No | Magnitude Scale: Km2 | River Basin: Seine, Loing, Loire, Yonne, Cher | Start Year: 2016 | Start Month: 5 | Start Day: 28 | End Year: 2016 | End Month: 6 | End Day: 21 | Total Deaths: 4 | No. Injured: 24 | Total Affected: 24 | Insured Damage ('000 US$): 1300000 | Insured Damage, Adjusted ('000 US$): 1743805 | Total Damage ('000 US$): 2400000 | Total Damage, Adjusted ('000 US$): 3219333 | CPI: 74.54960298643441 | Admin Units: [{""adm2_code"":16249,""adm2_name"":""Calvados""},{""adm2_code"":16250,""adm2_name"":""Manche""},{""adm2_code"":16251,""adm2_name"":""Orne""},{""adm2_code"":16269,""adm2_name"":""Marne""},{""adm2_code"":16276,""adm2_name"":""Eure""},{""adm2_code"":16277,""adm2_name"":""Seine-Maritime""},{""adm2_code"":16280,""adm2_name"":""Paris""},{""adm2_code"":16285,""adm2_name"":""Yvelines""}] | GADM Admin Units: [{""gid_2"":""FRA.6.6_1"",""migration_date"":""2025-12-20"",""migration_method"":""jaccard2"",""name_2"":""Marne""},{""gid_2"":""FRA.8.3_1"",""migration_date"":""2025-12-20"",""migration_method"":""jaccard2"",""name_2"":""Paris""},{""gid_2"":""FRA.8.8_1"",""migration_date"":""2025-12-20"",""migration_method"":""jaccard2"",""name_2"":""Yvelines""},{""gid_2"":""FRA.9.1_1"",""migration_date"":""2025-12-20"",""migration_method"":""jaccard2"",""name_2"":""Calvados""},{""gid_2"":""FRA.9.2_1"",""migration_date"":""2025-12-20"",""migration_method"":""jaccard2"",""name_2"":""Eure""},{""gid_2"":""FRA.9.3_1"",""migration_date"":""2025-12-20"",""migration_method"":""jaccard2"",""name_2"":""Manche""},{""gid_2"":""FRA.9.4_1"",""migration_date"":""2025-12-20"",""migration_method"":""jaccard2"",""name_2"":""Orne""},{""gid_2"":""FRA.9.5_1"",""migration_date"":""2025-12-20"",""migration_method"":""jaccard2"",""name_2"":""Seine-Maritime""}]";What was the total adjusted damage in thousands of US dollars for the flood that began on May 28, 2016 in France?;3219333;multi-attribute
kg_0009_1;kg_only;KG;emdat_wwa_alignment.xlsx;8;2016-0292-USA;United States of America;Flood;Flood (General);https://www.worldweatherattribution.org/louisiana-downpours-august-2016/;"event_id: 2016-0292-USA | Historic: No | Classification Key: nat-hyd-flo-flo | Disaster Group: Natural | Disaster Subgroup: Hydrological | Disaster Type: Flood | Disaster Subtype: Flood (General) | External IDs: DFO:4388|GLIDE:FL-2016-000145 | ISO: USA | Country: United States of America | Subregion: Northern America | Region: Americas | Location: Louisiana, Mississippi, Missouri, Illinois, Indiana; Allamakee, Clayton, Fayette, Howard, Winneshiek counties (Iowa) | Origin: Heavy rains | OFDA/BHA Response: No | Appeal: No | Declaration: Yes | Magnitude: 19554.02 | Magnitude Scale: Km2 | Latitude: 29.988 | Longitude: -91.8 | Start Year: 2016 | Start Month: 8 | Start Day: 9 | End Year: 2016 | End Month: 8 | End Day: 16 | Total Deaths: 13 | No. Affected: 70000 | Total Affected: 70000 | Insured Damage ('000 US$): 2500000 | Insured Damage, Adjusted ('000 US$): 3353472 | Total Damage ('000 US$): 10000000 | Total Damage, Adjusted ('000 US$): 13413888 | CPI: 74.54960298643441 | Admin Units: [{""adm1_code"":3227,""adm1_name"":""Illinois""},{""adm1_code"":3228,""adm1_name"":""Indiana""},{""adm1_code"":3232,""adm1_name"":""Louisiana""},{""adm1_code"":3238,""adm1_name"":""Mississippi""},{""adm1_code"":3239,""adm1_name"":""Missouri""}] | GADM Admin Units: [{""gid_1"":""USA.14_1"",""migration_date"":""2025-12-20"",""migration_method"":""jaccard1"",""name_1"":""Illinois""},{""gid_1"":""USA.15_1"",""migration_date"":""2025-12-20"",""migration_method"":""jaccard1"",""name_1"":""Indiana""},{""gid_1"":""USA.19_1"",""migration_date"":""2025-12-20"",""migration_method"":""jaccard1"",""name_1"":""Louisiana""},{""gid_1"":""USA.25_1"",""migration_date"":""2025-12-20"",""migration_method"":""jaccard1"",""name_1"":""Mississippi""},{""gid_1"":""USA.26_1"",""migration_date"":""2025-12-20"",""migration_method"":""jaccard1"",""name_1"":""Missouri""}]";How many deaths were reported for the flood that started on August 9, 2016 in the United States?;13;single-hop
kg_0009_2;kg_only;KG;emdat_wwa_alignment.xlsx;8;2016-0292-USA;United States of America;Flood;Flood (General);https://www.worldweatherattribution.org/louisiana-downpours-august-2016/;"event_id: 2016-0292-USA | Historic: No | Classification Key: nat-hyd-flo-flo | Disaster Group: Natural | Disaster Subgroup: Hydrological | Disaster Type: Flood | Disaster Subtype: Flood (General) | External IDs: DFO:4388|GLIDE:FL-2016-000145 | ISO: USA | Country: United States of America | Subregion: Northern America | Region: Americas | Location: Louisiana, Mississippi, Missouri, Illinois, Indiana; Allamakee, Clayton, Fayette, Howard, Winneshiek counties (Iowa) | Origin: Heavy rains | OFDA/BHA Response: No | Appeal: No | Declaration: Yes | Magnitude: 19554.02 | Magnitude Scale: Km2 | Latitude: 29.988 | Longitude: -91.8 | Start Year: 2016 | Start Month: 8 | Start Day: 9 | End Year: 2016 | End Month: 8 | End Day: 16 | Total Deaths: 13 | No. Affected: 70000 | Total Affected: 70000 | Insured Damage ('000 US$): 2500000 | Insured Damage, Adjusted ('000 US$): 3353472 | Total Damage ('000 US$): 10000000 | Total Damage, Adjusted ('000 US$): 13413888 | CPI: 74.54960298643441 | Admin Units: [{""adm1_code"":3227,""adm1_name"":""Illinois""},{""adm1_code"":3228,""adm1_name"":""Indiana""},{""adm1_code"":3232,""adm1_name"":""Louisiana""},{""adm1_code"":3238,""adm1_name"":""Mississippi""},{""adm1_code"":3239,""adm1_name"":""Missouri""}] | GADM Admin Units: [{""gid_1"":""USA.14_1"",""migration_date"":""2025-12-20"",""migration_method"":""jaccard1"",""name_1"":""Illinois""},{""gid_1"":""USA.15_1"",""migration_date"":""2025-12-20"",""migration_method"":""jaccard1"",""name_1"":""Indiana""},{""gid_1"":""USA.19_1"",""migration_date"":""2025-12-20"",""migration_method"":""jaccard1"",""name_1"":""Louisiana""},{""gid_1"":""USA.25_1"",""migration_date"":""2025-12-20"",""migration_method"":""jaccard1"",""name_1"":""Mississippi""},{""gid_1"":""USA.26_1"",""migration_date"":""2025-12-20"",""migration_method"":""jaccard1"",""name_1"":""Missouri""}]";What was the adjusted total damage in thousands of US dollars for the flood that affected Louisiana, Mississippi, Missouri, Illinois, and Indiana?;13413888;multi-attribute
kg_0010_1;kg_only;KG;emdat_wwa_alignment.xlsx;9;2016-9452-KEN;Kenya;Drought;Drought;https://www.worldweatherattribution.org/kenya-drought-2016/;event_id: 2016-9452-KEN | Historic: No | Classification Key: nat-cli-dro-dro | Disaster Group: Natural | Disaster Subgroup: Climatological | Disaster Type: Drought | Disaster Subtype: Drought | External IDs: GLIDE:DR-2016-000118 | ISO: KEN | Country: Kenya | Subregion: Sub-Saharan Africa | Region: Africa | Location: Kilifi, Kwale, Tana River, Taita Taveta districts (Coast province), Wajir, Mandera districts (North Eastern province), Marsabit, Makueni, Kitui districts (Eastern province), Samburu district (Rift Valley province), Lamu, Baringo, West Poko, Garissa, Tana river, Isiolo, Laikipia, Turkana, Taita Tavetan Makueni, Narok, Embu (Mbeere), Meru, Tharaka Nithi, Nyeri | Origin: Poor performance in the long-rain time period | Associated Types: Food shortage | OFDA/BHA Response: No | Appeal: No | Declaration: Yes | Magnitude Scale: Km2 | Start Year: 2016 | Start Month: 6 | End Year: 2018 | End Month: 1 | No. Affected: 3400000 | Total Affected: 3400000 | CPI: 74.54960298643441;Which country experienced the drought that began in June 2016 and ended in January 2018?;Kenya;single-hop
kg_0010_2;kg_only;KG;emdat_wwa_alignment.xlsx;9;2016-9452-KEN;Kenya;Drought;Drought;https://www.worldweatherattribution.org/kenya-drought-2016/;event_id: 2016-9452-KEN | Historic: No | Classification Key: nat-cli-dro-dro | Disaster Group: Natural | Disaster Subgroup: Climatological | Disaster Type: Drought | Disaster Subtype: Drought | External IDs: GLIDE:DR-2016-000118 | ISO: KEN | Country: Kenya | Subregion: Sub-Saharan Africa | Region: Africa | Location: Kilifi, Kwale, Tana River, Taita Taveta districts (Coast province), Wajir, Mandera districts (North Eastern province), Marsabit, Makueni, Kitui districts (Eastern province), Samburu district (Rift Valley province), Lamu, Baringo, West Poko, Garissa, Tana river, Isiolo, Laikipia, Turkana, Taita Tavetan Makueni, Narok, Embu (Mbeere), Meru, Tharaka Nithi, Nyeri | Origin: Poor performance in the long-rain time period | Associated Types: Food shortage | OFDA/BHA Response: No | Appeal: No | Declaration: Yes | Magnitude Scale: Km2 | Start Year: 2016 | Start Month: 6 | End Year: 2018 | End Month: 1 | No. Affected: 3400000 | Total Affected: 3400000 | CPI: 74.54960298643441;For how many months did the drought event last in Kenya, from its start in June 2016 to its end in January 2018?;19 months;multi-attribute
kg_0011_1;kg_only;KG;emdat_wwa_alignment.xlsx;10;2016-0179-DEU;Germany;Flood;Riverine flood;https://www.worldweatherattribution.org/european-rainstorms-may-2016/;"event_id: 2016-0179-DEU | Historic: No | Classification Key: nat-hyd-flo-riv | Disaster Group: Natural | Disaster Subgroup: Hydrological | Disaster Type: Flood | Disaster Subtype: Riverine flood | External IDs: DFO:4360|DFO:4366|HANZE:1167|HANZE:274|HANZE:2841|HANZE:357|HANZE:41 | ISO: DEU | Country: Germany | Subregion: Western Europe | Region: Europe | Location: Rems-Murr-Kreis, Heilbronn, Landkreis, Hohenlohekreis, Schwäbisch Hall, Ostalbkreis, Ulm, Stadtkreis, Regensburg, Kreisfreie Stadt, Cham, Regensburg, Landkreis, Ansbach, Kreisfreie Stadt, Ansbach, Landkreis, Neustadt a. d. Aisch-Bad Windsheim, Frankfurt am Main, Kreisfreie Stadt, Offenbach am Main, Kreisfreie Stadt, Wiesbaden, Kreisfreie Stadt, Main-Taunus-Kreis, Odenwaldkreis, Offenbach, Landkreis, Vogelsbergkreis, Euskirchen, Birkenfeld; Simbach am Inn, Triften, Tann, Regen cities (Niederbayern district, Bayern province) | Origin: Heavy rains | OFDA/BHA Response: No | Appeal: No | Declaration: No | Magnitude Scale: Km2 | Latitude: 48.407 | Longitude: 10.22 | Start Year: 2016 | Start Month: 5 | Start Day: 27 | End Year: 2016 | End Month: 6 | End Day: 7 | Total Deaths: 7 | Insured Damage ('000 US$): 830000 | Insured Damage, Adjusted ('000 US$): 1113353 | Total Damage ('000 US$): 2000000 | Total Damage, Adjusted ('000 US$): 2682778 | CPI: 74.54960298643441 | Admin Units: [{""adm2_code"":16531,""adm2_name"":""Niederbayern""}] | GADM Admin Units: [{""gid_2"":""DEU.2.22_1"",""migration_date"":""2025-12-20"",""migration_method"":""puzzle2_2"",""name_2"":""Deggendorf""},{""gid_2"":""DEU.2.24_1"",""migration_date"":""2025-12-20"",""migration_method"":""puzzle2_2"",""name_2"":""Dingolfing-Landau""},{""gid_2"":""DEU.2.34_1"",""migration_date"":""2025-12-20"",""migration_method"":""puzzle2_2"",""name_2"":""Freyung-Grafenau""},{""gid_2"":""DEU.2.44_1"",""migration_date"":""2025-12-20"",""migration_method"":""puzzle2_2"",""name_2"":""Kelheim""},{""gid_2"":""DEU.2.50_1"",""migration_date"":""2025-12-20"",""migration_method"":""puzzle2_2"",""name_2"":""Landshut (Kreisfreie Stadt)""},{""gid_2"":""DEU.2.51_1"",""migration_date"":""2025-12-20"",""migration_method"":""puzzle2_2"",""name_2"":""Landshut""},{""gid_2"":""DEU.2.70_1"",""migration_date"":""2025-12-20"",""migration_method"":""puzzle2_2"",""name_2"":""Passau (Kreisfreie Stadt)""},{""gid_2"":""DEU.2.71_1"",""migration_date"":""2025-12-20"",""migration_method"":""puzzle2_2"",""name_2"":""Passau""},{""gid_2"":""DEU.2.73_1"",""migration_date"":""2025-12-20"",""migration_method"":""puzzle2_2"",""name_2"":""Regen""},{""gid_2"":""DEU.2.80_1"",""migration_date"":""2025-12-20"",""migration_method"":""puzzle2_2"",""name_2"":""Rottal-Inn""},{""gid_2"":""DEU.2.86_1"",""migration_date"":""2025-12-20"",""migration_method"":""puzzle2_2"",""name_2"":""Straubing-Bogen""},{""gid_2"":""DEU.2.87_1"",""migration_date"":""2025-12-20"",""migration_method"":""puzzle2_2"",""name_2"":""Straubing""}]";What was the total damage amount reported for the 2016 flood in Germany in thousand US dollars?;2000000;single-hop
kg_0011_2;kg_only;KG;emdat_wwa_alignment.xlsx;10;2016-0179-DEU;Germany;Flood;Riverine flood;https://www.worldweatherattribution.org/european-rainstorms-may-2016/;"event_id: 2016-0179-DEU | Historic: No | Classification Key: nat-hyd-flo-riv | Disaster Group: Natural | Disaster Subgroup: Hydrological | Disaster Type: Flood | Disaster Subtype: Riverine flood | External IDs: DFO:4360|DFO:4366|HANZE:1167|HANZE:274|HANZE:2841|HANZE:357|HANZE:41 | ISO: DEU | Country: Germany | Subregion: Western Europe | Region: Europe | Location: Rems-Murr-Kreis, Heilbronn, Landkreis, Hohenlohekreis, Schwäbisch Hall, Ostalbkreis, Ulm, Stadtkreis, Regensburg, Kreisfreie Stadt, Cham, Regensburg, Landkreis, Ansbach, Kreisfreie Stadt, Ansbach, Landkreis, Neustadt a. d. Aisch-Bad Windsheim, Frankfurt am Main, Kreisfreie Stadt, Offenbach am Main, Kreisfreie Stadt, Wiesbaden, Kreisfreie Stadt, Main-Taunus-Kreis, Odenwaldkreis, Offenbach, Landkreis, Vogelsbergkreis, Euskirchen, Birkenfeld; Simbach am Inn, Triften, Tann, Regen cities (Niederbayern district, Bayern province) | Origin: Heavy rains | OFDA/BHA Response: No | Appeal: No | Declaration: No | Magnitude Scale: Km2 | Latitude: 48.407 | Longitude: 10.22 | Start Year: 2016 | Start Month: 5 | Start Day: 27 | End Year: 2016 | End Month: 6 | End Day: 7 | Total Deaths: 7 | Insured Damage ('000 US$): 830000 | Insured Damage, Adjusted ('000 US$): 1113353 | Total Damage ('000 US$): 2000000 | Total Damage, Adjusted ('000 US$): 2682778 | CPI: 74.54960298643441 | Admin Units: [{""adm2_code"":16531,""adm2_name"":""Niederbayern""}] | GADM Admin Units: [{""gid_2"":""DEU.2.22_1"",""migration_date"":""2025-12-20"",""migration_method"":""puzzle2_2"",""name_2"":""Deggendorf""},{""gid_2"":""DEU.2.24_1"",""migration_date"":""2025-12-20"",""migration_method"":""puzzle2_2"",""name_2"":""Dingolfing-Landau""},{""gid_2"":""DEU.2.34_1"",""migration_date"":""2025-12-20"",""migration_method"":""puzzle2_2"",""name_2"":""Freyung-Grafenau""},{""gid_2"":""DEU.2.44_1"",""migration_date"":""2025-12-20"",""migration_method"":""puzzle2_2"",""name_2"":""Kelheim""},{""gid_2"":""DEU.2.50_1"",""migration_date"":""2025-12-20"",""migration_method"":""puzzle2_2"",""name_2"":""Landshut (Kreisfreie Stadt)""},{""gid_2"":""DEU.2.51_1"",""migration_date"":""2025-12-20"",""migration_method"":""puzzle2_2"",""name_2"":""Landshut""},{""gid_2"":""DEU.2.70_1"",""migration_date"":""2025-12-20"",""migration_method"":""puzzle2_2"",""name_2"":""Passau (Kreisfreie Stadt)""},{""gid_2"":""DEU.2.71_1"",""migration_date"":""2025-12-20"",""migration_method"":""puzzle2_2"",""name_2"":""Passau""},{""gid_2"":""DEU.2.73_1"",""migration_date"":""2025-12-20"",""migration_method"":""puzzle2_2"",""name_2"":""Regen""},{""gid_2"":""DEU.2.80_1"",""migration_date"":""2025-12-20"",""migration_method"":""puzzle2_2"",""name_2"":""Rottal-Inn""},{""gid_2"":""DEU.2.86_1"",""migration_date"":""2025-12-20"",""migration_method"":""puzzle2_2"",""name_2"":""Straubing-Bogen""},{""gid_2"":""DEU.2.87_1"",""migration_date"":""2025-12-20"",""migration_method"":""puzzle2_2"",""name_2"":""Straubing""}]";How many days did the flood event in Germany last from its start date to its end date?;12 days;multi-attribute
kg_0012_1;kg_only;KG;emdat_wwa_alignment.xlsx;11;2017-0342-BGD;Bangladesh;Flood;Flood (General);https://www.worldweatherattribution.org/bangladesh-floods-august-2017/;"event_id: 2017-0342-BGD | Historic: No | Classification Key: nat-hyd-flo-flo | Disaster Group: Natural | Disaster Subgroup: Hydrological | Disaster Type: Flood | Disaster Subtype: Flood (General) | External IDs: GLIDE:FL-2017-000084 | ISO: BGD | Country: Bangladesh | Subregion: Southern Asia | Region: Asia | Location: Dinajpur, Kurigram, Lalmonirhat, Nilphamari, Chapainawabganj, Moulvibazar, Jessore, Sylhet, Gaibandha, Sunamganj, Mymensingh, Thakurgaon, Jamalpur, Joypurhat, Naogaon, Panchagarh, Bogra, Tangail, Rangamati, Comilla, Dhaka, Faridpur, Madaripur, Brahamanbaria, Munshiganj, Natore, Sirajganj, Rangpur, Sherpur, Netrakona, Chandpur, Rajshahi | Origin: Late monsoon rains | OFDA/BHA Response: No | Appeal: No | Declaration: No | Magnitude Scale: Km2 | River Basin: Brahmaputra-Jamuna, Meghna, Surma, Bhersa, Dahuk, Dharla, Dudhkumar, Ilish, Karotao, Mahananda, Maine, Punurvaba, Teesta, Tetulia river | Start Year: 2017 | Start Month: 8 | Start Day: 10 | End Year: 2017 | End Month: 8 | End Day: 31 | Total Deaths: 144 | No. Affected: 8000000 | Total Affected: 8000000 | Total Damage ('000 US$): 500000 | Total Damage, Adjusted ('000 US$): 656706 | CPI: 76.13760370577658 | Admin Units: [{""adm2_code"":5768,""adm2_name"":""Brahamanbaria""},{""adm2_code"":5769,""adm2_name"":""Chandpur""},{""adm2_code"":5771,""adm2_name"":""Comilla""},{""adm2_code"":5777,""adm2_name"":""Rangamati""},{""adm2_code"":5778,""adm2_name"":""Dhaka""},{""adm2_code"":5779,""adm2_name"":""Faridpur""},{""adm2_code"":5782,""adm2_name"":""Jamalpur""},{""adm2_code"":5784,""adm2_name"":""Madaripur""},{""adm2_code"":5785,""adm2_name"":""Manikganj""},{""adm2_code"":5786,""adm2_name"":""Munshiganj""},{""adm2_code"":5787,""adm2_name"":""Mymensingh""},{""adm2_code"":5791,""adm2_name"":""Rajbari""},{""adm2_code"":5794,""adm2_name"":""Tangail""},{""adm2_code"":5797,""adm2_name"":""Jessore""},{""adm2_code"":5822,""adm2_name"":""Maulvibazar""},{""adm2_code"":5823,""adm2_name"":""Sunamganj""},{""adm2_code"":5824,""adm2_name"":""Sylhet""},{""adm2_code"":5805,""adm2_name"":""Bogra""},{""adm2_code"":5808,""adm2_name"":""Joypurhat""},{""adm2_code"":5811,""adm2_name"":""Naogaon""},{""adm2_code"":5812,""adm2_name"":""Natore""},{""adm2_code"":5813,""adm2_name"":""Nawabganj""},{""adm2_code"":5817,""adm2_name"":""Rajshahi""},{""adm2_code"":5819,""adm2_name"":""Sirajganj""},{""adm2_code"":5806,""adm2_name"":""Dinajpur""},{""adm2_code"":5807,""adm2_name"":""Gaibandha""},{""adm2_code"":5809,""adm2_name"":""Kurigram""},{""adm2_code"":5810,""adm2_name"":""Lalmonirhat""},{""adm2_code"":5814,""adm2_name"":""Nilphamari""},{""adm2_code"":5816,""adm2_name"":""Panchagarh""},{""adm2_code"":5818,""adm2_name"":""Rangpur""},{""adm2_code"":5820,""adm2_name"":""Thakurgaon""}] | GADM Admin Units: [{""gid_2"":""BGD.2.11_1"",""migration_date"":""2025-12-20"",""migration_method"":""jaccard2"",""name_2"":""Rangamati""},{""gid_2"":""BGD.2.2_1"",""migration_date"":""2025-12-20"",""migration_method"":""jaccard2"",""name_2"":""Brahamanbaria""},{""gid_2"":""BGD.2.3_1"",""migration_date"":""2025-12-20"",""migration_method"":""jaccard2"",""name_2"":""Chandpur""},{""gid_2"":""BGD.2.5_1"",""migration_date"":""2025-12-20"",""migration_method"":""jaccard2"",""name_2"":""Comilla""},{""gid_2"":""BGD.3.14_1"",""migration_date"":""2025-12-20"",""migration_method"":""jaccard2"",""name_2"":""Rajbari""},{""gid_2"":""BGD.3.17_1"",""migration_date"":""2025-12-20"",""migration_method"":""jaccard2"",""name_2"":""Tangail""},{""gid_2"":""BGD.3.1_1"",""migration_date"":""2025-12-20"",""migration_method"":""jaccard2"",""name_2"":""Dhaka""},{""gid_2"":""BGD.3.2_1"",""migration_date"":""2025-12-20"",""migration_method"":""jaccard2"",""name_2"":""Faridpur""},{""gid_2"":""BGD.3.7_1"",""migration_date"":""2025-12-20"",""migration_method"":""jaccard2"",""name_2"":""Madaripur""},{""gid_2"":""BGD.3.8_1"",""migration_date"":""2025-12-20"",""migration_method"":""jaccard2"",""name_2"":""Manikganj""},{""gid_2"":""BGD.3.9_1"",""migration_date"":""2025-12-20"",""migration_method"":""jaccard2"",""name_2"":""Munshiganj""},{""gid_2"":""BGD.4.3_1"",""migration_date"":""2025-12-20"",""migration_method"":""jaccard2"",""name_2"":""Jessore""},{""gid_2"":""BGD.5.1_1"",""migration_date"":""2025-12-20"",""migration_method"":""jaccard2"",""name_2"":""Bogra""},{""gid_2"":""BGD.5.2_1"",""migration_date"":""2025-12-20"",""migration_method"":""jaccard2"",""name_2"":""Joypurhat""},{""gid_2"":""BGD.5.3_1"",""migration_date"":""2025-12-20"",""migration_method"":""jaccard2"",""name_2"":""Naogaon""},{""gid_2"":""BGD.5.4_1"",""migration_date"":""2025-12-20"",""migration_method"":""jaccard2"",""name_2"":""Natore""},{""gid_2"":""BGD.5.5_1"",""migration_date"":""2025-12-20"",""migration_method"":""jaccard2"",""name_2"":""Nawabganj""},{""gid_2"":""BGD.5.7_1"",""migration_date"":""2025-12-20"",""migration_method"":""jaccard2"",""name_2"":""Rajshahi""},{""gid_2"":""BGD.5.8_1"",""migration_date"":""2025-12-20"",""migration_method"":""jaccard2"",""name_2"":""Sirajganj""},{""gid_2"":""BGD.6.1_1"",""migration_date"":""2025-12-20"",""migration_method"":""jaccard2"",""name_2"":""Dinajpur""},{""gid_2"":""BGD.6.2_1"",""migration_date"":""2025-12-20"",""migration_method"":""jaccard2"",""name_2"":""Gaibandha""},{""gid_2"":""BGD.6.3_1"",""migration_date"":""2025-12-20"",""migration_method"":""jaccard2"",""name_2"":""Kurigram""},{""gid_2"":""BGD.6.4_1"",""migration_date"":""2025-12-20"",""migration_method"":""jaccard2"",""name_2"":""Lalmonirhat""},{""gid_2"":""BGD.6.5_1"",""migration_date"":""2025-12-20"",""migration_method"":""jaccard2"",""name_2"":""Nilphamari""},{""gid_2"":""BGD.6.6_1"",""migration_date"":""2025-12-20"",""migration_method"":""jaccard2"",""name_2"":""Panchagarh""},{""gid_2"":""BGD.6.7_1"",""migration_date"":""2025-12-20"",""migration_method"":""jaccard2"",""name_2"":""Rangpur""},{""gid_2"":""BGD.6.8_1"",""migration_date"":""2025-12-20"",""migration_method"":""jaccard2"",""name_2"":""Thakurgaon""},{""gid_2"":""BGD.7.2_1"",""migration_date"":""2025-12-20"",""migration_method"":""jaccard2"",""name_2"":""Maulvibazar""},{""gid_2"":""BGD.7.3_1"",""migration_date"":""2025-12-20"",""migration_method"":""jaccard2"",""name_2"":""Sunamganj""},{""gid_2"":""BGD.7.4_1"",""migration_date"":""2025-12-20"",""migration_method"":""jaccard2"",""name_2"":""Sylhet""},{""gid_2"":""BGD.8.10_1"",""migration_date"":""2025-12-20"",""migration_method"":""jaccard2"",""name_2"":""Mymensingh""},{""gid_2"":""BGD.8.5_1"",""migration_date"":""2025-12-20"",""migration_method"":""jaccard2"",""name_2"":""Jamalpur""}]";What was the total number of deaths caused by the flood that began on August 10, 2017 in Bangladesh?;144;single-hop
kg_0012_2;kg_only;KG;emdat_wwa_alignment.xlsx;11;2017-0342-BGD;Bangladesh;Flood;Flood (General);https://www.worldweatherattribution.org/bangladesh-floods-august-2017/;"event_id: 2017-0342-BGD | Historic: No | Classification Key: nat-hyd-flo-flo | Disaster Group: Natural | Disaster Subgroup: Hydrological | Disaster Type: Flood | Disaster Subtype: Flood (General) | External IDs: GLIDE:FL-2017-000084 | ISO: BGD | Country: Bangladesh | Subregion: Southern Asia | Region: Asia | Location: Dinajpur, Kurigram, Lalmonirhat, Nilphamari, Chapainawabganj, Moulvibazar, Jessore, Sylhet, Gaibandha, Sunamganj, Mymensingh, Thakurgaon, Jamalpur, Joypurhat, Naogaon, Panchagarh, Bogra, Tangail, Rangamati, Comilla, Dhaka, Faridpur, Madaripur, Brahamanbaria, Munshiganj, Natore, Sirajganj, Rangpur, Sherpur, Netrakona, Chandpur, Rajshahi | Origin: Late monsoon rains | OFDA/BHA Response: No | Appeal: No | Declaration: No | Magnitude Scale: Km2 | River Basin: Brahmaputra-Jamuna, Meghna, Surma, Bhersa, Dahuk, Dharla, Dudhkumar, Ilish, Karotao, Mahananda, Maine, Punurvaba, Teesta, Tetulia river | Start Year: 2017 | Start Month: 8 | Start Day: 10 | End Year: 2017 | End Month: 8 | End Day: 31 | Total Deaths: 144 | No. Affected: 8000000 | Total Affected: 8000000 | Total Damage ('000 US$): 500000 | Total Damage, Adjusted ('000 US$): 656706 | CPI: 76.13760370577658 | Admin Units: [{""adm2_code"":5768,""adm2_name"":""Brahamanbaria""},{""adm2_code"":5769,""adm2_name"":""Chandpur""},{""adm2_code"":5771,""adm2_name"":""Comilla""},{""adm2_code"":5777,""adm2_name"":""Rangamati""},{""adm2_code"":5778,""adm2_name"":""Dhaka""},{""adm2_code"":5779,""adm2_name"":""Faridpur""},{""adm2_code"":5782,""adm2_name"":""Jamalpur""},{""adm2_code"":5784,""adm2_name"":""Madaripur""},{""adm2_code"":5785,""adm2_name"":""Manikganj""},{""adm2_code"":5786,""adm2_name"":""Munshiganj""},{""adm2_code"":5787,""adm2_name"":""Mymensingh""},{""adm2_code"":5791,""adm2_name"":""Rajbari""},{""adm2_code"":5794,""adm2_name"":""Tangail""},{""adm2_code"":5797,""adm2_name"":""Jessore""},{""adm2_code"":5822,""adm2_name"":""Maulvibazar""},{""adm2_code"":5823,""adm2_name"":""Sunamganj""},{""adm2_code"":5824,""adm2_name"":""Sylhet""},{""adm2_code"":5805,""adm2_name"":""Bogra""},{""adm2_code"":5808,""adm2_name"":""Joypurhat""},{""adm2_code"":5811,""adm2_name"":""Naogaon""},{""adm2_code"":5812,""adm2_name"":""Natore""},{""adm2_code"":5813,""adm2_name"":""Nawabganj""},{""adm2_code"":5817,""adm2_name"":""Rajshahi""},{""adm2_code"":5819,""adm2_name"":""Sirajganj""},{""adm2_code"":5806,""adm2_name"":""Dinajpur""},{""adm2_code"":5807,""adm2_name"":""Gaibandha""},{""adm2_code"":5809,""adm2_name"":""Kurigram""},{""adm2_code"":5810,""adm2_name"":""Lalmonirhat""},{""adm2_code"":5814,""adm2_name"":""Nilphamari""},{""adm2_code"":5816,""adm2_name"":""Panchagarh""},{""adm2_code"":5818,""adm2_name"":""Rangpur""},{""adm2_code"":5820,""adm2_name"":""Thakurgaon""}] | GADM Admin Units: [{""gid_2"":""BGD.2.11_1"",""migration_date"":""2025-12-20"",""migration_method"":""jaccard2"",""name_2"":""Rangamati""},{""gid_2"":""BGD.2.2_1"",""migration_date"":""2025-12-20"",""migration_method"":""jaccard2"",""name_2"":""Brahamanbaria""},{""gid_2"":""BGD.2.3_1"",""migration_date"":""2025-12-20"",""migration_method"":""jaccard2"",""name_2"":""Chandpur""},{""gid_2"":""BGD.2.5_1"",""migration_date"":""2025-12-20"",""migration_method"":""jaccard2"",""name_2"":""Comilla""},{""gid_2"":""BGD.3.14_1"",""migration_date"":""2025-12-20"",""migration_method"":""jaccard2"",""name_2"":""Rajbari""},{""gid_2"":""BGD.3.17_1"",""migration_date"":""2025-12-20"",""migration_method"":""jaccard2"",""name_2"":""Tangail""},{""gid_2"":""BGD.3.1_1"",""migration_date"":""2025-12-20"",""migration_method"":""jaccard2"",""name_2"":""Dhaka""},{""gid_2"":""BGD.3.2_1"",""migration_date"":""2025-12-20"",""migration_method"":""jaccard2"",""name_2"":""Faridpur""},{""gid_2"":""BGD.3.7_1"",""migration_date"":""2025-12-20"",""migration_method"":""jaccard2"",""name_2"":""Madaripur""},{""gid_2"":""BGD.3.8_1"",""migration_date"":""2025-12-20"",""migration_method"":""jaccard2"",""name_2"":""Manikganj""},{""gid_2"":""BGD.3.9_1"",""migration_date"":""2025-12-20"",""migration_method"":""jaccard2"",""name_2"":""Munshiganj""},{""gid_2"":""BGD.4.3_1"",""migration_date"":""2025-12-20"",""migration_method"":""jaccard2"",""name_2"":""Jessore""},{""gid_2"":""BGD.5.1_1"",""migration_date"":""2025-12-20"",""migration_method"":""jaccard2"",""name_2"":""Bogra""},{""gid_2"":""BGD.5.2_1"",""migration_date"":""2025-12-20"",""migration_method"":""jaccard2"",""name_2"":""Joypurhat""},{""gid_2"":""BGD.5.3_1"",""migration_date"":""2025-12-20"",""migration_method"":""jaccard2"",""name_2"":""Naogaon""},{""gid_2"":""BGD.5.4_1"",""migration_date"":""2025-12-20"",""migration_method"":""jaccard2"",""name_2"":""Natore""},{""gid_2"":""BGD.5.5_1"",""migration_date"":""2025-12-20"",""migration_method"":""jaccard2"",""name_2"":""Nawabganj""},{""gid_2"":""BGD.5.7_1"",""migration_date"":""2025-12-20"",""migration_method"":""jaccard2"",""name_2"":""Rajshahi""},{""gid_2"":""BGD.5.8_1"",""migration_date"":""2025-12-20"",""migration_method"":""jaccard2"",""name_2"":""Sirajganj""},{""gid_2"":""BGD.6.1_1"",""migration_date"":""2025-12-20"",""migration_method"":""jaccard2"",""name_2"":""Dinajpur""},{""gid_2"":""BGD.6.2_1"",""migration_date"":""2025-12-20"",""migration_method"":""jaccard2"",""name_2"":""Gaibandha""},{""gid_2"":""BGD.6.3_1"",""migration_date"":""2025-12-20"",""migration_method"":""jaccard2"",""name_2"":""Kurigram""},{""gid_2"":""BGD.6.4_1"",""migration_date"":""2025-12-20"",""migration_method"":""jaccard2"",""name_2"":""Lalmonirhat""},{""gid_2"":""BGD.6.5_1"",""migration_date"":""2025-12-20"",""migration_method"":""jaccard2"",""name_2"":""Nilphamari""},{""gid_2"":""BGD.6.6_1"",""migration_date"":""2025-12-20"",""migration_method"":""jaccard2"",""name_2"":""Panchagarh""},{""gid_2"":""BGD.6.7_1"",""migration_date"":""2025-12-20"",""migration_method"":""jaccard2"",""name_2"":""Rangpur""},{""gid_2"":""BGD.6.8_1"",""migration_date"":""2025-12-20"",""migration_method"":""jaccard2"",""name_2"":""Thakurgaon""},{""gid_2"":""BGD.7.2_1"",""migration_date"":""2025-12-20"",""migration_method"":""jaccard2"",""name_2"":""Maulvibazar""},{""gid_2"":""BGD.7.3_1"",""migration_date"":""2025-12-20"",""migration_method"":""jaccard2"",""name_2"":""Sunamganj""},{""gid_2"":""BGD.7.4_1"",""migration_date"":""2025-12-20"",""migration_method"":""jaccard2"",""name_2"":""Sylhet""},{""gid_2"":""BGD.8.10_1"",""migration_date"":""2025-12-20"",""migration_method"":""jaccard2"",""name_2"":""Mymensingh""},{""gid_2"":""BGD.8.5_1"",""migration_date"":""2025-12-20"",""migration_method"":""jaccard2"",""name_2"":""Jamalpur""}]";How many second-level administrative units are listed for the flood that began on August 10, 2017 in Bangladesh?;32;multi-attribute
kg_0013_1;kg_only;KG;emdat_wwa_alignment.xlsx;12;2017-0072-AUS;Australia;Wildfire;Wildfire (General);https://www.worldweatherattribution.org/extreme-heat-australia-february-2017/;"event_id: 2017-0072-AUS | Historic: No | Classification Key: nat-cli-wil-wil | Disaster Group: Natural | Disaster Subgroup: Climatological | Disaster Type: Wildfire | Disaster Subtype: Wildfire (General) | Event Name: Sir Ivan fire | ISO: AUS | Country: Australia | Subregion: Australia and New Zealand | Region: Oceania | Location: New South Wales states (Dunedoo, Uarbry, Pappinbarra, Dondingalong, Kempsey, Boggabri, Narrabri, Mudgee) | Associated Types: Heat wave | OFDA/BHA Response: No | Appeal: No | Declaration: No | Magnitude: 59000 | Magnitude Scale: Km2 | Start Year: 2017 | Start Month: 2 | Start Day: 9 | End Year: 2017 | End Month: 2 | End Day: 13 | No. Injured: 2 | No. Affected: 27 | No. Homeless: 114 | Total Affected: 143 | Insured Damage ('000 US$): 15000 | Insured Damage, Adjusted ('000 US$): 19701 | Total Damage ('000 US$): 20000 | Total Damage, Adjusted ('000 US$): 26268 | CPI: 76.13760370577658 | Admin Units: [{""adm2_code"":5016,""adm2_name"":""Port Macquarie-Hastings (A)""},{""adm2_code"":5028,""adm2_name"":""Kempsey (A)""},{""adm2_code"":5056,""adm2_name"":""Narrabri (A)""},{""adm2_code"":154632,""adm2_name"":""Mid-Western Regional (A)""},{""adm2_code"":154642,""adm2_name"":""Warrumbungle Shire (A)""}] | GADM Admin Units: [{""gid_2"":""AUS.5.109_1"",""migration_date"":""2025-12-20"",""migration_method"":""jaccard2"",""name_2"":""Port Macquarie-Hastings""},{""gid_2"":""AUS.5.141_1"",""migration_date"":""2025-12-20"",""migration_method"":""jaccard2"",""name_2"":""Warrumbungle""},{""gid_2"":""AUS.5.72_1"",""migration_date"":""2025-12-20"",""migration_method"":""jaccard2"",""name_2"":""Kempsey""},{""gid_2"":""AUS.5.90_1"",""migration_date"":""2025-12-20"",""migration_method"":""jaccard2"",""name_2"":""Mid-Western Regional""},{""gid_2"":""AUS.5.97_1"",""migration_date"":""2025-12-20"",""migration_method"":""jaccard2"",""name_2"":""Narrabri""}]";What was the magnitude of the Sir Ivan fire measured in square kilometers?;59000 km2;single-hop
kg_0013_2;kg_only;KG;emdat_wwa_alignment.xlsx;12;2017-0072-AUS;Australia;Wildfire;Wildfire (General);https://www.worldweatherattribution.org/extreme-heat-australia-february-2017/;"event_id: 2017-0072-AUS | Historic: No | Classification Key: nat-cli-wil-wil | Disaster Group: Natural | Disaster Subgroup: Climatological | Disaster Type: Wildfire | Disaster Subtype: Wildfire (General) | Event Name: Sir Ivan fire | ISO: AUS | Country: Australia | Subregion: Australia and New Zealand | Region: Oceania | Location: New South Wales states (Dunedoo, Uarbry, Pappinbarra, Dondingalong, Kempsey, Boggabri, Narrabri, Mudgee) | Associated Types: Heat wave | OFDA/BHA Response: No | Appeal: No | Declaration: No | Magnitude: 59000 | Magnitude Scale: Km2 | Start Year: 2017 | Start Month: 2 | Start Day: 9 | End Year: 2017 | End Month: 2 | End Day: 13 | No. Injured: 2 | No. Affected: 27 | No. Homeless: 114 | Total Affected: 143 | Insured Damage ('000 US$): 15000 | Insured Damage, Adjusted ('000 US$): 19701 | Total Damage ('000 US$): 20000 | Total Damage, Adjusted ('000 US$): 26268 | CPI: 76.13760370577658 | Admin Units: [{""adm2_code"":5016,""adm2_name"":""Port Macquarie-Hastings (A)""},{""adm2_code"":5028,""adm2_name"":""Kempsey (A)""},{""adm2_code"":5056,""adm2_name"":""Narrabri (A)""},{""adm2_code"":154632,""adm2_name"":""Mid-Western Regional (A)""},{""adm2_code"":154642,""adm2_name"":""Warrumbungle Shire (A)""}] | GADM Admin Units: [{""gid_2"":""AUS.5.109_1"",""migration_date"":""2025-12-20"",""migration_method"":""jaccard2"",""name_2"":""Port Macquarie-Hastings""},{""gid_2"":""AUS.5.141_1"",""migration_date"":""2025-12-20"",""migration_method"":""jaccard2"",""name_2"":""Warrumbungle""},{""gid_2"":""AUS.5.72_1"",""migration_date"":""2025-12-20"",""migration_method"":""jaccard2"",""name_2"":""Kempsey""},{""gid_2"":""AUS.5.90_1"",""migration_date"":""2025-12-20"",""migration_method"":""jaccard2"",""name_2"":""Mid-Western Regional""},{""gid_2"":""AUS.5.97_1"",""migration_date"":""2025-12-20"",""migration_method"":""jaccard2"",""name_2"":""Narrabri""}]";How many people were reported as homeless due to the Sir Ivan fire?;114;single-hop
kg_0014_1;kg_only;KG;emdat_wwa_alignment.xlsx;13;2017-0176-PRT;Portugal;Wildfire;Forest fire;https://www.worldweatherattribution.org/european-heat-june-2017/;"event_id: 2017-0176-PRT | Historic: No | Classification Key: nat-cli-wil-for | Disaster Group: Natural | Disaster Subgroup: Climatological | Disaster Type: Wildfire | Disaster Subtype: Forest fire | External IDs: GLIDE:WF-2017-000073 | ISO: PRT | Country: Portugal | Subregion: Southern Europe | Region: Europe | Location: Pedrogao Grande (Leiria),Figueiro dos Vinhos, Nodeirinho, Castanheira de Pera; Coimbra district (Gois, Pampilhosa da Serra, Arganil) | Origin: Dry conditions, high temperatures (40°C), lightning | Associated Types: Drought|Heat wave | OFDA/BHA Response: No | Appeal: No | Declaration: No | Magnitude: 300 | Magnitude Scale: Km2 | Start Year: 2017 | Start Month: 6 | Start Day: 17 | End Year: 2017 | End Month: 6 | End Day: 21 | Total Deaths: 64 | No. Injured: 204 | No. Affected: 500 | Total Affected: 704 | Reconstruction Costs ('000 US$): 565000 | Reconstruction Costs, Adjusted ('000 US$): 742077 | Insured Damage ('000 US$): 19000 | Insured Damage, Adjusted ('000 US$): 24955 | Total Damage ('000 US$): 232000 | Total Damage, Adjusted ('000 US$): 304711 | CPI: 76.13760370577658 | Admin Units: [{""adm2_code"":24727,""adm2_name"":""Arganil""},{""adm2_code"":24732,""adm2_name"":""Gois""},{""adm2_code"":24738,""adm2_name"":""Pampilhosa Da Serra""},{""adm2_code"":24814,""adm2_name"":""Castanheira De Pera""},{""adm2_code"":24815,""adm2_name"":""Figueiro Dos Vinhos""},{""adm2_code"":24820,""adm2_name"":""Pedrogao Grande""}] | GADM Admin Units: [{""gid_2"":""PRT.11.13_1"",""migration_date"":""2025-12-20"",""migration_method"":""jaccard2"",""name_2"":""Pedrógão Grande""},{""gid_2"":""PRT.11.7_1"",""migration_date"":""2025-12-20"",""migration_method"":""jaccard2"",""name_2"":""Castanheira de Pêra""},{""gid_2"":""PRT.11.8_1"",""migration_date"":""2025-12-20"",""migration_method"":""jaccard2"",""name_2"":""Figueiró dos Vinhos""},{""gid_2"":""PRT.7.12_1"",""migration_date"":""2025-12-20"",""migration_method"":""jaccard2"",""name_2"":""Pampilhosa da Serra""},{""gid_2"":""PRT.7.1_1"",""migration_date"":""2025-12-20"",""migration_method"":""jaccard2"",""name_2"":""Arganil""},{""gid_2"":""PRT.7.6_1"",""migration_date"":""2025-12-20"",""migration_method"":""jaccard2"",""name_2"":""Góis""}]";How many people died as a result of the wildfire that started on 17 June 2017 in Portugal?;64;single-hop
kg_0014_2;kg_only;KG;emdat_wwa_alignment.xlsx;13;2017-0176-PRT;Portugal;Wildfire;Forest fire;https://www.worldweatherattribution.org/european-heat-june-2017/;"event_id: 2017-0176-PRT | Historic: No | Classification Key: nat-cli-wil-for | Disaster Group: Natural | Disaster Subgroup: Climatological | Disaster Type: Wildfire | Disaster Subtype: Forest fire | External IDs: GLIDE:WF-2017-000073 | ISO: PRT | Country: Portugal | Subregion: Southern Europe | Region: Europe | Location: Pedrogao Grande (Leiria),Figueiro dos Vinhos, Nodeirinho, Castanheira de Pera; Coimbra district (Gois, Pampilhosa da Serra, Arganil) | Origin: Dry conditions, high temperatures (40°C), lightning | Associated Types: Drought|Heat wave | OFDA/BHA Response: No | Appeal: No | Declaration: No | Magnitude: 300 | Magnitude Scale: Km2 | Start Year: 2017 | Start Month: 6 | Start Day: 17 | End Year: 2017 | End Month: 6 | End Day: 21 | Total Deaths: 64 | No. Injured: 204 | No. Affected: 500 | Total Affected: 704 | Reconstruction Costs ('000 US$): 565000 | Reconstruction Costs, Adjusted ('000 US$): 742077 | Insured Damage ('000 US$): 19000 | Insured Damage, Adjusted ('000 US$): 24955 | Total Damage ('000 US$): 232000 | Total Damage, Adjusted ('000 US$): 304711 | CPI: 76.13760370577658 | Admin Units: [{""adm2_code"":24727,""adm2_name"":""Arganil""},{""adm2_code"":24732,""adm2_name"":""Gois""},{""adm2_code"":24738,""adm2_name"":""Pampilhosa Da Serra""},{""adm2_code"":24814,""adm2_name"":""Castanheira De Pera""},{""adm2_code"":24815,""adm2_name"":""Figueiro Dos Vinhos""},{""adm2_code"":24820,""adm2_name"":""Pedrogao Grande""}] | GADM Admin Units: [{""gid_2"":""PRT.11.13_1"",""migration_date"":""2025-12-20"",""migration_method"":""jaccard2"",""name_2"":""Pedrógão Grande""},{""gid_2"":""PRT.11.7_1"",""migration_date"":""2025-12-20"",""migration_method"":""jaccard2"",""name_2"":""Castanheira de Pêra""},{""gid_2"":""PRT.11.8_1"",""migration_date"":""2025-12-20"",""migration_method"":""jaccard2"",""name_2"":""Figueiró dos Vinhos""},{""gid_2"":""PRT.7.12_1"",""migration_date"":""2025-12-20"",""migration_method"":""jaccard2"",""name_2"":""Pampilhosa da Serra""},{""gid_2"":""PRT.7.1_1"",""migration_date"":""2025-12-20"",""migration_method"":""jaccard2"",""name_2"":""Arganil""},{""gid_2"":""PRT.7.6_1"",""migration_date"":""2025-12-20"",""migration_method"":""jaccard2"",""name_2"":""Góis""}]";What associated weather phenomena were linked to the 2017 wildfire in Portugal?;Drought and Heat wave;multi-attribute
kg_0015_1;kg_only;KG;emdat_wwa_alignment.xlsx;14;2017-0362-USA;United States of America;Storm;Tropical cyclone;https://www.worldweatherattribution.org/hurricane-harvey-august-2017/;"event_id: 2017-0362-USA | Historic: No | Classification Key: nat-met-sto-tro | Disaster Group: Natural | Disaster Subgroup: Meteorological | Disaster Type: Storm | Disaster Subtype: Tropical cyclone | External IDs: GLIDE:TC-2017-000123 | Event Name: Hurricane Harvey | ISO: USA | Country: United States of America | Subregion: Northern America | Region: Americas | Location: Eastern Texas (Rockport, Corpus Chrsti, Port Lavaca, Cypress area of Houston, Houston metro area, Beaumont, Port Arthur, Angelina, Aransas, Atascosa, Austin, Bastrop, Bee, Bexar, Brazoria, Brazos, Burleson, Caldwell, Calhoun, Cameron, Chambers, Colorado, Comal, DeWitt, Fayette, Fort Bend, Galveston, Goliad, Gonzales, Grimes, Guadalupe, Hardin, Harris, Jackson, Jasper, Jefferson, Jim Wells, Karnes, Kerr, Kleberg, Lavaca, Lee, Leon, Liberty, Live Oak, Madison, Matagorda, Montgomery, Newton, Nueces, Orange, Polk, Refugio, Sabine, San Jacinto, San Patricio, Trinity, Tyler, Victoria, Walker, Waller, Washington, Wharton, Willacy, Wilson, San Augustine), Southwestern Louisiana (Acadia, Forrest, Iberia, Lafayette, Vernon, Beauregard, Calcasieu, Cameron (Hackberry), Jefferson Davis, Vermillion, Allen, Natchitoches, Rapides, Sabine) | Associated Types: Flood|Oil spill | OFDA/BHA Response: No | Appeal: No | Declaration: Yes | Magnitude: 215 | Magnitude Scale: Kph | River Basin: Sabine River, Brazos River, Navidad River, San Bernard River, San Jacinto River, Trinity River, Clear Creek, Cypress Creek, Davidson Creek, Lake Creek, Menard Creek, Peach Creek, and Buffalo Bayou while the Colorado River, Guadalupe River, Lavaca River, Tres Palacios River, Bedias Creek, Caney Creek, Garcitas Creek, Sandies Creek, Sandy Creek, Spring Creek, Brays Bayou, White Oak Bayou, Greens Bayou | Start Year: 2017 | Start Month: 8 | Start Day: 25 | End Year: 2017 | End Month: 8 | End Day: 29 | Total Deaths: 88 | No. Injured: 24 | No. Affected: 555000 | No. Homeless: 27000 | Total Affected: 582024 | Insured Damage ('000 US$): 30000000 | Insured Damage, Adjusted ('000 US$): 39402343 | Total Damage ('000 US$): 95000000 | Total Damage, Adjusted ('000 US$): 124774087 | CPI: 76.13760370577658 | Admin Units: [{""adm2_code"":29791,""adm2_name"":""Acadia""},{""adm2_code"":29792,""adm2_name"":""Allen""},{""adm2_code"":29796,""adm2_name"":""Beauregard""},{""adm2_code"":29800,""adm2_name"":""Calcasieu""},{""adm2_code"":29802,""adm2_name"":""Cameron""},{""adm2_code"":29813,""adm2_name"":""Iberia""},{""adm2_code"":29817,""adm2_name"":""Jefferson Davis""},{""adm2_code"":29819,""adm2_name"":""Lafayette""},{""adm2_code"":29825,""adm2_name"":""Natchitoches""},{""adm2_code"":29830,""adm2_name"":""Rapides""},{""adm2_code"":29833,""adm2_name"":""Sabine""},{""adm2_code"":29847,""adm2_name"":""Vermilion""},{""adm2_code"":29848,""adm2_name"":""Vernon""},{""adm2_code"":30096,""adm2_name"":""Forrest""},{""adm2_code"":31202,""adm2_name"":""Angelina""},{""adm2_code"":31203,""adm2_name"":""Aransas""},{""adm2_code"":31206,""adm2_name"":""Atascosa""},{""adm2_code"":31207,""adm2_name"":""Austin""},{""adm2_code"":31210,""adm2_name"":""Bastrop""},{""adm2_code"":31212,""adm2_name"":""Bee""},{""adm2_code"":31214,""adm2_name"":""Bexar""},{""adm2_code"":31219,""adm2_name"":""Brazoria""},{""adm2_code"":31220,""adm2_name"":""Brazos""},{""adm2_code"":31225,""adm2_name"":""Burleson""},{""adm2_code"":31227,""adm2_name"":""Caldwell""},{""adm2_code"":31228,""adm2_name"":""Calhoun""},{""adm2_code"":31230,""adm2_name"":""Cameron""},{""adm2_code"":31235,""adm2_name"":""Chambers""},{""adm2_code"":31244,""adm2_name"":""Colorado""},{""adm2_code"":31245,""adm2_name"":""Comal""},{""adm2_code"":31261,""adm2_name"":""DeWitt""},{""adm2_code"":31274,""adm2_name"":""Fayette""},{""adm2_code"":31278,""adm2_name"":""Fort Bend""},{""adm2_code"":31283,""adm2_name"":""Galveston""},{""adm2_code"":31287,""adm2_name"":""Goliad""},{""adm2_code"":31288,""adm2_name"":""Gonzales""},{""adm2_code"":31292,""adm2_name"":""Grimes""},{""adm2_code"":31293,""adm2_name"":""Guadalupe""},{""adm2_code"":31299,""adm2_name"":""Hardin""},{""adm2_code"":31300,""adm2_name"":""Harris""},{""adm2_code"":31319,""adm2_name"":""Jackson""},{""adm2_code"":31320,""adm2_name"":""Jasper""},{""adm2_code"":31322,""adm2_name"":""Jefferson""},{""adm2_code"":31324,""adm2_name"":""Jim Wells""},{""adm2_code"":31327,""adm2_name"":""Karnes""},{""adm2_code"":31332,""adm2_name"":""Kerr""},{""adm2_code"":31336,""adm2_name"":""Kleberg""},{""adm2_code"":31342,""adm2_name"":""Lavaca""},{""adm2_code"":31343,""adm2_name"":""Lee""},{""adm2_code"":31344,""adm2_name"":""Leon""},{""adm2_code"":31345,""adm2_name"":""Liberty""},{""adm2_code"":31348,""adm2_name"":""Live Oak""},{""adm2_code"":31353,""adm2_name"":""Madison""},{""adm2_code"":31357,""adm2_name"":""Matagorda""},{""adm2_code"":31369,""adm2_name"":""Montgomery""},{""adm2_code"":31375,""adm2_name"":""Newton""},{""adm2_code"":31377,""adm2_name"":""Nueces""},{""adm2_code"":31380,""adm2_name"":""Orange""},{""adm2_code"":31386,""adm2_name"":""Polk""},{""adm2_code"":31395,""adm2_name"":""Refugio""},{""adm2_code"":31401,""adm2_name"":""Sabine""},{""adm2_code"":31403,""adm2_name"":""San Jacinto""},{""adm2_code"":31404,""adm2_name"":""San Patricio""},{""adm2_code"":31427,""adm2_name"":""Trinity""},{""adm2_code"":31428,""adm2_name"":""Tyler""},{""adm2_code"":31434,""adm2_name"":""Victoria""},{""adm2_code"":31435,""adm2_name"":""Walker""},{""adm2_code"":31436,""adm2_name"":""Waller""},{""adm2_code"":31438,""adm2_name"":""Washington""},{""adm2_code"":31440,""adm2_name"":""Wharton""},{""adm2_code"":31444,""adm2_name"":""Willacy""},{""adm2_code"":31446,""adm2_name"":""Wilson""}] | GADM Admin Units: [{""gid_2"":""USA.19.10_1"",""migration_date"":""2025-12-20"",""migration_method"":""jaccard2"",""name_2"":""Calcasieu""},{""gid_2"":""USA.19.12_1"",""migration_date"":""2025-12-20"",""migration_method"":""jaccard2"",""name_2"":""Cameron""},{""gid_2"":""USA.19.1_1"",""migration_date"":""2025-12-20"",""migration_method"":""jaccard2"",""name_2"":""Acadia""},{""gid_2"":""USA.19.23_1"",""migration_date"":""2025-12-20"",""migration_method"":""jaccard2"",""name_2"":""Iberia""},{""gid_2"":""USA.19.27_1"",""migration_date"":""2025-12-20"",""migration_method"":""jaccard2"",""name_2"":""Jefferson Davis""},{""gid_2"":""USA.19.29_1"",""migration_date"":""2025-12-20"",""migration_method"":""jaccard2"",""name_2"":""Lafayette""},{""gid_2"":""USA.19.2_1"",""migration_date"":""2025-12-20"",""migration_method"":""jaccard2"",""name_2"":""Allen""},{""gid_2"":""USA.19.35_1"",""migration_date"":""2025-12-20"",""migration_method"":""jaccard2"",""name_2"":""Natchitoches""},{""gid_2"":""USA.19.40_1"",""migration_date"":""2025-12-20"",""migration_method"":""jaccard2"",""name_2"":""Rapides""},{""gid_2"":""USA.19.43_1"",""migration_date"":""2025-12-20"",""migration_method"":""jaccard2"",""name_2"":""Sabine""},{""gid_2"":""USA.19.57_1"",""migration_date"":""2025-12-20"",""migration_method"":""jaccard2"",""name_2"":""Vermilion""},{""gid_2"":""USA.19.58_1"",""migration_date"":""2025-12-20"",""migration_method"":""jaccard2"",""name_2"":""Vernon""},{""gid_2"":""USA.19.6_1"",""migration_date"":""2025-12-20"",""migration_method"":""jaccard2"",""name_2"":""Beauregard""},{""gid_2"":""USA.25.18_1"",""migration_date"":""2025-12-20"",""migration_method"":""jaccard2"",""name_2"":""Forrest""},{""gid_2"":""USA.44.100_1"",""migration_date"":""2025-12-20"",""migration_method"":""jaccard2"",""name_2"":""Hardin""},{""gid_2"":""USA.44.101_1"",""migration_date"":""2025-12-20"",""migration_method"":""jaccard2"",""name_2"":""Harris""},{""gid_2"":""USA.44.11_1"",""migration_date"":""2025-12-20"",""migration_method"":""jaccard2"",""name_2"":""Bastrop""},{""gid_2"":""USA.44.120_1"",""migration_date"":""2025-12-20"",""migration_method"":""jaccard2"",""name_2"":""Jackson""},{""gid_2"":""USA.44.121_1"",""migration_date"":""2025-12-20"",""migration_method"":""jaccard2"",""name_2"":""Jasper""},{""gid_2"":""USA.44.123_1"",""migration_date"":""2025-12-20"",""migration_method"":""jaccard2"",""name_2"":""Jefferson""},{""gid_2"":""USA.44.125_1"",""migration_date"":""2025-12-20"",""migration_method"":""jaccard2"",""name_2"":""Jim Wells""},{""gid_2"":""USA.44.128_1"",""migration_date"":""2025-12-20"",""migration_method"":""jaccard2"",""name_2"":""Karnes""},{""gid_2"":""USA.44.133_1"",""migration_date"":""2025-12-20"",""migration_method"":""jaccard2"",""name_2"":""Kerr""},{""gid_2"":""USA.44.137_1"",""migration_date"":""2025-12-20"",""migration_method"":""jaccard2"",""name_2"":""Kleberg""},{""gid_2"":""USA.44.13_1"",""migration_date"":""2025-12-20"",""migration_method"":""jaccard2"",""name_2"":""Bee""},{""gid_2"":""USA.44.143_1"",""migration_date"":""2025-12-20"",""migration_method"":""jaccard2"",""name_2"":""Lavaca""},{""gid_2"":""USA.44.144_1"",""migration_date"":""2025-12-20"",""migration_method"":""jaccard2"",""name_2"":""Lee""},{""gid_2"":""USA.44.145_1"",""migration_date"":""2025-12-20"",""migration_method"":""jaccard2"",""name_2"":""Leon""},{""gid_2"":""USA.44.146_1"",""migration_date"":""2025-12-20"",""migration_method"":""jaccard2"",""name_2"":""Liberty""},{""gid_2"":""USA.44.149_1"",""migration_date"":""2025-12-20"",""migration_method"":""jaccard2"",""name_2"":""Live Oak""},{""gid_2"":""USA.44.154_1"",""migration_date"":""2025-12-20"",""migration_method"":""jaccard2"",""name_2"":""Madison""},{""gid_2"":""USA.44.158_1"",""migration_date"":""2025-12-20"",""migration_method"":""jaccard2"",""name_2"":""Matagorda""},{""gid_2"":""USA.44.15_1"",""migration_date"":""2025-12-20"",""migration_method"":""jaccard2"",""name_2"":""Bexar""},{""gid_2"":""USA.44.170_1"",""migration_date"":""2025-12-20"",""migration_method"":""jaccard2"",""name_2"":""Montgomery""},{""gid_2"":""USA.44.176_1"",""migration_date"":""2025-12-20"",""migration_method"":""jaccard2"",""name_2"":""Newton""},{""gid_2"":""USA.44.178_1"",""migration_date"":""2025-12-20"",""migration_method"":""jaccard2"",""name_2"":""Nueces""},{""gid_2"":""USA.44.181_1"",""migration_date"":""2025-12-20"",""migration_method"":""jaccard2"",""name_2"":""Orange""},{""gid_2"":""USA.44.187_1"",""migration_date"":""2025-12-20"",""migration_method"":""jaccard2"",""name_2"":""Polk""},{""gid_2"":""USA.44.196_1"",""migration_date"":""2025-12-20"",""migration_method"":""jaccard2"",""name_2"":""Refugio""},{""gid_2"":""USA.44.202_1"",""migration_date"":""2025-12-20"",""migration_method"":""jaccard2"",""name_2"":""Sabine""},{""gid_2"":""USA.44.204_1"",""migration_date"":""2025-12-20"",""migration_method"":""jaccard2"",""name_2"":""San Jacinto""},{""gid_2"":""USA.44.205_1"",""migration_date"":""2025-12-20"",""migration_method"":""jaccard2"",""name_2"":""San Patricio""},{""gid_2"":""USA.44.20_1"",""migration_date"":""2025-12-20"",""migration_method"":""jaccard2"",""name_2"":""Brazoria""},{""gid_2"":""USA.44.21_1"",""migration_date"":""2025-12-20"",""migration_method"":""jaccard2"",""name_2"":""Brazos""},{""gid_2"":""USA.44.228_1"",""migration_date"":""2025-12-20"",""migration_method"":""jaccard2"",""name_2"":""Trinity""},{""gid_2"":""USA.44.229_1"",""migration_date"":""2025-12-20"",""migration_method"":""jaccard2"",""name_2"":""Tyler""},{""gid_2"":""USA.44.235_1"",""migration_date"":""2025-12-20"",""migration_method"":""jaccard2"",""name_2"":""Victoria""},{""gid_2"":""USA.44.236_1"",""migration_date"":""2025-12-20"",""migration_method"":""jaccard2"",""name_2"":""Walker""},{""gid_2"":""USA.44.237_1"",""migration_date"":""2025-12-20"",""migration_method"":""jaccard2"",""name_2"":""Waller""},{""gid_2"":""USA.44.239_1"",""migration_date"":""2025-12-20"",""migration_method"":""jaccard2"",""name_2"":""Washington""},{""gid_2"":""USA.44.241_1"",""migration_date"":""2025-12-20"",""migration_method"":""jaccard2"",""name_2"":""Wharton""},{""gid_2"":""USA.44.245_1"",""migration_date"":""2025-12-20"",""migration_method"":""jaccard2"",""name_2"":""Willacy""},{""gid_2"":""USA.44.247_1"",""migration_date"":""2025-12-20"",""migration_method"":""jaccard2"",""name_2"":""Wilson""},{""gid_2"":""USA.44.26_1"",""migration_date"":""2025-12-20"",""migration_method"":""jaccard2"",""name_2"":""Burleson""},{""gid_2"":""USA.44.28_1"",""migration_date"":""2025-12-20"",""migration_method"":""jaccard2"",""name_2"":""Caldwell""},{""gid_2"":""USA.44.29_1"",""migration_date"":""2025-12-20"",""migration_method"":""jaccard2"",""name_2"":""Calhoun""},{""gid_2"":""USA.44.31_1"",""migration_date"":""2025-12-20"",""migration_method"":""jaccard2"",""name_2"":""Cameron""},{""gid_2"":""USA.44.36_1"",""migration_date"":""2025-12-20"",""migration_method"":""jaccard2"",""name_2"":""Chambers""},{""gid_2"":""USA.44.3_1"",""migration_date"":""2025-12-20"",""migration_method"":""jaccard2"",""name_2"":""Angelina""},{""gid_2"":""USA.44.45_1"",""migration_date"":""2025-12-20"",""migration_method"":""jaccard2"",""name_2"":""Colorado""},{""gid_2"":""USA.44.46_1"",""migration_date"":""2025-12-20"",""migration_method"":""jaccard2"",""name_2"":""Comal""},{""gid_2"":""USA.44.4_1"",""migration_date"":""2025-12-20"",""migration_method"":""jaccard2"",""name_2"":""Aransas""},{""gid_2"":""USA.44.62_1"",""migration_date"":""2025-12-20"",""migration_method"":""jaccard2"",""name_2"":""Dewitt""},{""gid_2"":""USA.44.75_1"",""migration_date"":""2025-12-20"",""migration_method"":""jaccard2"",""name_2"":""Fayette""},{""gid_2"":""USA.44.79_1"",""migration_date"":""2025-12-20"",""migration_method"":""jaccard2"",""name_2"":""Fort Bend""},{""gid_2"":""USA.44.7_1"",""migration_date"":""2025-12-20"",""migration_method"":""jaccard2"",""name_2"":""Atascosa""},{""gid_2"":""USA.44.84_1"",""migration_date"":""2025-12-20"",""migration_method"":""jaccard2"",""name_2"":""Galveston""},{""gid_2"":""USA.44.88_1"",""migration_date"":""2025-12-20"",""migration_method"":""jaccard2"",""name_2"":""Goliad""},{""gid_2"":""USA.44.89_1"",""migration_date"":""2025-12-20"",""migration_method"":""jaccard2"",""name_2"":""Gonzales""},{""gid_2"":""USA.44.8_1"",""migration_date"":""2025-12-20"",""migration_method"":""jaccard2"",""name_2"":""Austin""},{""gid_2"":""USA.44.93_1"",""migration_date"":""2025-12-20"",""migration_method"":""jaccard2"",""name_2"":""Grimes""},{""gid_2"":""USA.44.94_1"",""migration_date"":""2025-12-20"",""migration_method"":""jaccard2"",""name_2"":""Guadalupe""}]";How many deaths were reported from Hurricane Harvey?;88;single-hop
kg_0015_2;kg_only;KG;emdat_wwa_alignment.xlsx;14;2017-0362-USA;United States of America;Storm;Tropical cyclone;https://www.worldweatherattribution.org/hurricane-harvey-august-2017/;"event_id: 2017-0362-USA | Historic: No | Classification Key: nat-met-sto-tro | Disaster Group: Natural | Disaster Subgroup: Meteorological | Disaster Type: Storm | Disaster Subtype: Tropical cyclone | External IDs: GLIDE:TC-2017-000123 | Event Name: Hurricane Harvey | ISO: USA | Country: United States of America | Subregion: Northern America | Region: Americas | Location: Eastern Texas (Rockport, Corpus Chrsti, Port Lavaca, Cypress area of Houston, Houston metro area, Beaumont, Port Arthur, Angelina, Aransas, Atascosa, Austin, Bastrop, Bee, Bexar, Brazoria, Brazos, Burleson, Caldwell, Calhoun, Cameron, Chambers, Colorado, Comal, DeWitt, Fayette, Fort Bend, Galveston, Goliad, Gonzales, Grimes, Guadalupe, Hardin, Harris, Jackson, Jasper, Jefferson, Jim Wells, Karnes, Kerr, Kleberg, Lavaca, Lee, Leon, Liberty, Live Oak, Madison, Matagorda, Montgomery, Newton, Nueces, Orange, Polk, Refugio, Sabine, San Jacinto, San Patricio, Trinity, Tyler, Victoria, Walker, Waller, Washington, Wharton, Willacy, Wilson, San Augustine), Southwestern Louisiana (Acadia, Forrest, Iberia, Lafayette, Vernon, Beauregard, Calcasieu, Cameron (Hackberry), Jefferson Davis, Vermillion, Allen, Natchitoches, Rapides, Sabine) | Associated Types: Flood|Oil spill | OFDA/BHA Response: No | Appeal: No | Declaration: Yes | Magnitude: 215 | Magnitude Scale: Kph | River Basin: Sabine River, Brazos River, Navidad River, San Bernard River, San Jacinto River, Trinity River, Clear Creek, Cypress Creek, Davidson Creek, Lake Creek, Menard Creek, Peach Creek, and Buffalo Bayou while the Colorado River, Guadalupe River, Lavaca River, Tres Palacios River, Bedias Creek, Caney Creek, Garcitas Creek, Sandies Creek, Sandy Creek, Spring Creek, Brays Bayou, White Oak Bayou, Greens Bayou | Start Year: 2017 | Start Month: 8 | Start Day: 25 | End Year: 2017 | End Month: 8 | End Day: 29 | Total Deaths: 88 | No. Injured: 24 | No. Affected: 555000 | No. Homeless: 27000 | Total Affected: 582024 | Insured Damage ('000 US$): 30000000 | Insured Damage, Adjusted ('000 US$): 39402343 | Total Damage ('000 US$): 95000000 | Total Damage, Adjusted ('000 US$): 124774087 | CPI: 76.13760370577658 | Admin Units: [{""adm2_code"":29791,""adm2_name"":""Acadia""},{""adm2_code"":29792,""adm2_name"":""Allen""},{""adm2_code"":29796,""adm2_name"":""Beauregard""},{""adm2_code"":29800,""adm2_name"":""Calcasieu""},{""adm2_code"":29802,""adm2_name"":""Cameron""},{""adm2_code"":29813,""adm2_name"":""Iberia""},{""adm2_code"":29817,""adm2_name"":""Jefferson Davis""},{""adm2_code"":29819,""adm2_name"":""Lafayette""},{""adm2_code"":29825,""adm2_name"":""Natchitoches""},{""adm2_code"":29830,""adm2_name"":""Rapides""},{""adm2_code"":29833,""adm2_name"":""Sabine""},{""adm2_code"":29847,""adm2_name"":""Vermilion""},{""adm2_code"":29848,""adm2_name"":""Vernon""},{""adm2_code"":30096,""adm2_name"":""Forrest""},{""adm2_code"":31202,""adm2_name"":""Angelina""},{""adm2_code"":31203,""adm2_name"":""Aransas""},{""adm2_code"":31206,""adm2_name"":""Atascosa""},{""adm2_code"":31207,""adm2_name"":""Austin""},{""adm2_code"":31210,""adm2_name"":""Bastrop""},{""adm2_code"":31212,""adm2_name"":""Bee""},{""adm2_code"":31214,""adm2_name"":""Bexar""},{""adm2_code"":31219,""adm2_name"":""Brazoria""},{""adm2_code"":31220,""adm2_name"":""Brazos""},{""adm2_code"":31225,""adm2_name"":""Burleson""},{""adm2_code"":31227,""adm2_name"":""Caldwell""},{""adm2_code"":31228,""adm2_name"":""Calhoun""},{""adm2_code"":31230,""adm2_name"":""Cameron""},{""adm2_code"":31235,""adm2_name"":""Chambers""},{""adm2_code"":31244,""adm2_name"":""Colorado""},{""adm2_code"":31245,""adm2_name"":""Comal""},{""adm2_code"":31261,""adm2_name"":""DeWitt""},{""adm2_code"":31274,""adm2_name"":""Fayette""},{""adm2_code"":31278,""adm2_name"":""Fort Bend""},{""adm2_code"":31283,""adm2_name"":""Galveston""},{""adm2_code"":31287,""adm2_name"":""Goliad""},{""adm2_code"":31288,""adm2_name"":""Gonzales""},{""adm2_code"":31292,""adm2_name"":""Grimes""},{""adm2_code"":31293,""adm2_name"":""Guadalupe""},{""adm2_code"":31299,""adm2_name"":""Hardin""},{""adm2_code"":31300,""adm2_name"":""Harris""},{""adm2_code"":31319,""adm2_name"":""Jackson""},{""adm2_code"":31320,""adm2_name"":""Jasper""},{""adm2_code"":31322,""adm2_name"":""Jefferson""},{""adm2_code"":31324,""adm2_name"":""Jim Wells""},{""adm2_code"":31327,""adm2_name"":""Karnes""},{""adm2_code"":31332,""adm2_name"":""Kerr""},{""adm2_code"":31336,""adm2_name"":""Kleberg""},{""adm2_code"":31342,""adm2_name"":""Lavaca""},{""adm2_code"":31343,""adm2_name"":""Lee""},{""adm2_code"":31344,""adm2_name"":""Leon""},{""adm2_code"":31345,""adm2_name"":""Liberty""},{""adm2_code"":31348,""adm2_name"":""Live Oak""},{""adm2_code"":31353,""adm2_name"":""Madison""},{""adm2_code"":31357,""adm2_name"":""Matagorda""},{""adm2_code"":31369,""adm2_name"":""Montgomery""},{""adm2_code"":31375,""adm2_name"":""Newton""},{""adm2_code"":31377,""adm2_name"":""Nueces""},{""adm2_code"":31380,""adm2_name"":""Orange""},{""adm2_code"":31386,""adm2_name"":""Polk""},{""adm2_code"":31395,""adm2_name"":""Refugio""},{""adm2_code"":31401,""adm2_name"":""Sabine""},{""adm2_code"":31403,""adm2_name"":""San Jacinto""},{""adm2_code"":31404,""adm2_name"":""San Patricio""},{""adm2_code"":31427,""adm2_name"":""Trinity""},{""adm2_code"":31428,""adm2_name"":""Tyler""},{""adm2_code"":31434,""adm2_name"":""Victoria""},{""adm2_code"":31435,""adm2_name"":""Walker""},{""adm2_code"":31436,""adm2_name"":""Waller""},{""adm2_code"":31438,""adm2_name"":""Washington""},{""adm2_code"":31440,""adm2_name"":""Wharton""},{""adm2_code"":31444,""adm2_name"":""Willacy""},{""adm2_code"":31446,""adm2_name"":""Wilson""}] | GADM Admin Units: [{""gid_2"":""USA.19.10_1"",""migration_date"":""2025-12-20"",""migration_method"":""jaccard2"",""name_2"":""Calcasieu""},{""gid_2"":""USA.19.12_1"",""migration_date"":""2025-12-20"",""migration_method"":""jaccard2"",""name_2"":""Cameron""},{""gid_2"":""USA.19.1_1"",""migration_date"":""2025-12-20"",""migration_method"":""jaccard2"",""name_2"":""Acadia""},{""gid_2"":""USA.19.23_1"",""migration_date"":""2025-12-20"",""migration_method"":""jaccard2"",""name_2"":""Iberia""},{""gid_2"":""USA.19.27_1"",""migration_date"":""2025-12-20"",""migration_method"":""jaccard2"",""name_2"":""Jefferson Davis""},{""gid_2"":""USA.19.29_1"",""migration_date"":""2025-12-20"",""migration_method"":""jaccard2"",""name_2"":""Lafayette""},{""gid_2"":""USA.19.2_1"",""migration_date"":""2025-12-20"",""migration_method"":""jaccard2"",""name_2"":""Allen""},{""gid_2"":""USA.19.35_1"",""migration_date"":""2025-12-20"",""migration_method"":""jaccard2"",""name_2"":""Natchitoches""},{""gid_2"":""USA.19.40_1"",""migration_date"":""2025-12-20"",""migration_method"":""jaccard2"",""name_2"":""Rapides""},{""gid_2"":""USA.19.43_1"",""migration_date"":""2025-12-20"",""migration_method"":""jaccard2"",""name_2"":""Sabine""},{""gid_2"":""USA.19.57_1"",""migration_date"":""2025-12-20"",""migration_method"":""jaccard2"",""name_2"":""Vermilion""},{""gid_2"":""USA.19.58_1"",""migration_date"":""2025-12-20"",""migration_method"":""jaccard2"",""name_2"":""Vernon""},{""gid_2"":""USA.19.6_1"",""migration_date"":""2025-12-20"",""migration_method"":""jaccard2"",""name_2"":""Beauregard""},{""gid_2"":""USA.25.18_1"",""migration_date"":""2025-12-20"",""migration_method"":""jaccard2"",""name_2"":""Forrest""},{""gid_2"":""USA.44.100_1"",""migration_date"":""2025-12-20"",""migration_method"":""jaccard2"",""name_2"":""Hardin""},{""gid_2"":""USA.44.101_1"",""migration_date"":""2025-12-20"",""migration_method"":""jaccard2"",""name_2"":""Harris""},{""gid_2"":""USA.44.11_1"",""migration_date"":""2025-12-20"",""migration_method"":""jaccard2"",""name_2"":""Bastrop""},{""gid_2"":""USA.44.120_1"",""migration_date"":""2025-12-20"",""migration_method"":""jaccard2"",""name_2"":""Jackson""},{""gid_2"":""USA.44.121_1"",""migration_date"":""2025-12-20"",""migration_method"":""jaccard2"",""name_2"":""Jasper""},{""gid_2"":""USA.44.123_1"",""migration_date"":""2025-12-20"",""migration_method"":""jaccard2"",""name_2"":""Jefferson""},{""gid_2"":""USA.44.125_1"",""migration_date"":""2025-12-20"",""migration_method"":""jaccard2"",""name_2"":""Jim Wells""},{""gid_2"":""USA.44.128_1"",""migration_date"":""2025-12-20"",""migration_method"":""jaccard2"",""name_2"":""Karnes""},{""gid_2"":""USA.44.133_1"",""migration_date"":""2025-12-20"",""migration_method"":""jaccard2"",""name_2"":""Kerr""},{""gid_2"":""USA.44.137_1"",""migration_date"":""2025-12-20"",""migration_method"":""jaccard2"",""name_2"":""Kleberg""},{""gid_2"":""USA.44.13_1"",""migration_date"":""2025-12-20"",""migration_method"":""jaccard2"",""name_2"":""Bee""},{""gid_2"":""USA.44.143_1"",""migration_date"":""2025-12-20"",""migration_method"":""jaccard2"",""name_2"":""Lavaca""},{""gid_2"":""USA.44.144_1"",""migration_date"":""2025-12-20"",""migration_method"":""jaccard2"",""name_2"":""Lee""},{""gid_2"":""USA.44.145_1"",""migration_date"":""2025-12-20"",""migration_method"":""jaccard2"",""name_2"":""Leon""},{""gid_2"":""USA.44.146_1"",""migration_date"":""2025-12-20"",""migration_method"":""jaccard2"",""name_2"":""Liberty""},{""gid_2"":""USA.44.149_1"",""migration_date"":""2025-12-20"",""migration_method"":""jaccard2"",""name_2"":""Live Oak""},{""gid_2"":""USA.44.154_1"",""migration_date"":""2025-12-20"",""migration_method"":""jaccard2"",""name_2"":""Madison""},{""gid_2"":""USA.44.158_1"",""migration_date"":""2025-12-20"",""migration_method"":""jaccard2"",""name_2"":""Matagorda""},{""gid_2"":""USA.44.15_1"",""migration_date"":""2025-12-20"",""migration_method"":""jaccard2"",""name_2"":""Bexar""},{""gid_2"":""USA.44.170_1"",""migration_date"":""2025-12-20"",""migration_method"":""jaccard2"",""name_2"":""Montgomery""},{""gid_2"":""USA.44.176_1"",""migration_date"":""2025-12-20"",""migration_method"":""jaccard2"",""name_2"":""Newton""},{""gid_2"":""USA.44.178_1"",""migration_date"":""2025-12-20"",""migration_method"":""jaccard2"",""name_2"":""Nueces""},{""gid_2"":""USA.44.181_1"",""migration_date"":""2025-12-20"",""migration_method"":""jaccard2"",""name_2"":""Orange""},{""gid_2"":""USA.44.187_1"",""migration_date"":""2025-12-20"",""migration_method"":""jaccard2"",""name_2"":""Polk""},{""gid_2"":""USA.44.196_1"",""migration_date"":""2025-12-20"",""migration_method"":""jaccard2"",""name_2"":""Refugio""},{""gid_2"":""USA.44.202_1"",""migration_date"":""2025-12-20"",""migration_method"":""jaccard2"",""name_2"":""Sabine""},{""gid_2"":""USA.44.204_1"",""migration_date"":""2025-12-20"",""migration_method"":""jaccard2"",""name_2"":""San Jacinto""},{""gid_2"":""USA.44.205_1"",""migration_date"":""2025-12-20"",""migration_method"":""jaccard2"",""name_2"":""San Patricio""},{""gid_2"":""USA.44.20_1"",""migration_date"":""2025-12-20"",""migration_method"":""jaccard2"",""name_2"":""Brazoria""},{""gid_2"":""USA.44.21_1"",""migration_date"":""2025-12-20"",""migration_method"":""jaccard2"",""name_2"":""Brazos""},{""gid_2"":""USA.44.228_1"",""migration_date"":""2025-12-20"",""migration_method"":""jaccard2"",""name_2"":""Trinity""},{""gid_2"":""USA.44.229_1"",""migration_date"":""2025-12-20"",""migration_method"":""jaccard2"",""name_2"":""Tyler""},{""gid_2"":""USA.44.235_1"",""migration_date"":""2025-12-20"",""migration_method"":""jaccard2"",""name_2"":""Victoria""},{""gid_2"":""USA.44.236_1"",""migration_date"":""2025-12-20"",""migration_method"":""jaccard2"",""name_2"":""Walker""},{""gid_2"":""USA.44.237_1"",""migration_date"":""2025-12-20"",""migration_method"":""jaccard2"",""name_2"":""Waller""},{""gid_2"":""USA.44.239_1"",""migration_date"":""2025-12-20"",""migration_method"":""jaccard2"",""name_2"":""Washington""},{""gid_2"":""USA.44.241_1"",""migration_date"":""2025-12-20"",""migration_method"":""jaccard2"",""name_2"":""Wharton""},{""gid_2"":""USA.44.245_1"",""migration_date"":""2025-12-20"",""migration_method"":""jaccard2"",""name_2"":""Willacy""},{""gid_2"":""USA.44.247_1"",""migration_date"":""2025-12-20"",""migration_method"":""jaccard2"",""name_2"":""Wilson""},{""gid_2"":""USA.44.26_1"",""migration_date"":""2025-12-20"",""migration_method"":""jaccard2"",""name_2"":""Burleson""},{""gid_2"":""USA.44.28_1"",""migration_date"":""2025-12-20"",""migration_method"":""jaccard2"",""name_2"":""Caldwell""},{""gid_2"":""USA.44.29_1"",""migration_date"":""2025-12-20"",""migration_method"":""jaccard2"",""name_2"":""Calhoun""},{""gid_2"":""USA.44.31_1"",""migration_date"":""2025-12-20"",""migration_method"":""jaccard2"",""name_2"":""Cameron""},{""gid_2"":""USA.44.36_1"",""migration_date"":""2025-12-20"",""migration_method"":""jaccard2"",""name_2"":""Chambers""},{""gid_2"":""USA.44.3_1"",""migration_date"":""2025-12-20"",""migration_method"":""jaccard2"",""name_2"":""Angelina""},{""gid_2"":""USA.44.45_1"",""migration_date"":""2025-12-20"",""migration_method"":""jaccard2"",""name_2"":""Colorado""},{""gid_2"":""USA.44.46_1"",""migration_date"":""2025-12-20"",""migration_method"":""jaccard2"",""name_2"":""Comal""},{""gid_2"":""USA.44.4_1"",""migration_date"":""2025-12-20"",""migration_method"":""jaccard2"",""name_2"":""Aransas""},{""gid_2"":""USA.44.62_1"",""migration_date"":""2025-12-20"",""migration_method"":""jaccard2"",""name_2"":""Dewitt""},{""gid_2"":""USA.44.75_1"",""migration_date"":""2025-12-20"",""migration_method"":""jaccard2"",""name_2"":""Fayette""},{""gid_2"":""USA.44.79_1"",""migration_date"":""2025-12-20"",""migration_method"":""jaccard2"",""name_2"":""Fort Bend""},{""gid_2"":""USA.44.7_1"",""migration_date"":""2025-12-20"",""migration_method"":""jaccard2"",""name_2"":""Atascosa""},{""gid_2"":""USA.44.84_1"",""migration_date"":""2025-12-20"",""migration_method"":""jaccard2"",""name_2"":""Galveston""},{""gid_2"":""USA.44.88_1"",""migration_date"":""2025-12-20"",""migration_method"":""jaccard2"",""name_2"":""Goliad""},{""gid_2"":""USA.44.89_1"",""migration_date"":""2025-12-20"",""migration_method"":""jaccard2"",""name_2"":""Gonzales""},{""gid_2"":""USA.44.8_1"",""migration_date"":""2025-12-20"",""migration_method"":""jaccard2"",""name_2"":""Austin""},{""gid_2"":""USA.44.93_1"",""migration_date"":""2025-12-20"",""migration_method"":""jaccard2"",""name_2"":""Grimes""},{""gid_2"":""USA.44.94_1"",""migration_date"":""2025-12-20"",""migration_method"":""jaccard2"",""name_2"":""Guadalupe""}]";What were the total number of people affected and the number of people left homeless by Hurricane Harvey?;555000 affected and 27000 homeless;multi-attribute
kg_0016_1;kg_only;KG;emdat_wwa_alignment.xlsx;15;2017-0010-ALB;Albania;Extreme temperature;Severe winter conditions;https://www.worldweatherattribution.org/analysis/cold-spells/;"event_id: 2017-0010-ALB | Historic: No | Classification Key: nat-met-ext-sev | Disaster Group: Natural | Disaster Subgroup: Meteorological | Disaster Type: Extreme temperature | Disaster Subtype: Severe winter conditions | External IDs: GLIDE:CW-2017-000005|GLIDE:CW-2017-000007 | ISO: ALB | Country: Albania | Subregion: Southern Europe | Region: Europe | Location: Peshkopi, Bulqiza, Kukes, Puka, Skhodra, Mirdita and Pogradec | Associated Types: Snow/ice | OFDA/BHA Response: No | Appeal: No | Declaration: No | Magnitude Scale: °C | Start Year: 2017 | Start Month: 1 | Start Day: 20 | End Year: 2017 | End Month: 1 | End Day: 20 | Total Deaths: 6 | CPI: 76.13760370577658 | Admin Units: [{""adm1_code"":306,""adm1_name"":""Bulqize""},{""adm1_code"":321,""adm1_name"":""Kukes""},{""adm1_code"":329,""adm1_name"":""Mirdite""},{""adm1_code"":332,""adm1_name"":""Pogradec""},{""adm1_code"":333,""adm1_name"":""Puke""},{""adm1_code"":335,""adm1_name"":""Shkoder""},{""adm2_code"":3813,""adm2_name"":""Peshkopi""}] | GADM Admin Units: [{""gid_1"":""ALB.2_1"",""migration_date"":""2025-12-20"",""migration_method"":""bufhaus1"",""name_1"":""Dibër""},{""gid_2"":""ALB.10.2_1"",""migration_date"":""2025-12-20"",""migration_method"":""puzzle1_2"",""name_2"":""Pukës""},{""gid_2"":""ALB.10.3_1"",""migration_date"":""2025-12-20"",""migration_method"":""puzzle1_2"",""name_2"":""Shkodrës""},{""gid_2"":""ALB.7.4_1"",""migration_date"":""2025-12-20"",""migration_method"":""puzzle1_2"",""name_2"":""Pogradecit""},{""gid_2"":""ALB.8.2_1"",""migration_date"":""2025-12-20"",""migration_method"":""puzzle1_2"",""name_2"":""Kukësit""},{""gid_2"":""ALB.9.3_1"",""migration_date"":""2025-12-20"",""migration_method"":""puzzle1_2"",""name_2"":""Mirditës""},{""gid_2"":""ALB.9.4_1"",""migration_date"":""2025-12-20"",""migration_method"":""puzzle1_2"",""name_2"":""Shkodrës""}]";How many deaths were recorded for the extreme temperature event in Albania?;6;single-hop
kg_0016_2;kg_only;KG;emdat_wwa_alignment.xlsx;15;2017-0010-ALB;Albania;Extreme temperature;Severe winter conditions;https://www.worldweatherattribution.org/analysis/cold-spells/;"event_id: 2017-0010-ALB | Historic: No | Classification Key: nat-met-ext-sev | Disaster Group: Natural | Disaster Subgroup: Meteorological | Disaster Type: Extreme temperature | Disaster Subtype: Severe winter conditions | External IDs: GLIDE:CW-2017-000005|GLIDE:CW-2017-000007 | ISO: ALB | Country: Albania | Subregion: Southern Europe | Region: Europe | Location: Peshkopi, Bulqiza, Kukes, Puka, Skhodra, Mirdita and Pogradec | Associated Types: Snow/ice | OFDA/BHA Response: No | Appeal: No | Declaration: No | Magnitude Scale: °C | Start Year: 2017 | Start Month: 1 | Start Day: 20 | End Year: 2017 | End Month: 1 | End Day: 20 | Total Deaths: 6 | CPI: 76.13760370577658 | Admin Units: [{""adm1_code"":306,""adm1_name"":""Bulqize""},{""adm1_code"":321,""adm1_name"":""Kukes""},{""adm1_code"":329,""adm1_name"":""Mirdite""},{""adm1_code"":332,""adm1_name"":""Pogradec""},{""adm1_code"":333,""adm1_name"":""Puke""},{""adm1_code"":335,""adm1_name"":""Shkoder""},{""adm2_code"":3813,""adm2_name"":""Peshkopi""}] | GADM Admin Units: [{""gid_1"":""ALB.2_1"",""migration_date"":""2025-12-20"",""migration_method"":""bufhaus1"",""name_1"":""Dibër""},{""gid_2"":""ALB.10.2_1"",""migration_date"":""2025-12-20"",""migration_method"":""puzzle1_2"",""name_2"":""Pukës""},{""gid_2"":""ALB.10.3_1"",""migration_date"":""2025-12-20"",""migration_method"":""puzzle1_2"",""name_2"":""Shkodrës""},{""gid_2"":""ALB.7.4_1"",""migration_date"":""2025-12-20"",""migration_method"":""puzzle1_2"",""name_2"":""Pogradecit""},{""gid_2"":""ALB.8.2_1"",""migration_date"":""2025-12-20"",""migration_method"":""puzzle1_2"",""name_2"":""Kukësit""},{""gid_2"":""ALB.9.3_1"",""migration_date"":""2025-12-20"",""migration_method"":""puzzle1_2"",""name_2"":""Mirditës""},{""gid_2"":""ALB.9.4_1"",""migration_date"":""2025-12-20"",""migration_method"":""puzzle1_2"",""name_2"":""Shkodrës""}]";What administrative code is assigned to Peshkopi in the event’s admin units list?;3813;multi-attribute
kg_0017_1;kg_only;KG;emdat_wwa_alignment.xlsx;16;2017-0010-GRC;Greece;Extreme temperature;Severe winter conditions;https://www.worldweatherattribution.org/analysis/cold-spells/;"event_id: 2017-0010-GRC | Historic: No | Classification Key: nat-met-ext-sev | Disaster Group: Natural | Disaster Subgroup: Meteorological | Disaster Type: Extreme temperature | Disaster Subtype: Severe winter conditions | External IDs: GLIDE:CW-2017-000005|GLIDE:CW-2017-000007 | ISO: GRC | Country: Greece | Subregion: Southern Europe | Region: Europe | Location: Aegean Islands | Associated Types: Snow/ice | OFDA/BHA Response: No | Appeal: No | Declaration: No | Magnitude Scale: °C | Start Year: 2017 | Start Month: 1 | Start Day: 20 | End Year: 2017 | End Month: 1 | End Day: 20 | CPI: 76.13760370577658 | Admin Units: [{""adm1_code"":1348,""adm1_name"":""Voreio Aigaio""},{""adm1_code"":40766,""adm1_name"":""Notio Aigaio""}] | GADM Admin Units: [{""gid_2"":""GRC.1.1_1"",""migration_date"":""2025-12-20"",""migration_method"":""puzzle1_2"",""name_2"":""North Aegean""},{""gid_2"":""GRC.1.2_1"",""migration_date"":""2025-12-20"",""migration_method"":""puzzle1_2"",""name_2"":""South Aegean""}]";Which country experienced severe winter conditions on January 20, 2017?;Greece;single-hop
kg_0017_2;kg_only;KG;emdat_wwa_alignment.xlsx;16;2017-0010-GRC;Greece;Extreme temperature;Severe winter conditions;https://www.worldweatherattribution.org/analysis/cold-spells/;"event_id: 2017-0010-GRC | Historic: No | Classification Key: nat-met-ext-sev | Disaster Group: Natural | Disaster Subgroup: Meteorological | Disaster Type: Extreme temperature | Disaster Subtype: Severe winter conditions | External IDs: GLIDE:CW-2017-000005|GLIDE:CW-2017-000007 | ISO: GRC | Country: Greece | Subregion: Southern Europe | Region: Europe | Location: Aegean Islands | Associated Types: Snow/ice | OFDA/BHA Response: No | Appeal: No | Declaration: No | Magnitude Scale: °C | Start Year: 2017 | Start Month: 1 | Start Day: 20 | End Year: 2017 | End Month: 1 | End Day: 20 | CPI: 76.13760370577658 | Admin Units: [{""adm1_code"":1348,""adm1_name"":""Voreio Aigaio""},{""adm1_code"":40766,""adm1_name"":""Notio Aigaio""}] | GADM Admin Units: [{""gid_2"":""GRC.1.1_1"",""migration_date"":""2025-12-20"",""migration_method"":""puzzle1_2"",""name_2"":""North Aegean""},{""gid_2"":""GRC.1.2_1"",""migration_date"":""2025-12-20"",""migration_method"":""puzzle1_2"",""name_2"":""South Aegean""}]";What are the names of the administrative units in the Aegean Islands affected by the extreme temperature event?;Voreio Aigaio and Notio Aigaio;multi-attribute
kg_0018_1;kg_only;KG;emdat_wwa_alignment.xlsx;17;2017-0010-SRB;Serbia;Extreme temperature;Severe winter conditions;https://www.worldweatherattribution.org/se-europe-cold-january-2017/;"event_id: 2017-0010-SRB | Historic: No | Classification Key: nat-met-ext-sev | Disaster Group: Natural | Disaster Subgroup: Meteorological | Disaster Type: Extreme temperature | Disaster Subtype: Severe winter conditions | External IDs: GLIDE:CW-2017-000005|GLIDE:CW-2017-000007 | ISO: SRB | Country: Serbia | Subregion: Southern Europe | Region: Europe | Location: Belgrade | Associated Types: Snow/ice | OFDA/BHA Response: No | Appeal: No | Declaration: No | Magnitude Scale: °C | Start Year: 2017 | Start Month: 1 | Start Day: 20 | End Year: 2017 | End Month: 1 | End Day: 20 | Total Deaths: 6 | CPI: 76.13760370577658 | Admin Units: [{""adm1_code"":25373,""adm1_name"":""Grad Beograd""}] | GADM Admin Units: [{""gid_1"":""SRB.3_1"",""migration_date"":""2025-12-20"",""migration_method"":""jaccard1"",""name_1"":""Grad Beograd""}]";Which city experienced the severe winter conditions event in Serbia?;Belgrade;single-hop
kg_0018_2;kg_only;KG;emdat_wwa_alignment.xlsx;17;2017-0010-SRB;Serbia;Extreme temperature;Severe winter conditions;https://www.worldweatherattribution.org/se-europe-cold-january-2017/;"event_id: 2017-0010-SRB | Historic: No | Classification Key: nat-met-ext-sev | Disaster Group: Natural | Disaster Subgroup: Meteorological | Disaster Type: Extreme temperature | Disaster Subtype: Severe winter conditions | External IDs: GLIDE:CW-2017-000005|GLIDE:CW-2017-000007 | ISO: SRB | Country: Serbia | Subregion: Southern Europe | Region: Europe | Location: Belgrade | Associated Types: Snow/ice | OFDA/BHA Response: No | Appeal: No | Declaration: No | Magnitude Scale: °C | Start Year: 2017 | Start Month: 1 | Start Day: 20 | End Year: 2017 | End Month: 1 | End Day: 20 | Total Deaths: 6 | CPI: 76.13760370577658 | Admin Units: [{""adm1_code"":25373,""adm1_name"":""Grad Beograd""}] | GADM Admin Units: [{""gid_1"":""SRB.3_1"",""migration_date"":""2025-12-20"",""migration_method"":""jaccard1"",""name_1"":""Grad Beograd""}]";On what date of 2017 did the extreme temperature event in Serbia occur and how many deaths were reported?;January 20, 2017, with 6 deaths;multi-attribute
kg_0019_1;kg_only;KG;emdat_wwa_alignment.xlsx;18;2018-0190-JPN;Japan;Flood;Flood (General);https://www.worldweatherattribution.org/a-quick-look-at-the-extreme-rainfall-in-japan/;"event_id: 2018-0190-JPN | Historic: No | Classification Key: nat-hyd-flo-flo | Disaster Group: Natural | Disaster Subgroup: Hydrological | Disaster Type: Flood | Disaster Subtype: Flood (General) | External IDs: GLIDE:FL-2018-000082 | ISO: JPN | Country: Japan | Subregion: Eastern Asia | Region: Asia | Location: Kochi, Gifu,Nagano prefectures, Tokushima; Okayama, Hiroshima; Chugoku, Kansai, Kyushu regions | Origin: Tropical Storm Praipiroon | Associated Types: Slide (land, mud, snow, rock) | OFDA/BHA Response: Yes | Appeal: No | Declaration: No | Magnitude: 109672.31 | Magnitude Scale: Km2 | Latitude: 35.65 | Longitude: 137.895 | Start Year: 2018 | Start Month: 6 | Start Day: 29 | End Year: 2018 | End Month: 7 | End Day: 8 | Total Deaths: 246 | No. Injured: 102 | No. Affected: 1500000 | Total Affected: 1500102 | Insured Damage ('000 US$): 2400000 | Insured Damage, Adjusted ('000 US$): 3077031 | Total Damage ('000 US$): 9500000 | Total Damage, Adjusted ('000 US$): 12179914 | CPI: 77.99726518795474 | Admin Units: [{""adm1_code"":1658,""adm1_name"":""Gifu""},{""adm1_code"":1660,""adm1_name"":""Hirosima""},{""adm1_code"":1669,""adm1_name"":""Kooti""},{""adm1_code"":1675,""adm1_name"":""Nagano""},{""adm1_code"":1680,""adm1_name"":""Okayama""},{""adm1_code"":1689,""adm1_name"":""Tokusima""}] | GADM Admin Units: [{""gid_1"":""JPN.11_1"",""migration_date"":""2025-12-20"",""migration_method"":""jaccard1"",""name_1"":""Hiroshima""},{""gid_1"":""JPN.20_1"",""migration_date"":""2025-12-20"",""migration_method"":""jaccard1"",""name_1"":""Kochi""},{""gid_1"":""JPN.26_1"",""migration_date"":""2025-12-20"",""migration_method"":""jaccard1"",""name_1"":""Nagano""},{""gid_1"":""JPN.31_1"",""migration_date"":""2025-12-20"",""migration_method"":""jaccard1"",""name_1"":""Okayama""},{""gid_1"":""JPN.40_1"",""migration_date"":""2025-12-20"",""migration_method"":""jaccard1"",""name_1"":""Tokushima""},{""gid_1"":""JPN.9_1"",""migration_date"":""2025-12-20"",""migration_method"":""jaccard1"",""name_1"":""Gifu""}]";How many people died as a result of the 2018 flood in Japan?;246;single-hop
kg_0019_2;kg_only;KG;emdat_wwa_alignment.xlsx;18;2018-0190-JPN;Japan;Flood;Flood (General);https://www.worldweatherattribution.org/a-quick-look-at-the-extreme-rainfall-in-japan/;"event_id: 2018-0190-JPN | Historic: No | Classification Key: nat-hyd-flo-flo | Disaster Group: Natural | Disaster Subgroup: Hydrological | Disaster Type: Flood | Disaster Subtype: Flood (General) | External IDs: GLIDE:FL-2018-000082 | ISO: JPN | Country: Japan | Subregion: Eastern Asia | Region: Asia | Location: Kochi, Gifu,Nagano prefectures, Tokushima; Okayama, Hiroshima; Chugoku, Kansai, Kyushu regions | Origin: Tropical Storm Praipiroon | Associated Types: Slide (land, mud, snow, rock) | OFDA/BHA Response: Yes | Appeal: No | Declaration: No | Magnitude: 109672.31 | Magnitude Scale: Km2 | Latitude: 35.65 | Longitude: 137.895 | Start Year: 2018 | Start Month: 6 | Start Day: 29 | End Year: 2018 | End Month: 7 | End Day: 8 | Total Deaths: 246 | No. Injured: 102 | No. Affected: 1500000 | Total Affected: 1500102 | Insured Damage ('000 US$): 2400000 | Insured Damage, Adjusted ('000 US$): 3077031 | Total Damage ('000 US$): 9500000 | Total Damage, Adjusted ('000 US$): 12179914 | CPI: 77.99726518795474 | Admin Units: [{""adm1_code"":1658,""adm1_name"":""Gifu""},{""adm1_code"":1660,""adm1_name"":""Hirosima""},{""adm1_code"":1669,""adm1_name"":""Kooti""},{""adm1_code"":1675,""adm1_name"":""Nagano""},{""adm1_code"":1680,""adm1_name"":""Okayama""},{""adm1_code"":1689,""adm1_name"":""Tokusima""}] | GADM Admin Units: [{""gid_1"":""JPN.11_1"",""migration_date"":""2025-12-20"",""migration_method"":""jaccard1"",""name_1"":""Hiroshima""},{""gid_1"":""JPN.20_1"",""migration_date"":""2025-12-20"",""migration_method"":""jaccard1"",""name_1"":""Kochi""},{""gid_1"":""JPN.26_1"",""migration_date"":""2025-12-20"",""migration_method"":""jaccard1"",""name_1"":""Nagano""},{""gid_1"":""JPN.31_1"",""migration_date"":""2025-12-20"",""migration_method"":""jaccard1"",""name_1"":""Okayama""},{""gid_1"":""JPN.40_1"",""migration_date"":""2025-12-20"",""migration_method"":""jaccard1"",""name_1"":""Tokushima""},{""gid_1"":""JPN.9_1"",""migration_date"":""2025-12-20"",""migration_method"":""jaccard1"",""name_1"":""Gifu""}]";Which tropical storm triggered the flood that impacted the Kochi, Gifu, Nagano, Tokushima, Okayama, and Hiroshima regions?;Tropical Storm Praipiroon;single-hop
kg_0020_1;kg_only;KG;emdat_wwa_alignment.xlsx;19;2018-0025-NLD;Netherlands (Kingdom of the);Storm;Extra-tropical storm;https://www.worldweatherattribution.org/the-stormy-month-of-january-2018-over-western-europe/;"event_id: 2018-0025-NLD | Historic: No | Classification Key: nat-met-sto-ext | Disaster Group: Natural | Disaster Subgroup: Meteorological | Disaster Type: Storm | Disaster Subtype: Extra-tropical storm | External IDs: HANZE:20082|HANZE:20496|HANZE:20773|HANZE:20969 | Event Name: 'Friederike' (David) | ISO: NLD | Country: Netherlands (Kingdom of the) | Subregion: Western Europe | Region: Europe | Location: Gelderland, Overijssel (Olst, Enschede and Vuren, Zwolle, Enschede) | OFDA/BHA Response: No | Appeal: No | Declaration: No | Magnitude: 130 | Magnitude Scale: Kph | Start Year: 2018 | Start Month: 1 | Start Day: 17 | End Year: 2018 | End Month: 1 | End Day: 18 | Total Deaths: 3 | Total Damage ('000 US$): 110011 | Total Damage, Adjusted ('000 US$): 141045 | CPI: 77.99726518795474 | Admin Units: [{""adm1_code"":2161,""adm1_name"":""Gelderland""},{""adm1_code"":2166,""adm1_name"":""Overijssel""}] | GADM Admin Units: [{""gid_1"":""NLD.10_1"",""migration_date"":""2025-12-20"",""migration_method"":""jaccard1"",""name_1"":""Overijssel""},{""gid_1"":""NLD.4_1"",""migration_date"":""2025-12-20"",""migration_method"":""jaccard1"",""name_1"":""Gelderland""}]";What was the maximum wind speed recorded for the storm named 'Friederike' (David) in the Netherlands?;130 Kph;single-hop
kg_0020_2;kg_only;KG;emdat_wwa_alignment.xlsx;19;2018-0025-NLD;Netherlands (Kingdom of the);Storm;Extra-tropical storm;https://www.worldweatherattribution.org/the-stormy-month-of-january-2018-over-western-europe/;"event_id: 2018-0025-NLD | Historic: No | Classification Key: nat-met-sto-ext | Disaster Group: Natural | Disaster Subgroup: Meteorological | Disaster Type: Storm | Disaster Subtype: Extra-tropical storm | External IDs: HANZE:20082|HANZE:20496|HANZE:20773|HANZE:20969 | Event Name: 'Friederike' (David) | ISO: NLD | Country: Netherlands (Kingdom of the) | Subregion: Western Europe | Region: Europe | Location: Gelderland, Overijssel (Olst, Enschede and Vuren, Zwolle, Enschede) | OFDA/BHA Response: No | Appeal: No | Declaration: No | Magnitude: 130 | Magnitude Scale: Kph | Start Year: 2018 | Start Month: 1 | Start Day: 17 | End Year: 2018 | End Month: 1 | End Day: 18 | Total Deaths: 3 | Total Damage ('000 US$): 110011 | Total Damage, Adjusted ('000 US$): 141045 | CPI: 77.99726518795474 | Admin Units: [{""adm1_code"":2161,""adm1_name"":""Gelderland""},{""adm1_code"":2166,""adm1_name"":""Overijssel""}] | GADM Admin Units: [{""gid_1"":""NLD.10_1"",""migration_date"":""2025-12-20"",""migration_method"":""jaccard1"",""name_1"":""Overijssel""},{""gid_1"":""NLD.4_1"",""migration_date"":""2025-12-20"",""migration_method"":""jaccard1"",""name_1"":""Gelderland""}]";Which two Dutch provinces were affected by the extra‑tropical storm that occurred on 17–18 January 2018?;Gelderland and Overijssel;multi-attribute
kg_0021_1;kg_only;KG;emdat_wwa_alignment.xlsx;20;2018-0342-USA;United States of America;Storm;Tropical cyclone;https://www.worldweatherattribution.org/hurricane-florence-september-2018/;"event_id: 2018-0342-USA | Historic: No | Classification Key: nat-met-sto-tro | Disaster Group: Natural | Disaster Subgroup: Meteorological | Disaster Type: Storm | Disaster Subtype: Tropical cyclone | External IDs: GLIDE:TC-2018-000420 | Event Name: Hurricane Florence | ISO: USA | Country: United States of America | Subregion: Northern America | Region: Americas | Location: South and North Carolina, Virginia | Associated Types: Flood | OFDA/BHA Response: No | Appeal: No | Declaration: Yes | Magnitude Scale: Kph | Start Year: 2018 | Start Month: 9 | Start Day: 12 | End Year: 2018 | End Month: 9 | End Day: 18 | Total Deaths: 53 | No. Affected: 1500000 | Total Affected: 1500000 | Insured Damage ('000 US$): 5000000 | Insured Damage, Adjusted ('000 US$): 6410481 | Total Damage ('000 US$): 14000000 | Total Damage, Adjusted ('000 US$): 17949347 | CPI: 77.99726518795474 | Admin Units: [{""adm1_code"":3247,""adm1_name"":""North Carolina""},{""adm1_code"":3254,""adm1_name"":""South Carolina""},{""adm1_code"":3260,""adm1_name"":""Virginia""}] | GADM Admin Units: [{""gid_1"":""USA.34_1"",""migration_date"":""2025-12-20"",""migration_method"":""jaccard1"",""name_1"":""North Carolina""},{""gid_1"":""USA.41_1"",""migration_date"":""2025-12-20"",""migration_method"":""jaccard1"",""name_1"":""South Carolina""},{""gid_1"":""USA.47_1"",""migration_date"":""2025-12-20"",""migration_method"":""jaccard1"",""name_1"":""Virginia""}]";How many total deaths were recorded for Hurricane Florence?;53;single-hop
kg_0021_2;kg_only;KG;emdat_wwa_alignment.xlsx;20;2018-0342-USA;United States of America;Storm;Tropical cyclone;https://www.worldweatherattribution.org/hurricane-florence-september-2018/;"event_id: 2018-0342-USA | Historic: No | Classification Key: nat-met-sto-tro | Disaster Group: Natural | Disaster Subgroup: Meteorological | Disaster Type: Storm | Disaster Subtype: Tropical cyclone | External IDs: GLIDE:TC-2018-000420 | Event Name: Hurricane Florence | ISO: USA | Country: United States of America | Subregion: Northern America | Region: Americas | Location: South and North Carolina, Virginia | Associated Types: Flood | OFDA/BHA Response: No | Appeal: No | Declaration: Yes | Magnitude Scale: Kph | Start Year: 2018 | Start Month: 9 | Start Day: 12 | End Year: 2018 | End Month: 9 | End Day: 18 | Total Deaths: 53 | No. Affected: 1500000 | Total Affected: 1500000 | Insured Damage ('000 US$): 5000000 | Insured Damage, Adjusted ('000 US$): 6410481 | Total Damage ('000 US$): 14000000 | Total Damage, Adjusted ('000 US$): 17949347 | CPI: 77.99726518795474 | Admin Units: [{""adm1_code"":3247,""adm1_name"":""North Carolina""},{""adm1_code"":3254,""adm1_name"":""South Carolina""},{""adm1_code"":3260,""adm1_name"":""Virginia""}] | GADM Admin Units: [{""gid_1"":""USA.34_1"",""migration_date"":""2025-12-20"",""migration_method"":""jaccard1"",""name_1"":""North Carolina""},{""gid_1"":""USA.41_1"",""migration_date"":""2025-12-20"",""migration_method"":""jaccard1"",""name_1"":""South Carolina""},{""gid_1"":""USA.47_1"",""migration_date"":""2025-12-20"",""migration_method"":""jaccard1"",""name_1"":""Virginia""}]";What was the adjusted total damage in thousands of US dollars for the storm that impacted North Carolina, South Carolina, and Virginia?;17949347;multi-attribute
kg_0022_1;kg_only;KG;emdat_wwa_alignment.xlsx;21;2019-0492-JPN;Japan;Storm;Tropical cyclone;https://www.worldweatherattribution.org/climate-change-added-4bn-to-damage-of-japans-typhoon-hagibis/;"event_id: 2019-0492-JPN | Historic: No | Classification Key: nat-met-sto-tro | Disaster Group: Natural | Disaster Subgroup: Meteorological | Disaster Type: Storm | Disaster Subtype: Tropical cyclone | External IDs: GLIDE:TC-2019-000128 | Event Name: Tropical cylone 'Hagibis' | ISO: JPN | Country: Japan | Subregion: Eastern Asia | Region: Asia | Location: Tokyo, Fukushima, Miyagi, Shizuoka, Kanawanga, Nagano, Saitama, Gunma, Ibaraki, Tochigi | Associated Types: Flood | OFDA/BHA Response: No | Appeal: No | Declaration: No | Magnitude: 160 | Magnitude Scale: Kph | Start Year: 2019 | Start Month: 10 | Start Day: 12 | End Year: 2019 | End Month: 10 | End Day: 17 | Total Deaths: 99 | No. Injured: 470 | No. Affected: 390000 | Total Affected: 390470 | Insured Damage ('000 US$): 10000000 | Insured Damage, Adjusted ('000 US$): 12592748 | Total Damage ('000 US$): 17000000 | Total Damage, Adjusted ('000 US$): 21407672 | CPI: 79.41078460433721 | Admin Units: [{""adm1_code"":1657,""adm1_name"":""Hukusima""},{""adm1_code"":1659,""adm1_name"":""Gunma""},{""adm1_code"":1663,""adm1_name"":""Ibaraki""},{""adm1_code"":1668,""adm1_name"":""Kanagawa""},{""adm1_code"":1673,""adm1_name"":""Miyagi""},{""adm1_code"":1675,""adm1_name"":""Nagano""},{""adm1_code"":1684,""adm1_name"":""Saitama""},{""adm1_code"":1687,""adm1_name"":""Sizuoka""},{""adm1_code"":1688,""adm1_name"":""Totigi""},{""adm1_code"":1690,""adm1_name"":""Tookyoo""}] | GADM Admin Units: [{""gid_1"":""JPN.10_1"",""migration_date"":""2025-12-20"",""migration_method"":""jaccard1"",""name_1"":""Gunma""},{""gid_1"":""JPN.14_1"",""migration_date"":""2025-12-20"",""migration_method"":""jaccard1"",""name_1"":""Ibaraki""},{""gid_1"":""JPN.19_1"",""migration_date"":""2025-12-20"",""migration_method"":""jaccard1"",""name_1"":""Kanagawa""},{""gid_1"":""JPN.24_1"",""migration_date"":""2025-12-20"",""migration_method"":""jaccard1"",""name_1"":""Miyagi""},{""gid_1"":""JPN.26_1"",""migration_date"":""2025-12-20"",""migration_method"":""jaccard1"",""name_1"":""Nagano""},{""gid_1"":""JPN.35_1"",""migration_date"":""2025-12-20"",""migration_method"":""jaccard1"",""name_1"":""Saitama""},{""gid_1"":""JPN.38_1"",""migration_date"":""2025-12-20"",""migration_method"":""jaccard1"",""name_1"":""Shizuoka""},{""gid_1"":""JPN.39_1"",""migration_date"":""2025-12-20"",""migration_method"":""jaccard1"",""name_1"":""Tochigi""},{""gid_1"":""JPN.41_1"",""migration_date"":""2025-12-20"",""migration_method"":""jaccard1"",""name_1"":""Tokyo""},{""gid_1"":""JPN.8_1"",""migration_date"":""2025-12-20"",""migration_method"":""jaccard1"",""name_1"":""Fukushima""}]";What was the maximum wind speed of Tropical cyclone 'Hagibis' in Kph?;160;single-hop
kg_0022_2;kg_only;KG;emdat_wwa_alignment.xlsx;21;2019-0492-JPN;Japan;Storm;Tropical cyclone;https://www.worldweatherattribution.org/climate-change-added-4bn-to-damage-of-japans-typhoon-hagibis/;"event_id: 2019-0492-JPN | Historic: No | Classification Key: nat-met-sto-tro | Disaster Group: Natural | Disaster Subgroup: Meteorological | Disaster Type: Storm | Disaster Subtype: Tropical cyclone | External IDs: GLIDE:TC-2019-000128 | Event Name: Tropical cylone 'Hagibis' | ISO: JPN | Country: Japan | Subregion: Eastern Asia | Region: Asia | Location: Tokyo, Fukushima, Miyagi, Shizuoka, Kanawanga, Nagano, Saitama, Gunma, Ibaraki, Tochigi | Associated Types: Flood | OFDA/BHA Response: No | Appeal: No | Declaration: No | Magnitude: 160 | Magnitude Scale: Kph | Start Year: 2019 | Start Month: 10 | Start Day: 12 | End Year: 2019 | End Month: 10 | End Day: 17 | Total Deaths: 99 | No. Injured: 470 | No. Affected: 390000 | Total Affected: 390470 | Insured Damage ('000 US$): 10000000 | Insured Damage, Adjusted ('000 US$): 12592748 | Total Damage ('000 US$): 17000000 | Total Damage, Adjusted ('000 US$): 21407672 | CPI: 79.41078460433721 | Admin Units: [{""adm1_code"":1657,""adm1_name"":""Hukusima""},{""adm1_code"":1659,""adm1_name"":""Gunma""},{""adm1_code"":1663,""adm1_name"":""Ibaraki""},{""adm1_code"":1668,""adm1_name"":""Kanagawa""},{""adm1_code"":1673,""adm1_name"":""Miyagi""},{""adm1_code"":1675,""adm1_name"":""Nagano""},{""adm1_code"":1684,""adm1_name"":""Saitama""},{""adm1_code"":1687,""adm1_name"":""Sizuoka""},{""adm1_code"":1688,""adm1_name"":""Totigi""},{""adm1_code"":1690,""adm1_name"":""Tookyoo""}] | GADM Admin Units: [{""gid_1"":""JPN.10_1"",""migration_date"":""2025-12-20"",""migration_method"":""jaccard1"",""name_1"":""Gunma""},{""gid_1"":""JPN.14_1"",""migration_date"":""2025-12-20"",""migration_method"":""jaccard1"",""name_1"":""Ibaraki""},{""gid_1"":""JPN.19_1"",""migration_date"":""2025-12-20"",""migration_method"":""jaccard1"",""name_1"":""Kanagawa""},{""gid_1"":""JPN.24_1"",""migration_date"":""2025-12-20"",""migration_method"":""jaccard1"",""name_1"":""Miyagi""},{""gid_1"":""JPN.26_1"",""migration_date"":""2025-12-20"",""migration_method"":""jaccard1"",""name_1"":""Nagano""},{""gid_1"":""JPN.35_1"",""migration_date"":""2025-12-20"",""migration_method"":""jaccard1"",""name_1"":""Saitama""},{""gid_1"":""JPN.38_1"",""migration_date"":""2025-12-20"",""migration_method"":""jaccard1"",""name_1"":""Shizuoka""},{""gid_1"":""JPN.39_1"",""migration_date"":""2025-12-20"",""migration_method"":""jaccard1"",""name_1"":""Tochigi""},{""gid_1"":""JPN.41_1"",""migration_date"":""2025-12-20"",""migration_method"":""jaccard1"",""name_1"":""Tokyo""},{""gid_1"":""JPN.8_1"",""migration_date"":""2025-12-20"",""migration_method"":""jaccard1"",""name_1"":""Fukushima""}]";How many total deaths and injuries were reported from the cyclone ‘Hagibis’?;99 deaths and 470 injured;multi-attribute
kg_0023_1;kg_only;KG;emdat_wwa_alignment.xlsx;22;2019-0296-FRA;France;Extreme temperature;Heat wave;https://www.worldweatherattribution.org/human-contribution-to-record-breaking-june-2019-heatwave-in-france/;"event_id: 2019-0296-FRA | Historic: No | Classification Key: nat-met-ext-hea | Disaster Group: Natural | Disaster Subgroup: Meteorological | Disaster Type: Extreme temperature | Disaster Subtype: Heat wave | ISO: FRA | Country: France | Subregion: Western Europe | Region: Europe | Location: Vaucluse, Bouches-du-Rhône, Hérault, Gard | OFDA/BHA Response: No | Appeal: No | Declaration: No | Magnitude: 46 | Magnitude Scale: °C | Start Year: 2019 | Start Month: 6 | Start Day: 24 | End Year: 2019 | End Month: 7 | End Day: 7 | Total Deaths: 567 | CPI: 79.41078460433721 | Admin Units: [{""adm2_code"":16287,""adm2_name"":""Herault""}] | GADM Admin Units: [{""gid_2"":""FRA.11.8_1"",""migration_date"":""2025-12-20"",""migration_method"":""jaccard2"",""name_2"":""Hérault""}]";How many people died as a result of the heat wave in France in 2019?;567;single-hop
kg_0023_2;kg_only;KG;emdat_wwa_alignment.xlsx;22;2019-0296-FRA;France;Extreme temperature;Heat wave;https://www.worldweatherattribution.org/human-contribution-to-record-breaking-june-2019-heatwave-in-france/;"event_id: 2019-0296-FRA | Historic: No | Classification Key: nat-met-ext-hea | Disaster Group: Natural | Disaster Subgroup: Meteorological | Disaster Type: Extreme temperature | Disaster Subtype: Heat wave | ISO: FRA | Country: France | Subregion: Western Europe | Region: Europe | Location: Vaucluse, Bouches-du-Rhône, Hérault, Gard | OFDA/BHA Response: No | Appeal: No | Declaration: No | Magnitude: 46 | Magnitude Scale: °C | Start Year: 2019 | Start Month: 6 | Start Day: 24 | End Year: 2019 | End Month: 7 | End Day: 7 | Total Deaths: 567 | CPI: 79.41078460433721 | Admin Units: [{""adm2_code"":16287,""adm2_name"":""Herault""}] | GADM Admin Units: [{""gid_2"":""FRA.11.8_1"",""migration_date"":""2025-12-20"",""migration_method"":""jaccard2"",""name_2"":""Hérault""}]";What were the start and end dates of the extreme temperature event affecting Vaucluse, Bouches-du-Rhône, Hérault, and Gard?;June 24, 2019 to July 7, 2019;multi-attribute
kg_0024_1;kg_only;KG;emdat_wwa_alignment.xlsx;23;2019-0417-USA;United States of America;Storm;Tropical cyclone;https://www.worldweatherattribution.org/rapid-attribution-of-the-extreme-rainfall-in-texas-from-tropical-storm-imelda/;"event_id: 2019-0417-USA | Historic: No | Classification Key: nat-met-sto-tro | Disaster Group: Natural | Disaster Subgroup: Meteorological | Disaster Type: Storm | Disaster Subtype: Tropical cyclone | External IDs: GLIDE:TC-2019-000186 | Event Name: Tropical storm ' Imelda' | ISO: USA | Country: United States of America | Subregion: Northern America | Region: Americas | Location: Texas | Associated Types: Flood | OFDA/BHA Response: No | Appeal: No | Declaration: No | Magnitude: 65 | Magnitude Scale: Kph | Start Year: 2019 | Start Month: 9 | Start Day: 17 | End Year: 2019 | End Month: 9 | End Day: 21 | Total Deaths: 5 | No. Affected: 1000 | Total Affected: 1000 | Insured Damage ('000 US$): 1200000 | Insured Damage, Adjusted ('000 US$): 1511130 | Total Damage ('000 US$): 3500000 | Total Damage, Adjusted ('000 US$): 4407462 | CPI: 79.41078460433721 | Admin Units: [{""adm1_code"":3257,""adm1_name"":""Texas""}] | GADM Admin Units: [{""gid_1"":""USA.44_1"",""migration_date"":""2025-12-20"",""migration_method"":""jaccard1"",""name_1"":""Texas""}]";What was the magnitude of the storm in Texas in September 2019 measured in Kph?;65;single-hop
kg_0024_2;kg_only;KG;emdat_wwa_alignment.xlsx;23;2019-0417-USA;United States of America;Storm;Tropical cyclone;https://www.worldweatherattribution.org/rapid-attribution-of-the-extreme-rainfall-in-texas-from-tropical-storm-imelda/;"event_id: 2019-0417-USA | Historic: No | Classification Key: nat-met-sto-tro | Disaster Group: Natural | Disaster Subgroup: Meteorological | Disaster Type: Storm | Disaster Subtype: Tropical cyclone | External IDs: GLIDE:TC-2019-000186 | Event Name: Tropical storm ' Imelda' | ISO: USA | Country: United States of America | Subregion: Northern America | Region: Americas | Location: Texas | Associated Types: Flood | OFDA/BHA Response: No | Appeal: No | Declaration: No | Magnitude: 65 | Magnitude Scale: Kph | Start Year: 2019 | Start Month: 9 | Start Day: 17 | End Year: 2019 | End Month: 9 | End Day: 21 | Total Deaths: 5 | No. Affected: 1000 | Total Affected: 1000 | Insured Damage ('000 US$): 1200000 | Insured Damage, Adjusted ('000 US$): 1511130 | Total Damage ('000 US$): 3500000 | Total Damage, Adjusted ('000 US$): 4407462 | CPI: 79.41078460433721 | Admin Units: [{""adm1_code"":3257,""adm1_name"":""Texas""}] | GADM Admin Units: [{""gid_1"":""USA.44_1"",""migration_date"":""2025-12-20"",""migration_method"":""jaccard1"",""name_1"":""Texas""}]";Which disaster subtype and associated type were reported for the storm that hit Texas in September 2019?;Tropical cyclone and Flood;multi-attribute
kg_0025_1;kg_only;KG;emdat_wwa_alignment.xlsx;24;2020-9609-KEN;Kenya;Drought;Drought;https://www.worldweatherattribution.org/human-induced-climate-change-increased-drought-severity-in-southern-horn-of-africa/;"event_id: 2020-9609-KEN | Historic: No | Classification Key: nat-cli-dro-dro | Disaster Group: Natural | Disaster Subgroup: Climatological | Disaster Type: Drought | Disaster Subtype: Drought | External IDs: GLIDE:DR-2021-000054|GLIDE:DR-2021-000111 | ISO: KEN | Country: Kenya | Subregion: Sub-Saharan Africa | Region: Africa | Location: Marsabit, Mandera, Garissa, Wajir, Kilifi, Tana River, Makueni, Lamu, Samburu, Kitui, Isiolo and Laikipia | Origin: Lack of rains | Associated Types: Food shortage | OFDA/BHA Response: Yes | Appeal: No | Declaration: No | Magnitude Scale: Km2 | Start Year: 2020 | Start Month: 12 | End Year: 2022 | End Month: 12 | No. Affected: 4500000 | Total Affected: 4500000 | Total Damage ('000 US$): 250000 | Total Damage, Adjusted ('000 US$): 310982 | CPI: 80.39038300821143 | Admin Units: [{""adm2_code"":51340,""adm2_name"":""Kilifi""},{""adm2_code"":51342,""adm2_name"":""Lamu""},{""adm2_code"":51346,""adm2_name"":""Tana River""},{""adm2_code"":51348,""adm2_name"":""Isiolo""},{""adm2_code"":51349,""adm2_name"":""Kitui""},{""adm2_code"":51351,""adm2_name"":""Makueni""},{""adm2_code"":51352,""adm2_name"":""Marsabit""},{""adm2_code"":51361,""adm2_name"":""Garissa""},{""adm2_code"":51363,""adm2_name"":""Mandera""},{""adm2_code"":51364,""adm2_name"":""Wajir""},{""adm2_code"":51384,""adm2_name"":""Laikipia""},{""adm2_code"":51389,""adm2_name"":""Samburu""}] | GADM Admin Units: [{""gid_2"":""KEN.14.1_1"",""migration_date"":""2025-12-20"",""migration_method"":""puzzle2_2"",""name_2"":""Ganze""},{""gid_2"":""KEN.14.2_1"",""migration_date"":""2025-12-20"",""migration_method"":""puzzle2_2"",""name_2"":""Kaloleni""},{""gid_2"":""KEN.14.3_1"",""migration_date"":""2025-12-20"",""migration_method"":""puzzle2_2"",""name_2"":""Kilifi North""},{""gid_2"":""KEN.14.4_1"",""migration_date"":""2025-12-20"",""migration_method"":""puzzle2_2"",""name_2"":""Kilifi South""},{""gid_2"":""KEN.14.7_1"",""migration_date"":""2025-12-20"",""migration_method"":""puzzle2_2"",""name_2"":""Rabai""},{""gid_2"":""KEN.18.1_1"",""migration_date"":""2025-12-20"",""migration_method"":""puzzle2_2"",""name_2"":""Kitui Central""},{""gid_2"":""KEN.18.2_1"",""migration_date"":""2025-12-20"",""migration_method"":""puzzle2_2"",""name_2"":""Kitui East""},{""gid_2"":""KEN.18.3_1"",""migration_date"":""2025-12-20"",""migration_method"":""puzzle2_2"",""name_2"":""Kitui Rural""},{""gid_2"":""KEN.18.4_1"",""migration_date"":""2025-12-20"",""migration_method"":""puzzle2_2"",""name_2"":""Kitui South""},{""gid_2"":""KEN.18.5_1"",""migration_date"":""2025-12-20"",""migration_method"":""puzzle2_2"",""name_2"":""Kitui West""},{""gid_2"":""KEN.20.1_1"",""migration_date"":""2025-12-20"",""migration_method"":""puzzle2_2"",""name_2"":""Laikipia East""},{""gid_2"":""KEN.20.2_1"",""migration_date"":""2025-12-20"",""migration_method"":""puzzle2_2"",""name_2"":""Laikipia North""},{""gid_2"":""KEN.20.3_1"",""migration_date"":""2025-12-20"",""migration_method"":""puzzle2_2"",""name_2"":""Laikipia West""},{""gid_2"":""KEN.21.1_1"",""migration_date"":""2025-12-20"",""migration_method"":""puzzle2_2"",""name_2"":""Lamu East""},{""gid_2"":""KEN.21.2_1"",""migration_date"":""2025-12-20"",""migration_method"":""puzzle2_2"",""name_2"":""Lamu West""},{""gid_2"":""KEN.23.1_1"",""migration_date"":""2025-12-20"",""migration_method"":""puzzle2_2"",""name_2"":""Kaiti""},{""gid_2"":""KEN.23.2_1"",""migration_date"":""2025-12-20"",""migration_method"":""puzzle2_2"",""name_2"":""Kibwezi East""},{""gid_2"":""KEN.23.3_1"",""migration_date"":""2025-12-20"",""migration_method"":""puzzle2_2"",""name_2"":""Kibwezi West""},{""gid_2"":""KEN.23.4_1"",""migration_date"":""2025-12-20"",""migration_method"":""puzzle2_2"",""name_2"":""Kilome""},{""gid_2"":""KEN.23.5_1"",""migration_date"":""2025-12-20"",""migration_method"":""puzzle2_2"",""name_2"":""Makueni""},{""gid_2"":""KEN.23.6_1"",""migration_date"":""2025-12-20"",""migration_method"":""puzzle2_2"",""name_2"":""Mbooni""},{""gid_2"":""KEN.24.1_1"",""migration_date"":""2025-12-20"",""migration_method"":""puzzle2_2"",""name_2"":""Banissa""},{""gid_2"":""KEN.24.2_1"",""migration_date"":""2025-12-20"",""migration_method"":""puzzle2_2"",""name_2"":""Lafey""},{""gid_2"":""KEN.24.3_1"",""migration_date"":""2025-12-20"",""migration_method"":""puzzle2_2"",""name_2"":""Mandera East""},{""gid_2"":""KEN.24.4_1"",""migration_date"":""2025-12-20"",""migration_method"":""puzzle2_2"",""name_2"":""Mandera North""},{""gid_2"":""KEN.24.5_1"",""migration_date"":""2025-12-20"",""migration_method"":""puzzle2_2"",""name_2"":""Mandera South""},{""gid_2"":""KEN.24.6_1"",""migration_date"":""2025-12-20"",""migration_method"":""puzzle2_2"",""name_2"":""Mandera West""},{""gid_2"":""KEN.24.7_1"",""migration_date"":""2025-12-20"",""migration_method"":""puzzle2_2"",""name_2"":""unknown 1""},{""gid_2"":""KEN.25.1_1"",""migration_date"":""2025-12-20"",""migration_method"":""puzzle2_2"",""name_2"":""Laisamis""},{""gid_2"":""KEN.25.3_1"",""migration_date"":""2025-12-20"",""migration_method"":""puzzle2_2"",""name_2"":""North Horr""},{""gid_2"":""KEN.25.4_1"",""migration_date"":""2025-12-20"",""migration_method"":""puzzle2_2"",""name_2"":""Saku""},{""gid_2"":""KEN.37.1_1"",""migration_date"":""2025-12-20"",""migration_method"":""puzzle2_2"",""name_2"":""Samburu East""},{""gid_2"":""KEN.37.2_1"",""migration_date"":""2025-12-20"",""migration_method"":""puzzle2_2"",""name_2"":""Samburu North""},{""gid_2"":""KEN.37.3_1"",""migration_date"":""2025-12-20"",""migration_method"":""puzzle2_2"",""name_2"":""Samburu West""},{""gid_2"":""KEN.40.1_1"",""migration_date"":""2025-12-20"",""migration_method"":""puzzle2_2"",""name_2"":""Bura""},{""gid_2"":""KEN.40.2_1"",""migration_date"":""2025-12-20"",""migration_method"":""puzzle2_2"",""name_2"":""Galole""},{""gid_2"":""KEN.40.3_1"",""migration_date"":""2025-12-20"",""migration_method"":""puzzle2_2"",""name_2"":""Garsen""},{""gid_2"":""KEN.46.1_1"",""migration_date"":""2025-12-20"",""migration_method"":""puzzle2_2"",""name_2"":""Eldas""},{""gid_2"":""KEN.46.2_1"",""migration_date"":""2025-12-20"",""migration_method"":""puzzle2_2"",""name_2"":""Tarbaj""},{""gid_2"":""KEN.46.3_1"",""migration_date"":""2025-12-20"",""migration_method"":""puzzle2_2"",""name_2"":""Wajir East""},{""gid_2"":""KEN.46.4_1"",""migration_date"":""2025-12-20"",""migration_method"":""puzzle2_2"",""name_2"":""Wajir North""},{""gid_2"":""KEN.46.5_1"",""migration_date"":""2025-12-20"",""migration_method"":""puzzle2_2"",""name_2"":""Wajir South""},{""gid_2"":""KEN.46.6_1"",""migration_date"":""2025-12-20"",""migration_method"":""puzzle2_2"",""name_2"":""Wajir West""},{""gid_2"":""KEN.7.1_1"",""migration_date"":""2025-12-20"",""migration_method"":""puzzle2_2"",""name_2"":""Balambala""},{""gid_2"":""KEN.7.2_1"",""migration_date"":""2025-12-20"",""migration_method"":""puzzle2_2"",""name_2"":""Daadab""},{""gid_2"":""KEN.7.3_1"",""migration_date"":""2025-12-20"",""migration_method"":""puzzle2_2"",""name_2"":""Fafi""},{""gid_2"":""KEN.7.4_1"",""migration_date"":""2025-12-20"",""migration_method"":""puzzle2_2"",""name_2"":""Garissa Township""},{""gid_2"":""KEN.7.6_1"",""migration_date"":""2025-12-20"",""migration_method"":""puzzle2_2"",""name_2"":""Lagdera""},{""gid_2"":""KEN.9.1_1"",""migration_date"":""2025-12-20"",""migration_method"":""puzzle2_2"",""name_2"":""Isiolo North""},{""gid_2"":""KEN.9.2_1"",""migration_date"":""2025-12-20"",""migration_method"":""puzzle2_2"",""name_2"":""Isiolo South""}]";How many people were reported as affected by the drought in Kenya in 2020?;4500000;single-hop
kg_0025_2;kg_only;KG;emdat_wwa_alignment.xlsx;24;2020-9609-KEN;Kenya;Drought;Drought;https://www.worldweatherattribution.org/human-induced-climate-change-increased-drought-severity-in-southern-horn-of-africa/;"event_id: 2020-9609-KEN | Historic: No | Classification Key: nat-cli-dro-dro | Disaster Group: Natural | Disaster Subgroup: Climatological | Disaster Type: Drought | Disaster Subtype: Drought | External IDs: GLIDE:DR-2021-000054|GLIDE:DR-2021-000111 | ISO: KEN | Country: Kenya | Subregion: Sub-Saharan Africa | Region: Africa | Location: Marsabit, Mandera, Garissa, Wajir, Kilifi, Tana River, Makueni, Lamu, Samburu, Kitui, Isiolo and Laikipia | Origin: Lack of rains | Associated Types: Food shortage | OFDA/BHA Response: Yes | Appeal: No | Declaration: No | Magnitude Scale: Km2 | Start Year: 2020 | Start Month: 12 | End Year: 2022 | End Month: 12 | No. Affected: 4500000 | Total Affected: 4500000 | Total Damage ('000 US$): 250000 | Total Damage, Adjusted ('000 US$): 310982 | CPI: 80.39038300821143 | Admin Units: [{""adm2_code"":51340,""adm2_name"":""Kilifi""},{""adm2_code"":51342,""adm2_name"":""Lamu""},{""adm2_code"":51346,""adm2_name"":""Tana River""},{""adm2_code"":51348,""adm2_name"":""Isiolo""},{""adm2_code"":51349,""adm2_name"":""Kitui""},{""adm2_code"":51351,""adm2_name"":""Makueni""},{""adm2_code"":51352,""adm2_name"":""Marsabit""},{""adm2_code"":51361,""adm2_name"":""Garissa""},{""adm2_code"":51363,""adm2_name"":""Mandera""},{""adm2_code"":51364,""adm2_name"":""Wajir""},{""adm2_code"":51384,""adm2_name"":""Laikipia""},{""adm2_code"":51389,""adm2_name"":""Samburu""}] | GADM Admin Units: [{""gid_2"":""KEN.14.1_1"",""migration_date"":""2025-12-20"",""migration_method"":""puzzle2_2"",""name_2"":""Ganze""},{""gid_2"":""KEN.14.2_1"",""migration_date"":""2025-12-20"",""migration_method"":""puzzle2_2"",""name_2"":""Kaloleni""},{""gid_2"":""KEN.14.3_1"",""migration_date"":""2025-12-20"",""migration_method"":""puzzle2_2"",""name_2"":""Kilifi North""},{""gid_2"":""KEN.14.4_1"",""migration_date"":""2025-12-20"",""migration_method"":""puzzle2_2"",""name_2"":""Kilifi South""},{""gid_2"":""KEN.14.7_1"",""migration_date"":""2025-12-20"",""migration_method"":""puzzle2_2"",""name_2"":""Rabai""},{""gid_2"":""KEN.18.1_1"",""migration_date"":""2025-12-20"",""migration_method"":""puzzle2_2"",""name_2"":""Kitui Central""},{""gid_2"":""KEN.18.2_1"",""migration_date"":""2025-12-20"",""migration_method"":""puzzle2_2"",""name_2"":""Kitui East""},{""gid_2"":""KEN.18.3_1"",""migration_date"":""2025-12-20"",""migration_method"":""puzzle2_2"",""name_2"":""Kitui Rural""},{""gid_2"":""KEN.18.4_1"",""migration_date"":""2025-12-20"",""migration_method"":""puzzle2_2"",""name_2"":""Kitui South""},{""gid_2"":""KEN.18.5_1"",""migration_date"":""2025-12-20"",""migration_method"":""puzzle2_2"",""name_2"":""Kitui West""},{""gid_2"":""KEN.20.1_1"",""migration_date"":""2025-12-20"",""migration_method"":""puzzle2_2"",""name_2"":""Laikipia East""},{""gid_2"":""KEN.20.2_1"",""migration_date"":""2025-12-20"",""migration_method"":""puzzle2_2"",""name_2"":""Laikipia North""},{""gid_2"":""KEN.20.3_1"",""migration_date"":""2025-12-20"",""migration_method"":""puzzle2_2"",""name_2"":""Laikipia West""},{""gid_2"":""KEN.21.1_1"",""migration_date"":""2025-12-20"",""migration_method"":""puzzle2_2"",""name_2"":""Lamu East""},{""gid_2"":""KEN.21.2_1"",""migration_date"":""2025-12-20"",""migration_method"":""puzzle2_2"",""name_2"":""Lamu West""},{""gid_2"":""KEN.23.1_1"",""migration_date"":""2025-12-20"",""migration_method"":""puzzle2_2"",""name_2"":""Kaiti""},{""gid_2"":""KEN.23.2_1"",""migration_date"":""2025-12-20"",""migration_method"":""puzzle2_2"",""name_2"":""Kibwezi East""},{""gid_2"":""KEN.23.3_1"",""migration_date"":""2025-12-20"",""migration_method"":""puzzle2_2"",""name_2"":""Kibwezi West""},{""gid_2"":""KEN.23.4_1"",""migration_date"":""2025-12-20"",""migration_method"":""puzzle2_2"",""name_2"":""Kilome""},{""gid_2"":""KEN.23.5_1"",""migration_date"":""2025-12-20"",""migration_method"":""puzzle2_2"",""name_2"":""Makueni""},{""gid_2"":""KEN.23.6_1"",""migration_date"":""2025-12-20"",""migration_method"":""puzzle2_2"",""name_2"":""Mbooni""},{""gid_2"":""KEN.24.1_1"",""migration_date"":""2025-12-20"",""migration_method"":""puzzle2_2"",""name_2"":""Banissa""},{""gid_2"":""KEN.24.2_1"",""migration_date"":""2025-12-20"",""migration_method"":""puzzle2_2"",""name_2"":""Lafey""},{""gid_2"":""KEN.24.3_1"",""migration_date"":""2025-12-20"",""migration_method"":""puzzle2_2"",""name_2"":""Mandera East""},{""gid_2"":""KEN.24.4_1"",""migration_date"":""2025-12-20"",""migration_method"":""puzzle2_2"",""name_2"":""Mandera North""},{""gid_2"":""KEN.24.5_1"",""migration_date"":""2025-12-20"",""migration_method"":""puzzle2_2"",""name_2"":""Mandera South""},{""gid_2"":""KEN.24.6_1"",""migration_date"":""2025-12-20"",""migration_method"":""puzzle2_2"",""name_2"":""Mandera West""},{""gid_2"":""KEN.24.7_1"",""migration_date"":""2025-12-20"",""migration_method"":""puzzle2_2"",""name_2"":""unknown 1""},{""gid_2"":""KEN.25.1_1"",""migration_date"":""2025-12-20"",""migration_method"":""puzzle2_2"",""name_2"":""Laisamis""},{""gid_2"":""KEN.25.3_1"",""migration_date"":""2025-12-20"",""migration_method"":""puzzle2_2"",""name_2"":""North Horr""},{""gid_2"":""KEN.25.4_1"",""migration_date"":""2025-12-20"",""migration_method"":""puzzle2_2"",""name_2"":""Saku""},{""gid_2"":""KEN.37.1_1"",""migration_date"":""2025-12-20"",""migration_method"":""puzzle2_2"",""name_2"":""Samburu East""},{""gid_2"":""KEN.37.2_1"",""migration_date"":""2025-12-20"",""migration_method"":""puzzle2_2"",""name_2"":""Samburu North""},{""gid_2"":""KEN.37.3_1"",""migration_date"":""2025-12-20"",""migration_method"":""puzzle2_2"",""name_2"":""Samburu West""},{""gid_2"":""KEN.40.1_1"",""migration_date"":""2025-12-20"",""migration_method"":""puzzle2_2"",""name_2"":""Bura""},{""gid_2"":""KEN.40.2_1"",""migration_date"":""2025-12-20"",""migration_method"":""puzzle2_2"",""name_2"":""Galole""},{""gid_2"":""KEN.40.3_1"",""migration_date"":""2025-12-20"",""migration_method"":""puzzle2_2"",""name_2"":""Garsen""},{""gid_2"":""KEN.46.1_1"",""migration_date"":""2025-12-20"",""migration_method"":""puzzle2_2"",""name_2"":""Eldas""},{""gid_2"":""KEN.46.2_1"",""migration_date"":""2025-12-20"",""migration_method"":""puzzle2_2"",""name_2"":""Tarbaj""},{""gid_2"":""KEN.46.3_1"",""migration_date"":""2025-12-20"",""migration_method"":""puzzle2_2"",""name_2"":""Wajir East""},{""gid_2"":""KEN.46.4_1"",""migration_date"":""2025-12-20"",""migration_method"":""puzzle2_2"",""name_2"":""Wajir North""},{""gid_2"":""KEN.46.5_1"",""migration_date"":""2025-12-20"",""migration_method"":""puzzle2_2"",""name_2"":""Wajir South""},{""gid_2"":""KEN.46.6_1"",""migration_date"":""2025-12-20"",""migration_method"":""puzzle2_2"",""name_2"":""Wajir West""},{""gid_2"":""KEN.7.1_1"",""migration_date"":""2025-12-20"",""migration_method"":""puzzle2_2"",""name_2"":""Balambala""},{""gid_2"":""KEN.7.2_1"",""migration_date"":""2025-12-20"",""migration_method"":""puzzle2_2"",""name_2"":""Daadab""},{""gid_2"":""KEN.7.3_1"",""migration_date"":""2025-12-20"",""migration_method"":""puzzle2_2"",""name_2"":""Fafi""},{""gid_2"":""KEN.7.4_1"",""migration_date"":""2025-12-20"",""migration_method"":""puzzle2_2"",""name_2"":""Garissa Township""},{""gid_2"":""KEN.7.6_1"",""migration_date"":""2025-12-20"",""migration_method"":""puzzle2_2"",""name_2"":""Lagdera""},{""gid_2"":""KEN.9.1_1"",""migration_date"":""2025-12-20"",""migration_method"":""puzzle2_2"",""name_2"":""Isiolo North""},{""gid_2"":""KEN.9.2_1"",""migration_date"":""2025-12-20"",""migration_method"":""puzzle2_2"",""name_2"":""Isiolo South""}]";What was the adjusted total damage in thousands of US dollars for the drought event in Kenya in 2020?;310982;single-hop
kg_0026_1;kg_only;KG;emdat_wwa_alignment.xlsx;25;2021-9548-SYR;Syrian Arab Republic;Drought;Drought;https://www.worldweatherattribution.org/human-induced-climate-change-compounded-by-socio-economic-water-stressors-increased-severity-of-drought-in-syria-iraq-and-iran/;"event_id: 2021-9548-SYR | Historic: No | Classification Key: nat-cli-dro-dro | Disaster Group: Natural | Disaster Subgroup: Climatological | Disaster Type: Drought | Disaster Subtype: Drought | External IDs: GLIDE:DR-2021-000119 | ISO: SYR | Country: Syrian Arab Republic | Subregion: Western Asia | Region: Asia | Location: Hasakah, Aleppo, Raqqa, Deir-ez-Zor, Homs | Origin: Poor precipitation, abnormally high air temperatures | Associated Types: Food shortage | OFDA/BHA Response: No | Appeal: No | Declaration: No | Magnitude Scale: Km2 | Start Year: 2021 | Start Month: 1 | End Year: 2022 | End Month: 7 | No. Affected: 5500000 | Total Affected: 5500000 | CPI: 84.16698295725244 | Admin Units: [{""adm1_code"":2834,""adm1_name"":""Aleppo""},{""adm1_code"":2839,""adm1_name"":""Dayr_Az_Zor""},{""adm1_code"":2841,""adm1_name"":""Hassakeh""},{""adm1_code"":2842,""adm1_name"":""Homs""},{""adm1_code"":2845,""adm1_name"":""Raqqa""}] | GADM Admin Units: [{""gid_1"":""SYR.1_1"",""migration_date"":""2025-12-20"",""migration_method"":""jaccard1"",""name_1"":""Al Ḥasakah""},{""gid_1"":""SYR.2_1"",""migration_date"":""2025-12-20"",""migration_method"":""jaccard1"",""name_1"":""Aleppo""},{""gid_1"":""SYR.3_1"",""migration_date"":""2025-12-20"",""migration_method"":""jaccard1"",""name_1"":""Ar Raqqah""},{""gid_1"":""SYR.7_1"",""migration_date"":""2025-12-20"",""migration_method"":""jaccard1"",""name_1"":""Dayr Az Zawr""},{""gid_1"":""SYR.9_1"",""migration_date"":""2025-12-20"",""migration_method"":""jaccard1"",""name_1"":""Hims""}]";What was the primary disaster type of the 2021 event in the Syrian Arab Republic?;Drought;single-hop
kg_0026_2;kg_only;KG;emdat_wwa_alignment.xlsx;25;2021-9548-SYR;Syrian Arab Republic;Drought;Drought;https://www.worldweatherattribution.org/human-induced-climate-change-compounded-by-socio-economic-water-stressors-increased-severity-of-drought-in-syria-iraq-and-iran/;"event_id: 2021-9548-SYR | Historic: No | Classification Key: nat-cli-dro-dro | Disaster Group: Natural | Disaster Subgroup: Climatological | Disaster Type: Drought | Disaster Subtype: Drought | External IDs: GLIDE:DR-2021-000119 | ISO: SYR | Country: Syrian Arab Republic | Subregion: Western Asia | Region: Asia | Location: Hasakah, Aleppo, Raqqa, Deir-ez-Zor, Homs | Origin: Poor precipitation, abnormally high air temperatures | Associated Types: Food shortage | OFDA/BHA Response: No | Appeal: No | Declaration: No | Magnitude Scale: Km2 | Start Year: 2021 | Start Month: 1 | End Year: 2022 | End Month: 7 | No. Affected: 5500000 | Total Affected: 5500000 | CPI: 84.16698295725244 | Admin Units: [{""adm1_code"":2834,""adm1_name"":""Aleppo""},{""adm1_code"":2839,""adm1_name"":""Dayr_Az_Zor""},{""adm1_code"":2841,""adm1_name"":""Hassakeh""},{""adm1_code"":2842,""adm1_name"":""Homs""},{""adm1_code"":2845,""adm1_name"":""Raqqa""}] | GADM Admin Units: [{""gid_1"":""SYR.1_1"",""migration_date"":""2025-12-20"",""migration_method"":""jaccard1"",""name_1"":""Al Ḥasakah""},{""gid_1"":""SYR.2_1"",""migration_date"":""2025-12-20"",""migration_method"":""jaccard1"",""name_1"":""Aleppo""},{""gid_1"":""SYR.3_1"",""migration_date"":""2025-12-20"",""migration_method"":""jaccard1"",""name_1"":""Ar Raqqah""},{""gid_1"":""SYR.7_1"",""migration_date"":""2025-12-20"",""migration_method"":""jaccard1"",""name_1"":""Dayr Az Zawr""},{""gid_1"":""SYR.9_1"",""migration_date"":""2025-12-20"",""migration_method"":""jaccard1"",""name_1"":""Hims""}]";During which months and years did the drought event in Syria begin and end?;January 2021 to July 2022;multi-attribute
kg_0027_1;kg_only;KG;emdat_wwa_alignment.xlsx;26;2021-0390-USA;United States of America;Extreme temperature;Heat wave;https://www.worldweatherattribution.org/western-north-american-extreme-heat-virtually-impossible-without-human-caused-climate-change/;"event_id: 2021-0390-USA | Historic: No | Classification Key: nat-met-ext-hea | Disaster Group: Natural | Disaster Subgroup: Meteorological | Disaster Type: Extreme temperature | Disaster Subtype: Heat wave | ISO: USA | Country: United States of America | Subregion: Northern America | Region: Americas | Location: Oregon, Washington, Northern California, Idaho, Western Nevada | OFDA/BHA Response: No | Appeal: No | Declaration: No | Magnitude: 46.8 | Magnitude Scale: °C | Start Year: 2021 | Start Month: 6 | Start Day: 26 | End Year: 2021 | End Month: 6 | End Day: 30 | Total Deaths: 229 | CPI: 84.16698295725244 | Admin Units: [{""adm1_code"":3218,""adm1_name"":""California""},{""adm1_code"":3226,""adm1_name"":""Idaho""},{""adm1_code"":3242,""adm1_name"":""Nevada""},{""adm1_code"":3251,""adm1_name"":""Oregon""},{""adm1_code"":3261,""adm1_name"":""Washington""}] | GADM Admin Units: [{""gid_1"":""USA.13_1"",""migration_date"":""2025-12-20"",""migration_method"":""jaccard1"",""name_1"":""Idaho""},{""gid_1"":""USA.29_1"",""migration_date"":""2025-12-20"",""migration_method"":""jaccard1"",""name_1"":""Nevada""},{""gid_1"":""USA.38_1"",""migration_date"":""2025-12-20"",""migration_method"":""jaccard1"",""name_1"":""Oregon""},{""gid_1"":""USA.48_1"",""migration_date"":""2025-12-20"",""migration_method"":""jaccard1"",""name_1"":""Washington""},{""gid_1"":""USA.5_1"",""migration_date"":""2025-12-20"",""migration_method"":""jaccard1"",""name_1"":""California""}]";Which states were listed as administrative units affected by the 2021 heat wave in the United States?;California, Idaho, Nevada, Oregon, Washington;multi-attribute
kg_0027_2;kg_only;KG;emdat_wwa_alignment.xlsx;26;2021-0390-USA;United States of America;Extreme temperature;Heat wave;https://www.worldweatherattribution.org/western-north-american-extreme-heat-virtually-impossible-without-human-caused-climate-change/;"event_id: 2021-0390-USA | Historic: No | Classification Key: nat-met-ext-hea | Disaster Group: Natural | Disaster Subgroup: Meteorological | Disaster Type: Extreme temperature | Disaster Subtype: Heat wave | ISO: USA | Country: United States of America | Subregion: Northern America | Region: Americas | Location: Oregon, Washington, Northern California, Idaho, Western Nevada | OFDA/BHA Response: No | Appeal: No | Declaration: No | Magnitude: 46.8 | Magnitude Scale: °C | Start Year: 2021 | Start Month: 6 | Start Day: 26 | End Year: 2021 | End Month: 6 | End Day: 30 | Total Deaths: 229 | CPI: 84.16698295725244 | Admin Units: [{""adm1_code"":3218,""adm1_name"":""California""},{""adm1_code"":3226,""adm1_name"":""Idaho""},{""adm1_code"":3242,""adm1_name"":""Nevada""},{""adm1_code"":3251,""adm1_name"":""Oregon""},{""adm1_code"":3261,""adm1_name"":""Washington""}] | GADM Admin Units: [{""gid_1"":""USA.13_1"",""migration_date"":""2025-12-20"",""migration_method"":""jaccard1"",""name_1"":""Idaho""},{""gid_1"":""USA.29_1"",""migration_date"":""2025-12-20"",""migration_method"":""jaccard1"",""name_1"":""Nevada""},{""gid_1"":""USA.38_1"",""migration_date"":""2025-12-20"",""migration_method"":""jaccard1"",""name_1"":""Oregon""},{""gid_1"":""USA.48_1"",""migration_date"":""2025-12-20"",""migration_method"":""jaccard1"",""name_1"":""Washington""},{""gid_1"":""USA.5_1"",""migration_date"":""2025-12-20"",""migration_method"":""jaccard1"",""name_1"":""California""}]";How many total deaths were reported from the extreme temperature event that lasted from June 26 to June 30, 2021?;229;single-hop
kg_0028_1;kg_only;KG;emdat_wwa_alignment.xlsx;27;2022-0465-GBR;United Kingdom of Great Britain and Northern Ireland;Extreme temperature;Heat wave;https://www.worldweatherattribution.org/without-human-caused-climate-change-temperatures-of-40c-in-the-uk-would-have-been-extremely-unlikely/;event_id: 2022-0465-GBR | Historic: No | Classification Key: nat-met-ext-hea | Disaster Group: Natural | Disaster Subgroup: Meteorological | Disaster Type: Extreme temperature | Disaster Subtype: Heat wave | External IDs: GLIDE:HT-2022-000399 | ISO: GBR | Country: United Kingdom of Great Britain and Northern Ireland | Subregion: Northern Europe | Region: Europe | OFDA/BHA Response: No | Appeal: No | Declaration: No | Magnitude: 40.3 | Magnitude Scale: °C | Start Year: 2022 | Start Month: 5 | Start Day: 30 | End Year: 2022 | End Month: 9 | End Day: 4 | Total Deaths: 3469 | CPI: 90.9026974595266;In which country did the heat wave that started on May 30, 2022 and ended on September 4, 2022 occur?;United Kingdom of Great Britain and Northern Ireland;single-hop
kg_0028_2;kg_only;KG;emdat_wwa_alignment.xlsx;27;2022-0465-GBR;United Kingdom of Great Britain and Northern Ireland;Extreme temperature;Heat wave;https://www.worldweatherattribution.org/without-human-caused-climate-change-temperatures-of-40c-in-the-uk-would-have-been-extremely-unlikely/;event_id: 2022-0465-GBR | Historic: No | Classification Key: nat-met-ext-hea | Disaster Group: Natural | Disaster Subgroup: Meteorological | Disaster Type: Extreme temperature | Disaster Subtype: Heat wave | External IDs: GLIDE:HT-2022-000399 | ISO: GBR | Country: United Kingdom of Great Britain and Northern Ireland | Subregion: Northern Europe | Region: Europe | OFDA/BHA Response: No | Appeal: No | Declaration: No | Magnitude: 40.3 | Magnitude Scale: °C | Start Year: 2022 | Start Month: 5 | Start Day: 30 | End Year: 2022 | End Month: 9 | End Day: 4 | Total Deaths: 3469 | CPI: 90.9026974595266;How many deaths were reported from the extreme temperature event in UK that reached 40.3°C?;3469;multi-attribute
kg_0029_1;kg_only;KG;emdat_wwa_alignment.xlsx;28;2022-0205-ZAF;South Africa;Flood;Flood (General);https://www.worldweatherattribution.org/climate-change-exacerbated-rainfall-causing-devastating-flooding-in-eastern-south-africa/;"event_id: 2022-0205-ZAF | Historic: No | Classification Key: nat-hyd-flo-flo | Disaster Group: Natural | Disaster Subgroup: Hydrological | Disaster Type: Flood | Disaster Subtype: Flood (General) | External IDs: GLIDE:FL-2022-000201 | ISO: ZAF | Country: South Africa | Subregion: Sub-Saharan Africa | Region: Africa | Location: uMkhanyakude, uThukela, uMzinyathi, UMgungundlovu, Zululand, EThekwini, Ilembe, Harry Gwala, King Cetshwayo, UGu,Amajuba municipalities Umlazi Town (Durban, KwaZulu-Natal Province) | Origin: Heavy rains | Associated Types: Slide (land, mud, snow, rock) | OFDA/BHA Response: No | Appeal: No | Declaration: Yes | Magnitude Scale: Km2 | Start Year: 2022 | Start Month: 4 | Start Day: 8 | End Year: 2022 | End Month: 4 | End Day: 18 | Total Deaths: 544 | No. Injured: 50 | No. Affected: 135345 | No. Homeless: 6895 | Total Affected: 142290 | Insured Damage ('000 US$): 1800000 | Insured Damage, Adjusted ('000 US$): 1980139 | Total Damage ('000 US$): 3500000 | Total Damage, Adjusted ('000 US$): 3850271 | CPI: 90.9026974595266 | Admin Units: [{""adm1_code"":77311,""adm1_name"":""KwaZulu-Natal""}] | GADM Admin Units: [{""gid_1"":""ZAF.4_1"",""migration_date"":""2025-12-20"",""migration_method"":""jaccard1"",""name_1"":""KwaZulu-Natal""}]";How many deaths were reported in the flood that started on 8 April 2022 in KwaZulu-Natal, South Africa?;544;single-hop
kg_0029_2;kg_only;KG;emdat_wwa_alignment.xlsx;28;2022-0205-ZAF;South Africa;Flood;Flood (General);https://www.worldweatherattribution.org/climate-change-exacerbated-rainfall-causing-devastating-flooding-in-eastern-south-africa/;"event_id: 2022-0205-ZAF | Historic: No | Classification Key: nat-hyd-flo-flo | Disaster Group: Natural | Disaster Subgroup: Hydrological | Disaster Type: Flood | Disaster Subtype: Flood (General) | External IDs: GLIDE:FL-2022-000201 | ISO: ZAF | Country: South Africa | Subregion: Sub-Saharan Africa | Region: Africa | Location: uMkhanyakude, uThukela, uMzinyathi, UMgungundlovu, Zululand, EThekwini, Ilembe, Harry Gwala, King Cetshwayo, UGu,Amajuba municipalities Umlazi Town (Durban, KwaZulu-Natal Province) | Origin: Heavy rains | Associated Types: Slide (land, mud, snow, rock) | OFDA/BHA Response: No | Appeal: No | Declaration: Yes | Magnitude Scale: Km2 | Start Year: 2022 | Start Month: 4 | Start Day: 8 | End Year: 2022 | End Month: 4 | End Day: 18 | Total Deaths: 544 | No. Injured: 50 | No. Affected: 135345 | No. Homeless: 6895 | Total Affected: 142290 | Insured Damage ('000 US$): 1800000 | Insured Damage, Adjusted ('000 US$): 1980139 | Total Damage ('000 US$): 3500000 | Total Damage, Adjusted ('000 US$): 3850271 | CPI: 90.9026974595266 | Admin Units: [{""adm1_code"":77311,""adm1_name"":""KwaZulu-Natal""}] | GADM Admin Units: [{""gid_1"":""ZAF.4_1"",""migration_date"":""2025-12-20"",""migration_method"":""jaccard1"",""name_1"":""KwaZulu-Natal""}]";What was the adjusted total damage amount in thousands of US dollars for the flood caused by heavy rains in KwaZulu-Natal?;3850271;single-hop
kg_0030_1;kg_only;KG;emdat_wwa_alignment.xlsx;29;2022-0248-PAK;Pakistan;Extreme temperature;Heat wave;https://www.worldweatherattribution.org/climate-change-made-devastating-early-heat-in-india-and-pakistan-30-times-more-likely/;event_id: 2022-0248-PAK | Historic: No | Classification Key: nat-met-ext-hea | Disaster Group: Natural | Disaster Subgroup: Meteorological | Disaster Type: Extreme temperature | Disaster Subtype: Heat wave | ISO: PAK | Country: Pakistan | Subregion: Southern Asia | Region: Asia | OFDA/BHA Response: No | Appeal: No | Declaration: No | Magnitude: 50 | Magnitude Scale: °C | Start Year: 2022 | Start Month: 3 | End Year: 2022 | End Month: 4 | CPI: 90.9026974595266;What was the recorded temperature magnitude of the heat wave event in Pakistan in 2022?;50 °C;single-hop
kg_0030_2;kg_only;KG;emdat_wwa_alignment.xlsx;29;2022-0248-PAK;Pakistan;Extreme temperature;Heat wave;https://www.worldweatherattribution.org/climate-change-made-devastating-early-heat-in-india-and-pakistan-30-times-more-likely/;event_id: 2022-0248-PAK | Historic: No | Classification Key: nat-met-ext-hea | Disaster Group: Natural | Disaster Subgroup: Meteorological | Disaster Type: Extreme temperature | Disaster Subtype: Heat wave | ISO: PAK | Country: Pakistan | Subregion: Southern Asia | Region: Asia | OFDA/BHA Response: No | Appeal: No | Declaration: No | Magnitude: 50 | Magnitude Scale: °C | Start Year: 2022 | Start Month: 3 | End Year: 2022 | End Month: 4 | CPI: 90.9026974595266;During which months of 2022 did the extreme temperature disaster in Pakistan start and end?;March 2022 to April 2022;single-hop
kg_0031_1;kg_only;KG;emdat_wwa_alignment.xlsx;30;2022-0405-PAK;Pakistan;Flood;Flood (General);https://www.worldweatherattribution.org/climate-change-likely-increased-extreme-monsoon-rainfall-flooding-highly-vulnerable-communities-in-pakistan/;"event_id: 2022-0405-PAK | Historic: No | Classification Key: nat-hyd-flo-flo | Disaster Group: Natural | Disaster Subgroup: Hydrological | Disaster Type: Flood | Disaster Subtype: Flood (General) | External IDs: GLIDE:FL-2022-000270 | ISO: PAK | Country: Pakistan | Subregion: Southern Asia | Region: Asia | Location: Lasbela, Jhal Magsi, Killa Saifullah, Pishin, Noshki, Kachhi, Khuzdar, Kalat and Chaman districts (Balochistan); Khyber Pakhtunkhwa, Sindh, Punjab, Azad Jammu, Gilgit Baltistan and Kashmir provinces | Origin: Monsoon rain | Associated Types: Slide (land, mud, snow, rock)|Storm | OFDA/BHA Response: No | Appeal: Yes | Declaration: Yes | Magnitude Scale: Km2 | Start Year: 2022 | Start Month: 6 | Start Day: 14 | End Year: 2022 | End Month: 9 | End Day: 14 | Total Deaths: 1739 | No. Injured: 12865 | No. Affected: 33000000 | Total Affected: 33012865 | Reconstruction Costs ('000 US$): 10000000 | Reconstruction Costs, Adjusted ('000 US$): 11000774 | Insured Damage ('000 US$): 7000 | Insured Damage, Adjusted ('000 US$): 7701 | Total Damage ('000 US$): 15000000 | Total Damage, Adjusted ('000 US$): 16501160 | CPI: 90.9026974595266";What type of natural disaster struck Pakistan beginning on June 14, 2022 due to monsoon rain?;Flood;single-hop
kg_0031_2;kg_only;KG;emdat_wwa_alignment.xlsx;30;2022-0405-PAK;Pakistan;Flood;Flood (General);https://www.worldweatherattribution.org/climate-change-likely-increased-extreme-monsoon-rainfall-flooding-highly-vulnerable-communities-in-pakistan/;"event_id: 2022-0405-PAK | Historic: No | Classification Key: nat-hyd-flo-flo | Disaster Group: Natural | Disaster Subgroup: Hydrological | Disaster Type: Flood | Disaster Subtype: Flood (General) | External IDs: GLIDE:FL-2022-000270 | ISO: PAK | Country: Pakistan | Subregion: Southern Asia | Region: Asia | Location: Lasbela, Jhal Magsi, Killa Saifullah, Pishin, Noshki, Kachhi, Khuzdar, Kalat and Chaman districts (Balochistan); Khyber Pakhtunkhwa, Sindh, Punjab, Azad Jammu, Gilgit Baltistan and Kashmir provinces | Origin: Monsoon rain | Associated Types: Slide (land, mud, snow, rock)|Storm | OFDA/BHA Response: No | Appeal: Yes | Declaration: Yes | Magnitude Scale: Km2 | Start Year: 2022 | Start Month: 6 | Start Day: 14 | End Year: 2022 | End Month: 9 | End Day: 14 | Total Deaths: 1739 | No. Injured: 12865 | No. Affected: 33000000 | Total Affected: 33012865 | Reconstruction Costs ('000 US$): 10000000 | Reconstruction Costs, Adjusted ('000 US$): 11000774 | Insured Damage ('000 US$): 7000 | Insured Damage, Adjusted ('000 US$): 7701 | Total Damage ('000 US$): 15000000 | Total Damage, Adjusted ('000 US$): 16501160 | CPI: 90.9026974595266";What was the adjusted total damage amount in thousands of US dollars for the monsoon rain in Pakistan in June 2022?;16501160;single-hop
kg_0032_1;kg_only;KG;emdat_wwa_alignment.xlsx;31;2022-0446-NER;Niger;Flood;Flood (General);https://www.worldweatherattribution.org/climate-change-exacerbated-heavy-rainfall-leading-to-large-scale-flooding-in-highly-vulnerable-communities-in-west-africa/;"event_id: 2022-0446-NER | Historic: No | Classification Key: nat-hyd-flo-flo | Disaster Group: Natural | Disaster Subgroup: Hydrological | Disaster Type: Flood | Disaster Subtype: Flood (General) | ISO: NER | Country: Niger | Subregion: Sub-Saharan Africa | Region: Africa | Location: Zinder, Maradi, Diffa, Tahoua, Dosso,Tillabéri | Origin: Heavy rains | Associated Types: Slide (land, mud, snow, rock) | OFDA/BHA Response: No | Appeal: No | Declaration: No | Magnitude Scale: Km2 | Start Year: 2022 | Start Month: 6 | Start Day: 1 | End Year: 2022 | End Month: 9 | End Day: 30 | Total Deaths: 195 | No. Injured: 185 | No. Affected: 322000 | Total Affected: 322185 | CPI: 90.9026974595266 | Admin Units: [{""adm1_code"":2203,""adm1_name"":""Diffa""},{""adm1_code"":2204,""adm1_name"":""Dosso""},{""adm1_code"":2205,""adm1_name"":""Maradi""},{""adm1_code"":2207,""adm1_name"":""Tahoua""},{""adm1_code"":2208,""adm1_name"":""Tillaberi""},{""adm1_code"":2209,""adm1_name"":""Zinder""}] | GADM Admin Units: [{""gid_1"":""NER.2_1"",""migration_date"":""2025-12-20"",""migration_method"":""jaccard1"",""name_1"":""Diffa""},{""gid_1"":""NER.3_1"",""migration_date"":""2025-12-20"",""migration_method"":""jaccard1"",""name_1"":""Dosso""},{""gid_1"":""NER.4_1"",""migration_date"":""2025-12-20"",""migration_method"":""jaccard1"",""name_1"":""Maradi""},{""gid_1"":""NER.6_1"",""migration_date"":""2025-12-20"",""migration_method"":""jaccard1"",""name_1"":""Tahoua""},{""gid_1"":""NER.7_1"",""migration_date"":""2025-12-20"",""migration_method"":""jaccard1"",""name_1"":""Tillabéry""},{""gid_1"":""NER.8_1"",""migration_date"":""2025-12-20"",""migration_method"":""jaccard1"",""name_1"":""Zinder""}]";What was the total number of deaths caused by the flood that began on June 1, 2022 in Niger?;195;single-hop
kg_0032_2;kg_only;KG;emdat_wwa_alignment.xlsx;31;2022-0446-NER;Niger;Flood;Flood (General);https://www.worldweatherattribution.org/climate-change-exacerbated-heavy-rainfall-leading-to-large-scale-flooding-in-highly-vulnerable-communities-in-west-africa/;"event_id: 2022-0446-NER | Historic: No | Classification Key: nat-hyd-flo-flo | Disaster Group: Natural | Disaster Subgroup: Hydrological | Disaster Type: Flood | Disaster Subtype: Flood (General) | ISO: NER | Country: Niger | Subregion: Sub-Saharan Africa | Region: Africa | Location: Zinder, Maradi, Diffa, Tahoua, Dosso,Tillabéri | Origin: Heavy rains | Associated Types: Slide (land, mud, snow, rock) | OFDA/BHA Response: No | Appeal: No | Declaration: No | Magnitude Scale: Km2 | Start Year: 2022 | Start Month: 6 | Start Day: 1 | End Year: 2022 | End Month: 9 | End Day: 30 | Total Deaths: 195 | No. Injured: 185 | No. Affected: 322000 | Total Affected: 322185 | CPI: 90.9026974595266 | Admin Units: [{""adm1_code"":2203,""adm1_name"":""Diffa""},{""adm1_code"":2204,""adm1_name"":""Dosso""},{""adm1_code"":2205,""adm1_name"":""Maradi""},{""adm1_code"":2207,""adm1_name"":""Tahoua""},{""adm1_code"":2208,""adm1_name"":""Tillaberi""},{""adm1_code"":2209,""adm1_name"":""Zinder""}] | GADM Admin Units: [{""gid_1"":""NER.2_1"",""migration_date"":""2025-12-20"",""migration_method"":""jaccard1"",""name_1"":""Diffa""},{""gid_1"":""NER.3_1"",""migration_date"":""2025-12-20"",""migration_method"":""jaccard1"",""name_1"":""Dosso""},{""gid_1"":""NER.4_1"",""migration_date"":""2025-12-20"",""migration_method"":""jaccard1"",""name_1"":""Maradi""},{""gid_1"":""NER.6_1"",""migration_date"":""2025-12-20"",""migration_method"":""jaccard1"",""name_1"":""Tahoua""},{""gid_1"":""NER.7_1"",""migration_date"":""2025-12-20"",""migration_method"":""jaccard1"",""name_1"":""Tillabéry""},{""gid_1"":""NER.8_1"",""migration_date"":""2025-12-20"",""migration_method"":""jaccard1"",""name_1"":""Zinder""}]";Which administrative regions in Niger were listed as affected by the 2022 flood event?;Diffa, Dosso, Maradi, Tahoua, Tillabéri, Zinder;multi-attribute
kg_0033_1;kg_only;KG;emdat_wwa_alignment.xlsx;32;2022-0061-MDG;Madagascar;Storm;Tropical cyclone;https://www.worldweatherattribution.org/climate-change-increased-rainfall-associated-with-tropical-cyclones-hitting-highly-vulnerable-communities-in-madagascar-mozambique-malawi/;"event_id: 2022-0061-MDG | Historic: No | Classification Key: nat-met-sto-tro | Disaster Group: Natural | Disaster Subgroup: Meteorological | Disaster Type: Storm | Disaster Subtype: Tropical cyclone | External IDs: GLIDE:TC-2022-000160 | Event Name: Cyclone 'Batsirai' | ISO: MDG | Country: Madagascar | Subregion: Sub-Saharan Africa | Region: Africa | Location: Fianarantsoa and Ambositra ; Manakara Atsimo, Ikongo District (Fitovinany Region); Nosy-Varika, Mananjary (Vatovavy Region) | Associated Types: Flood | OFDA/BHA Response: No | Appeal: No | Declaration: No | Magnitude: 235 | Magnitude Scale: Kph | Start Year: 2022 | Start Month: 2 | Start Day: 5 | End Year: 2022 | End Month: 2 | End Day: 7 | Total Deaths: 92 | No. Affected: 112115 | Total Affected: 112115 | CPI: 90.9026974595266 | Admin Units: [{""adm1_code"":41757,""adm1_name"":""Atsimo Atsinanana""},{""adm2_code"":154515,""adm2_name"":""Ambositra""},{""adm2_code"":154577,""adm2_name"":""Fianarantsoa I""},{""adm2_code"":154612,""adm2_name"":""Ikongo""},{""adm2_code"":154613,""adm2_name"":""Manakara Atsimo""},{""adm2_code"":154614,""adm2_name"":""Mananjary""},{""adm2_code"":154615,""adm2_name"":""Nosy-Varika""}] | GADM Admin Units: [{""gid_2"":""MDG.3.1_1"",""migration_date"":""2025-12-20"",""migration_method"":""bufhaus2"",""name_2"":""Amoron'i mania""},{""gid_2"":""MDG.3.2_1"",""migration_date"":""2025-12-20"",""migration_method"":""puzzle1_2"",""name_2"":""Atsimo-Atsinana""},{""gid_2"":""MDG.3.3_1"",""migration_date"":""2025-12-20"",""migration_method"":""bufhaus2"",""name_2"":""Haute matsiatra""},{""gid_2"":""MDG.3.5_1"",""migration_date"":""2025-12-20"",""migration_method"":""bufhaus2"",""name_2"":""Vatovavy Fitovinany""},{""gid_2"":""MDG.3.5_1"",""migration_date"":""2025-12-20"",""migration_method"":""bufhaus2"",""name_2"":""Vatovavy Fitovinany""},{""gid_2"":""MDG.3.5_1"",""migration_date"":""2025-12-20"",""migration_method"":""bufhaus2"",""name_2"":""Vatovavy Fitovinany""},{""gid_2"":""MDG.3.5_1"",""migration_date"":""2025-12-20"",""migration_method"":""bufhaus2"",""name_2"":""Vatovavy Fitovinany""}]";What was the recorded wind speed of Cyclone 'Batsirai' in kilometers per hour?;235 Kph;single-hop
kg_0033_2;kg_only;KG;emdat_wwa_alignment.xlsx;32;2022-0061-MDG;Madagascar;Storm;Tropical cyclone;https://www.worldweatherattribution.org/climate-change-increased-rainfall-associated-with-tropical-cyclones-hitting-highly-vulnerable-communities-in-madagascar-mozambique-malawi/;"event_id: 2022-0061-MDG | Historic: No | Classification Key: nat-met-sto-tro | Disaster Group: Natural | Disaster Subgroup: Meteorological | Disaster Type: Storm | Disaster Subtype: Tropical cyclone | External IDs: GLIDE:TC-2022-000160 | Event Name: Cyclone 'Batsirai' | ISO: MDG | Country: Madagascar | Subregion: Sub-Saharan Africa | Region: Africa | Location: Fianarantsoa and Ambositra ; Manakara Atsimo, Ikongo District (Fitovinany Region); Nosy-Varika, Mananjary (Vatovavy Region) | Associated Types: Flood | OFDA/BHA Response: No | Appeal: No | Declaration: No | Magnitude: 235 | Magnitude Scale: Kph | Start Year: 2022 | Start Month: 2 | Start Day: 5 | End Year: 2022 | End Month: 2 | End Day: 7 | Total Deaths: 92 | No. Affected: 112115 | Total Affected: 112115 | CPI: 90.9026974595266 | Admin Units: [{""adm1_code"":41757,""adm1_name"":""Atsimo Atsinanana""},{""adm2_code"":154515,""adm2_name"":""Ambositra""},{""adm2_code"":154577,""adm2_name"":""Fianarantsoa I""},{""adm2_code"":154612,""adm2_name"":""Ikongo""},{""adm2_code"":154613,""adm2_name"":""Manakara Atsimo""},{""adm2_code"":154614,""adm2_name"":""Mananjary""},{""adm2_code"":154615,""adm2_name"":""Nosy-Varika""}] | GADM Admin Units: [{""gid_2"":""MDG.3.1_1"",""migration_date"":""2025-12-20"",""migration_method"":""bufhaus2"",""name_2"":""Amoron'i mania""},{""gid_2"":""MDG.3.2_1"",""migration_date"":""2025-12-20"",""migration_method"":""puzzle1_2"",""name_2"":""Atsimo-Atsinana""},{""gid_2"":""MDG.3.3_1"",""migration_date"":""2025-12-20"",""migration_method"":""bufhaus2"",""name_2"":""Haute matsiatra""},{""gid_2"":""MDG.3.5_1"",""migration_date"":""2025-12-20"",""migration_method"":""bufhaus2"",""name_2"":""Vatovavy Fitovinany""},{""gid_2"":""MDG.3.5_1"",""migration_date"":""2025-12-20"",""migration_method"":""bufhaus2"",""name_2"":""Vatovavy Fitovinany""},{""gid_2"":""MDG.3.5_1"",""migration_date"":""2025-12-20"",""migration_method"":""bufhaus2"",""name_2"":""Vatovavy Fitovinany""},{""gid_2"":""MDG.3.5_1"",""migration_date"":""2025-12-20"",""migration_method"":""bufhaus2"",""name_2"":""Vatovavy Fitovinany""}]";How many total deaths were reported from Cyclone 'Batsirai'?;92;single-hop
kg_0034_1;kg_only;KG;emdat_wwa_alignment.xlsx;33;2022-0248-IND;India;Extreme temperature;Heat wave;https://www.worldweatherattribution.org/climate-change-made-devastating-early-heat-in-india-and-pakistan-30-times-more-likely/;event_id: 2022-0248-IND | Historic: No | Classification Key: nat-met-ext-hea | Disaster Group: Natural | Disaster Subgroup: Meteorological | Disaster Type: Extreme temperature | Disaster Subtype: Heat wave | ISO: IND | Country: India | Subregion: Southern Asia | Region: Asia | Location: Maharashtra State, West Rajasthan | OFDA/BHA Response: No | Appeal: No | Declaration: No | Magnitude: 45 | Magnitude Scale: °C | Start Year: 2022 | Start Month: 3 | End Year: 2022 | End Month: 4 | Total Deaths: 25 | CPI: 90.9026974595266;What was the recorded temperature of the heat wave in India in 2022 in degrees Celsius?;45°C;single-hop
kg_0034_2;kg_only;KG;emdat_wwa_alignment.xlsx;33;2022-0248-IND;India;Extreme temperature;Heat wave;https://www.worldweatherattribution.org/climate-change-made-devastating-early-heat-in-india-and-pakistan-30-times-more-likely/;event_id: 2022-0248-IND | Historic: No | Classification Key: nat-met-ext-hea | Disaster Group: Natural | Disaster Subgroup: Meteorological | Disaster Type: Extreme temperature | Disaster Subtype: Heat wave | ISO: IND | Country: India | Subregion: Southern Asia | Region: Asia | Location: Maharashtra State, West Rajasthan | OFDA/BHA Response: No | Appeal: No | Declaration: No | Magnitude: 45 | Magnitude Scale: °C | Start Year: 2022 | Start Month: 3 | End Year: 2022 | End Month: 4 | Total Deaths: 25 | CPI: 90.9026974595266;How many people died in India as a result of the heatwave in 2022?;25;single-hop
kg_0035_1;kg_only;KG;emdat_wwa_alignment.xlsx;34;2022-0318-BRA;Brazil;Flood;Flood (General);https://www.worldweatherattribution.org/climate-change-increased-heavy-rainfall-hitting-vulnerable-communities-in-eastern-northeast-brazil/;"event_id: 2022-0318-BRA | Historic: No | Classification Key: nat-hyd-flo-flo | Disaster Group: Natural | Disaster Subgroup: Hydrological | Disaster Type: Flood | Disaster Subtype: Flood (General) | ISO: BRA | Country: Brazil | Subregion: Latin America and the Caribbean | Region: Americas | Location: Pernambuco, Alagoas and Paraíba states; Olinda, Jaboatão dos Guararapes, São José da Coroa Grande (greater Ricefe region) | Origin: Heavy rains | Associated Types: Slide (land, mud, snow, rock) | OFDA/BHA Response: No | Appeal: No | Declaration: Yes | Magnitude Scale: Km2 | River Basin: Negro, Amazon, Jurua, Purus, Madeira and Solimões Rivers | Start Year: 2022 | Start Month: 5 | Start Day: 24 | End Year: 2022 | End Month: 5 | End Day: 30 | Total Deaths: 116 | No. Injured: 4 | No. Affected: 24300 | Total Affected: 24304 | Total Damage ('000 US$): 459000 | Total Damage, Adjusted ('000 US$): 504936 | CPI: 90.9026974595266 | Admin Units: [{""adm1_code"":666,""adm1_name"":""Alagoas""},{""adm1_code"":679,""adm1_name"":""Paraiba""},{""adm1_code"":681,""adm1_name"":""Pernambuco""}] | GADM Admin Units: [{""gid_1"":""BRA.15_1"",""migration_date"":""2025-12-20"",""migration_method"":""jaccard1"",""name_1"":""Paraíba""},{""gid_1"":""BRA.17_1"",""migration_date"":""2025-12-20"",""migration_method"":""jaccard1"",""name_1"":""Pernambuco""},{""gid_1"":""BRA.2_1"",""migration_date"":""2025-12-20"",""migration_method"":""jaccard1"",""name_1"":""Alagoas""}]";How many deaths were reported from the flood that affected Pernambuco, Alagoas and Paraíba states in May 2022?;116;single-hop
kg_0035_2;kg_only;KG;emdat_wwa_alignment.xlsx;34;2022-0318-BRA;Brazil;Flood;Flood (General);https://www.worldweatherattribution.org/climate-change-increased-heavy-rainfall-hitting-vulnerable-communities-in-eastern-northeast-brazil/;"event_id: 2022-0318-BRA | Historic: No | Classification Key: nat-hyd-flo-flo | Disaster Group: Natural | Disaster Subgroup: Hydrological | Disaster Type: Flood | Disaster Subtype: Flood (General) | ISO: BRA | Country: Brazil | Subregion: Latin America and the Caribbean | Region: Americas | Location: Pernambuco, Alagoas and Paraíba states; Olinda, Jaboatão dos Guararapes, São José da Coroa Grande (greater Ricefe region) | Origin: Heavy rains | Associated Types: Slide (land, mud, snow, rock) | OFDA/BHA Response: No | Appeal: No | Declaration: Yes | Magnitude Scale: Km2 | River Basin: Negro, Amazon, Jurua, Purus, Madeira and Solimões Rivers | Start Year: 2022 | Start Month: 5 | Start Day: 24 | End Year: 2022 | End Month: 5 | End Day: 30 | Total Deaths: 116 | No. Injured: 4 | No. Affected: 24300 | Total Affected: 24304 | Total Damage ('000 US$): 459000 | Total Damage, Adjusted ('000 US$): 504936 | CPI: 90.9026974595266 | Admin Units: [{""adm1_code"":666,""adm1_name"":""Alagoas""},{""adm1_code"":679,""adm1_name"":""Paraiba""},{""adm1_code"":681,""adm1_name"":""Pernambuco""}] | GADM Admin Units: [{""gid_1"":""BRA.15_1"",""migration_date"":""2025-12-20"",""migration_method"":""jaccard1"",""name_1"":""Paraíba""},{""gid_1"":""BRA.17_1"",""migration_date"":""2025-12-20"",""migration_method"":""jaccard1"",""name_1"":""Pernambuco""},{""gid_1"":""BRA.2_1"",""migration_date"":""2025-12-20"",""migration_method"":""jaccard1"",""name_1"":""Alagoas""}]";What is the combined total of reported deaths and injured persons from the flood event in May 2022?;120;multi-attribute
kg_0036_1;kg_only;KG;emdat_wwa_alignment.xlsx;35;2023-0280-CAN;Canada;Wildfire;Forest fire;https://www.worldweatherattribution.org/climate-change-more-than-doubled-the-likelihood-of-extreme-fire-weather-conditions-in-eastern-canada/;"event_id: 2023-0280-CAN | Historic: No | Classification Key: nat-cli-wil-for | Disaster Group: Natural | Disaster Subgroup: Climatological | Disaster Type: Wildfire | Disaster Subtype: Forest fire | External IDs: GLIDE:WF-2023-000074 | ISO: CAN | Country: Canada | Subregion: Northern America | Region: Americas | Location: Alberta, British Columbia, Nova Scotia, Ontario, Québec, Saskatchewan | Origin: Dry conditions and high winds | Associated Types: Heat wave|Pollution | OFDA/BHA Response: No | Appeal: No | Declaration: Yes | Magnitude Scale: Km2 | Start Year: 2023 | Start Month: 5 | Start Day: 6 | End Year: 2023 | End Month: 7 | Total Deaths: 2 | No. Affected: 30000 | Total Affected: 30000 | Insured Damage ('000 US$): 100000 | Insured Damage, Adjusted ('000 US$): 105658 | Total Damage ('000 US$): 200000 | Total Damage, Adjusted ('000 US$): 211317 | CPI: 94.6446220103845 | Admin Units: [{""adm1_code"":825,""adm1_name"":""Alberta""},{""adm1_code"":826,""adm1_name"":""British Columbia / Colombie-Britannique""},{""adm1_code"":831,""adm1_name"":""Nova Scotia / Nouvelle-Écosse""},{""adm1_code"":833,""adm1_name"":""Ontario""},{""adm1_code"":835,""adm1_name"":""Quebec / Québec""},{""adm1_code"":836,""adm1_name"":""Saskatchewan""}] | GADM Admin Units: [{""gid_1"":""CAN.11_1"",""migration_date"":""2025-12-20"",""migration_method"":""jaccard1"",""name_1"":""Québec""},{""gid_1"":""CAN.12_1"",""migration_date"":""2025-12-20"",""migration_method"":""jaccard1"",""name_1"":""Saskatchewan""},{""gid_1"":""CAN.1_1"",""migration_date"":""2025-12-20"",""migration_method"":""jaccard1"",""name_1"":""Alberta""},{""gid_1"":""CAN.2_1"",""migration_date"":""2025-12-20"",""migration_method"":""jaccard1"",""name_1"":""British Columbia""},{""gid_1"":""CAN.7_1"",""migration_date"":""2025-12-20"",""migration_method"":""jaccard1"",""name_1"":""Nova Scotia""},{""gid_2"":""CAN.9.10_1"",""migration_date"":""2025-12-20"",""migration_method"":""puzzle1_2"",""name_2"":""Frontenac""},{""gid_2"":""CAN.9.11_1"",""migration_date"":""2025-12-20"",""migration_method"":""puzzle1_2"",""name_2"":""Greater Sudbury""},{""gid_2"":""CAN.9.12_1"",""migration_date"":""2025-12-20"",""migration_method"":""puzzle1_2"",""name_2"":""Grey""},{""gid_2"":""CAN.9.13_1"",""migration_date"":""2025-12-20"",""migration_method"":""puzzle1_2"",""name_2"":""Haldimand-Norfolk""},{""gid_2"":""CAN.9.14_1"",""migration_date"":""2025-12-20"",""migration_method"":""puzzle1_2"",""name_2"":""Haliburton""},{""gid_2"":""CAN.9.15_1"",""migration_date"":""2025-12-20"",""migration_method"":""puzzle1_2"",""name_2"":""Halton""},{""gid_2"":""CAN.9.16_1"",""migration_date"":""2025-12-20"",""migration_method"":""puzzle1_2"",""name_2"":""Hamilton""},{""gid_2"":""CAN.9.17_1"",""migration_date"":""2025-12-20"",""migration_method"":""puzzle1_2"",""name_2"":""Hastings""},{""gid_2"":""CAN.9.18_1"",""migration_date"":""2025-12-20"",""migration_method"":""puzzle1_2"",""name_2"":""Huron""},{""gid_2"":""CAN.9.19_1"",""migration_date"":""2025-12-20"",""migration_method"":""puzzle1_2"",""name_2"":""Kawartha Lakes""},{""gid_2"":""CAN.9.1_1"",""migration_date"":""2025-12-20"",""migration_method"":""puzzle1_2"",""name_2"":""Algoma""},{""gid_2"":""CAN.9.20_1"",""migration_date"":""2025-12-20"",""migration_method"":""puzzle1_2"",""name_2"":""Kenora""},{""gid_2"":""CAN.9.25_1"",""migration_date"":""2025-12-20"",""migration_method"":""puzzle1_2"",""name_2"":""Lambton""},{""gid_2"":""CAN.9.26_1"",""migration_date"":""2025-12-20"",""migration_method"":""puzzle1_2"",""name_2"":""Lanark""},{""gid_2"":""CAN.9.27_1"",""migration_date"":""2025-12-20"",""migration_method"":""puzzle1_2"",""name_2"":""Leeds and Grenville""},{""gid_2"":""CAN.9.28_1"",""migration_date"":""2025-12-20"",""migration_method"":""puzzle1_2"",""name_2"":""Lennox and Addington""},{""gid_2"":""CAN.9.29_1"",""migration_date"":""2025-12-20"",""migration_method"":""puzzle1_2"",""name_2"":""Manitoulin""},{""gid_2"":""CAN.9.2_1"",""migration_date"":""2025-12-20"",""migration_method"":""puzzle1_2"",""name_2"":""Brant""},{""gid_2"":""CAN.9.30_1"",""migration_date"":""2025-12-20"",""migration_method"":""puzzle1_2"",""name_2"":""Middlesex""},{""gid_2"":""CAN.9.31_1"",""migration_date"":""2025-12-20"",""migration_method"":""puzzle1_2"",""name_2"":""Muskoka""},{""gid_2"":""CAN.9.32_1"",""migration_date"":""2025-12-20"",""migration_method"":""puzzle1_2"",""name_2"":""Niagara""},{""gid_2"":""CAN.9.33_1"",""migration_date"":""2025-12-20"",""migration_method"":""puzzle1_2"",""name_2"":""Nipissing""},{""gid_2"":""CAN.9.34_1"",""migration_date"":""2025-12-20"",""migration_method"":""puzzle1_2"",""name_2"":""Northumberland""},{""gid_2"":""CAN.9.35_1"",""migration_date"":""2025-12-20"",""migration_method"":""puzzle1_2"",""name_2"":""Ottawa""},{""gid_2"":""CAN.9.36_1"",""migration_date"":""2025-12-20"",""migration_method"":""puzzle1_2"",""name_2"":""Oxford""},{""gid_2"":""CAN.9.37_1"",""migration_date"":""2025-12-20"",""migration_method"":""puzzle1_2"",""name_2"":""Parry Sound""},{""gid_2"":""CAN.9.38_1"",""migration_date"":""2025-12-20"",""migration_method"":""puzzle1_2"",""name_2"":""Peel""},{""gid_2"":""CAN.9.39_1"",""migration_date"":""2025-12-20"",""migration_method"":""puzzle1_2"",""name_2"":""Perth""},{""gid_2"":""CAN.9.3_1"",""migration_date"":""2025-12-20"",""migration_method"":""puzzle1_2"",""name_2"":""Bruce""},{""gid_2"":""CAN.9.40_1"",""migration_date"":""2025-12-20"",""migration_method"":""puzzle1_2"",""name_2"":""Peterborough""},{""gid_2"":""CAN.9.41_1"",""migration_date"":""2025-12-20"",""migration_method"":""puzzle1_2"",""name_2"":""Prescott and Russell""},{""gid_2"":""CAN.9.42_1"",""migration_date"":""2025-12-20"",""migration_method"":""puzzle1_2"",""name_2"":""Prince Edward""},{""gid_2"":""CAN.9.43_1"",""migration_date"":""2025-12-20"",""migration_method"":""puzzle1_2"",""name_2"":""Rainy River""},{""gid_2"":""CAN.9.44_1"",""migration_date"":""2025-12-20"",""migration_method"":""puzzle1_2"",""name_2"":""Renfrew""},{""gid_2"":""CAN.9.45_1"",""migration_date"":""2025-12-20"",""migration_method"":""puzzle1_2"",""name_2"":""Simcoe""},{""gid_2"":""CAN.9.46_1"",""migration_date"":""2025-12-20"",""migration_method"":""puzzle1_2"",""name_2"":""Stormont, Dundas and Glengarry""},{""gid_2"":""CAN.9.47_1"",""migration_date"":""2025-12-20"",""migration_method"":""puzzle1_2"",""name_2"":""Sudbury""},{""gid_2"":""CAN.9.48_1"",""migration_date"":""2025-12-20"",""migration_method"":""puzzle1_2"",""name_2"":""Thunder Bay""},{""gid_2"":""CAN.9.49_1"",""migration_date"":""2025-12-20"",""migration_method"":""puzzle1_2"",""name_2"":""Timiskaming""},{""gid_2"":""CAN.9.4_1"",""migration_date"":""2025-12-20"",""migration_method"":""puzzle1_2"",""name_2"":""Chatham-Kent""},{""gid_2"":""CAN.9.50_1"",""migration_date"":""2025-12-20"",""migration_method"":""puzzle1_2"",""name_2"":""Toronto""},{""gid_2"":""CAN.9.51_1"",""migration_date"":""2025-12-20"",""migration_method"":""puzzle1_2"",""name_2"":""Waterloo""},{""gid_2"":""CAN.9.52_1"",""migration_date"":""2025-12-20"",""migration_method"":""puzzle1_2"",""name_2"":""Wellington""},{""gid_2"":""CAN.9.53_1"",""migration_date"":""2025-12-20"",""migration_method"":""puzzle1_2"",""name_2"":""York""},{""gid_2"":""CAN.9.5_1"",""migration_date"":""2025-12-20"",""migration_method"":""puzzle1_2"",""name_2"":""Cochrane""},{""gid_2"":""CAN.9.6_1"",""migration_date"":""2025-12-20"",""migration_method"":""puzzle1_2"",""name_2"":""Dufferin""},{""gid_2"":""CAN.9.7_1"",""migration_date"":""2025-12-20"",""migration_method"":""puzzle1_2"",""name_2"":""Durham""},{""gid_2"":""CAN.9.8_1"",""migration_date"":""2025-12-20"",""migration_method"":""puzzle1_2"",""name_2"":""Elgin""},{""gid_2"":""CAN.9.9_1"",""migration_date"":""2025-12-20"",""migration_method"":""puzzle1_2"",""name_2"":""Essex""}]";How many people were affected by the 2023 Canadian wildfire?;30000;single-hop
kg_0036_2;kg_only;KG;emdat_wwa_alignment.xlsx;35;2023-0280-CAN;Canada;Wildfire;Forest fire;https://www.worldweatherattribution.org/climate-change-more-than-doubled-the-likelihood-of-extreme-fire-weather-conditions-in-eastern-canada/;"event_id: 2023-0280-CAN | Historic: No | Classification Key: nat-cli-wil-for | Disaster Group: Natural | Disaster Subgroup: Climatological | Disaster Type: Wildfire | Disaster Subtype: Forest fire | External IDs: GLIDE:WF-2023-000074 | ISO: CAN | Country: Canada | Subregion: Northern America | Region: Americas | Location: Alberta, British Columbia, Nova Scotia, Ontario, Québec, Saskatchewan | Origin: Dry conditions and high winds | Associated Types: Heat wave|Pollution | OFDA/BHA Response: No | Appeal: No | Declaration: Yes | Magnitude Scale: Km2 | Start Year: 2023 | Start Month: 5 | Start Day: 6 | End Year: 2023 | End Month: 7 | Total Deaths: 2 | No. Affected: 30000 | Total Affected: 30000 | Insured Damage ('000 US$): 100000 | Insured Damage, Adjusted ('000 US$): 105658 | Total Damage ('000 US$): 200000 | Total Damage, Adjusted ('000 US$): 211317 | CPI: 94.6446220103845 | Admin Units: [{""adm1_code"":825,""adm1_name"":""Alberta""},{""adm1_code"":826,""adm1_name"":""British Columbia / Colombie-Britannique""},{""adm1_code"":831,""adm1_name"":""Nova Scotia / Nouvelle-Écosse""},{""adm1_code"":833,""adm1_name"":""Ontario""},{""adm1_code"":835,""adm1_name"":""Quebec / Québec""},{""adm1_code"":836,""adm1_name"":""Saskatchewan""}] | GADM Admin Units: [{""gid_1"":""CAN.11_1"",""migration_date"":""2025-12-20"",""migration_method"":""jaccard1"",""name_1"":""Québec""},{""gid_1"":""CAN.12_1"",""migration_date"":""2025-12-20"",""migration_method"":""jaccard1"",""name_1"":""Saskatchewan""},{""gid_1"":""CAN.1_1"",""migration_date"":""2025-12-20"",""migration_method"":""jaccard1"",""name_1"":""Alberta""},{""gid_1"":""CAN.2_1"",""migration_date"":""2025-12-20"",""migration_method"":""jaccard1"",""name_1"":""British Columbia""},{""gid_1"":""CAN.7_1"",""migration_date"":""2025-12-20"",""migration_method"":""jaccard1"",""name_1"":""Nova Scotia""},{""gid_2"":""CAN.9.10_1"",""migration_date"":""2025-12-20"",""migration_method"":""puzzle1_2"",""name_2"":""Frontenac""},{""gid_2"":""CAN.9.11_1"",""migration_date"":""2025-12-20"",""migration_method"":""puzzle1_2"",""name_2"":""Greater Sudbury""},{""gid_2"":""CAN.9.12_1"",""migration_date"":""2025-12-20"",""migration_method"":""puzzle1_2"",""name_2"":""Grey""},{""gid_2"":""CAN.9.13_1"",""migration_date"":""2025-12-20"",""migration_method"":""puzzle1_2"",""name_2"":""Haldimand-Norfolk""},{""gid_2"":""CAN.9.14_1"",""migration_date"":""2025-12-20"",""migration_method"":""puzzle1_2"",""name_2"":""Haliburton""},{""gid_2"":""CAN.9.15_1"",""migration_date"":""2025-12-20"",""migration_method"":""puzzle1_2"",""name_2"":""Halton""},{""gid_2"":""CAN.9.16_1"",""migration_date"":""2025-12-20"",""migration_method"":""puzzle1_2"",""name_2"":""Hamilton""},{""gid_2"":""CAN.9.17_1"",""migration_date"":""2025-12-20"",""migration_method"":""puzzle1_2"",""name_2"":""Hastings""},{""gid_2"":""CAN.9.18_1"",""migration_date"":""2025-12-20"",""migration_method"":""puzzle1_2"",""name_2"":""Huron""},{""gid_2"":""CAN.9.19_1"",""migration_date"":""2025-12-20"",""migration_method"":""puzzle1_2"",""name_2"":""Kawartha Lakes""},{""gid_2"":""CAN.9.1_1"",""migration_date"":""2025-12-20"",""migration_method"":""puzzle1_2"",""name_2"":""Algoma""},{""gid_2"":""CAN.9.20_1"",""migration_date"":""2025-12-20"",""migration_method"":""puzzle1_2"",""name_2"":""Kenora""},{""gid_2"":""CAN.9.25_1"",""migration_date"":""2025-12-20"",""migration_method"":""puzzle1_2"",""name_2"":""Lambton""},{""gid_2"":""CAN.9.26_1"",""migration_date"":""2025-12-20"",""migration_method"":""puzzle1_2"",""name_2"":""Lanark""},{""gid_2"":""CAN.9.27_1"",""migration_date"":""2025-12-20"",""migration_method"":""puzzle1_2"",""name_2"":""Leeds and Grenville""},{""gid_2"":""CAN.9.28_1"",""migration_date"":""2025-12-20"",""migration_method"":""puzzle1_2"",""name_2"":""Lennox and Addington""},{""gid_2"":""CAN.9.29_1"",""migration_date"":""2025-12-20"",""migration_method"":""puzzle1_2"",""name_2"":""Manitoulin""},{""gid_2"":""CAN.9.2_1"",""migration_date"":""2025-12-20"",""migration_method"":""puzzle1_2"",""name_2"":""Brant""},{""gid_2"":""CAN.9.30_1"",""migration_date"":""2025-12-20"",""migration_method"":""puzzle1_2"",""name_2"":""Middlesex""},{""gid_2"":""CAN.9.31_1"",""migration_date"":""2025-12-20"",""migration_method"":""puzzle1_2"",""name_2"":""Muskoka""},{""gid_2"":""CAN.9.32_1"",""migration_date"":""2025-12-20"",""migration_method"":""puzzle1_2"",""name_2"":""Niagara""},{""gid_2"":""CAN.9.33_1"",""migration_date"":""2025-12-20"",""migration_method"":""puzzle1_2"",""name_2"":""Nipissing""},{""gid_2"":""CAN.9.34_1"",""migration_date"":""2025-12-20"",""migration_method"":""puzzle1_2"",""name_2"":""Northumberland""},{""gid_2"":""CAN.9.35_1"",""migration_date"":""2025-12-20"",""migration_method"":""puzzle1_2"",""name_2"":""Ottawa""},{""gid_2"":""CAN.9.36_1"",""migration_date"":""2025-12-20"",""migration_method"":""puzzle1_2"",""name_2"":""Oxford""},{""gid_2"":""CAN.9.37_1"",""migration_date"":""2025-12-20"",""migration_method"":""puzzle1_2"",""name_2"":""Parry Sound""},{""gid_2"":""CAN.9.38_1"",""migration_date"":""2025-12-20"",""migration_method"":""puzzle1_2"",""name_2"":""Peel""},{""gid_2"":""CAN.9.39_1"",""migration_date"":""2025-12-20"",""migration_method"":""puzzle1_2"",""name_2"":""Perth""},{""gid_2"":""CAN.9.3_1"",""migration_date"":""2025-12-20"",""migration_method"":""puzzle1_2"",""name_2"":""Bruce""},{""gid_2"":""CAN.9.40_1"",""migration_date"":""2025-12-20"",""migration_method"":""puzzle1_2"",""name_2"":""Peterborough""},{""gid_2"":""CAN.9.41_1"",""migration_date"":""2025-12-20"",""migration_method"":""puzzle1_2"",""name_2"":""Prescott and Russell""},{""gid_2"":""CAN.9.42_1"",""migration_date"":""2025-12-20"",""migration_method"":""puzzle1_2"",""name_2"":""Prince Edward""},{""gid_2"":""CAN.9.43_1"",""migration_date"":""2025-12-20"",""migration_method"":""puzzle1_2"",""name_2"":""Rainy River""},{""gid_2"":""CAN.9.44_1"",""migration_date"":""2025-12-20"",""migration_method"":""puzzle1_2"",""name_2"":""Renfrew""},{""gid_2"":""CAN.9.45_1"",""migration_date"":""2025-12-20"",""migration_method"":""puzzle1_2"",""name_2"":""Simcoe""},{""gid_2"":""CAN.9.46_1"",""migration_date"":""2025-12-20"",""migration_method"":""puzzle1_2"",""name_2"":""Stormont, Dundas and Glengarry""},{""gid_2"":""CAN.9.47_1"",""migration_date"":""2025-12-20"",""migration_method"":""puzzle1_2"",""name_2"":""Sudbury""},{""gid_2"":""CAN.9.48_1"",""migration_date"":""2025-12-20"",""migration_method"":""puzzle1_2"",""name_2"":""Thunder Bay""},{""gid_2"":""CAN.9.49_1"",""migration_date"":""2025-12-20"",""migration_method"":""puzzle1_2"",""name_2"":""Timiskaming""},{""gid_2"":""CAN.9.4_1"",""migration_date"":""2025-12-20"",""migration_method"":""puzzle1_2"",""name_2"":""Chatham-Kent""},{""gid_2"":""CAN.9.50_1"",""migration_date"":""2025-12-20"",""migration_method"":""puzzle1_2"",""name_2"":""Toronto""},{""gid_2"":""CAN.9.51_1"",""migration_date"":""2025-12-20"",""migration_method"":""puzzle1_2"",""name_2"":""Waterloo""},{""gid_2"":""CAN.9.52_1"",""migration_date"":""2025-12-20"",""migration_method"":""puzzle1_2"",""name_2"":""Wellington""},{""gid_2"":""CAN.9.53_1"",""migration_date"":""2025-12-20"",""migration_method"":""puzzle1_2"",""name_2"":""York""},{""gid_2"":""CAN.9.5_1"",""migration_date"":""2025-12-20"",""migration_method"":""puzzle1_2"",""name_2"":""Cochrane""},{""gid_2"":""CAN.9.6_1"",""migration_date"":""2025-12-20"",""migration_method"":""puzzle1_2"",""name_2"":""Dufferin""},{""gid_2"":""CAN.9.7_1"",""migration_date"":""2025-12-20"",""migration_method"":""puzzle1_2"",""name_2"":""Durham""},{""gid_2"":""CAN.9.8_1"",""migration_date"":""2025-12-20"",""migration_method"":""puzzle1_2"",""name_2"":""Elgin""},{""gid_2"":""CAN.9.9_1"",""migration_date"":""2025-12-20"",""migration_method"":""puzzle1_2"",""name_2"":""Essex""}]";When did the 2023 wildfire in Canada start and end?;May 6, 2023 to July 2023;multi-attribute
kg_0037_1;kg_only;KG;emdat_wwa_alignment.xlsx;36;2023-0438-GBR;United Kingdom of Great Britain and Northern Ireland;Extreme temperature;Heat wave;https://www.worldweatherattribution.org/extreme-heat-in-north-america-europe-and-china-in-july-2023-made-much-more-likely-by-climate-change/;event_id: 2023-0438-GBR | Historic: No | Classification Key: nat-met-ext-hea | Disaster Group: Natural | Disaster Subgroup: Meteorological | Disaster Type: Extreme temperature | Disaster Subtype: Heat wave | ISO: GBR | Country: United Kingdom of Great Britain and Northern Ireland | Subregion: Northern Europe | Region: Europe | OFDA/BHA Response: No | Appeal: No | Declaration: No | Magnitude Scale: °C | Start Year: 2023 | Start Month: 7 | End Year: 2023 | End Month: 8 | Total Deaths: 1851 | CPI: 94.6446220103845;How many deaths were recorded from the heat wave event in 2023 in Great Britain?;1851;single-hop
kg_0037_2;kg_only;KG;emdat_wwa_alignment.xlsx;36;2023-0438-GBR;United Kingdom of Great Britain and Northern Ireland;Extreme temperature;Heat wave;https://www.worldweatherattribution.org/extreme-heat-in-north-america-europe-and-china-in-july-2023-made-much-more-likely-by-climate-change/;event_id: 2023-0438-GBR | Historic: No | Classification Key: nat-met-ext-hea | Disaster Group: Natural | Disaster Subgroup: Meteorological | Disaster Type: Extreme temperature | Disaster Subtype: Heat wave | ISO: GBR | Country: United Kingdom of Great Britain and Northern Ireland | Subregion: Northern Europe | Region: Europe | OFDA/BHA Response: No | Appeal: No | Declaration: No | Magnitude Scale: °C | Start Year: 2023 | Start Month: 7 | End Year: 2023 | End Month: 8 | Total Deaths: 1851 | CPI: 94.6446220103845;What extreme temperature subtype affected the United Kingdom of Great Britain and Northern Ireland in 2023?;Heat wave;multi-attribute
kg_0038_1;kg_only;KG;emdat_wwa_alignment.xlsx;37;2023-0728-ETH;Ethiopia;Flood;Flash flood;https://www.worldweatherattribution.org/climate-change-indian-ocean-dipole-compounding-natural-hazards-and-high-vulnerability-increased-severity-of-flooding-in-the-horn-of-africa/;event_id: 2023-0728-ETH | Historic: No | Classification Key: nat-hyd-flo-fla | Disaster Group: Natural | Disaster Subgroup: Hydrological | Disaster Type: Flood | Disaster Subtype: Flash flood | External IDs: GLIDE:FL-2023-000229 | ISO: ETH | Country: Ethiopia | Subregion: Sub-Saharan Africa | Region: Africa | Location: Somali Region, Afar, Oromia, SNNP, Gambela | Origin: Heavy rains, El Nino | Associated Types: Slide (land, mud, snow, rock) | OFDA/BHA Response: No | Appeal: No | Declaration: No | Magnitude Scale: Km2 | River Basin: Genale River | Start Year: 2023 | Start Month: 10 | End Year: 2023 | End Month: 11 | End Day: 30 | Total Deaths: 60 | No. Affected: 1500000 | Total Affected: 1500000 | CPI: 94.6446220103845;How many total deaths were reported from the flash flood in Ethiopia in 2023?;60;single-hop
kg_0038_2;kg_only;KG;emdat_wwa_alignment.xlsx;37;2023-0728-ETH;Ethiopia;Flood;Flash flood;https://www.worldweatherattribution.org/climate-change-indian-ocean-dipole-compounding-natural-hazards-and-high-vulnerability-increased-severity-of-flooding-in-the-horn-of-africa/;event_id: 2023-0728-ETH | Historic: No | Classification Key: nat-hyd-flo-fla | Disaster Group: Natural | Disaster Subgroup: Hydrological | Disaster Type: Flood | Disaster Subtype: Flash flood | External IDs: GLIDE:FL-2023-000229 | ISO: ETH | Country: Ethiopia | Subregion: Sub-Saharan Africa | Region: Africa | Location: Somali Region, Afar, Oromia, SNNP, Gambela | Origin: Heavy rains, El Nino | Associated Types: Slide (land, mud, snow, rock) | OFDA/BHA Response: No | Appeal: No | Declaration: No | Magnitude Scale: Km2 | River Basin: Genale River | Start Year: 2023 | Start Month: 10 | End Year: 2023 | End Month: 11 | End Day: 30 | Total Deaths: 60 | No. Affected: 1500000 | Total Affected: 1500000 | CPI: 94.6446220103845;For how many months did the flash flood event in Ethiopia last, from its start month to its end month?;2 months;multi-attribute
kg_0039_1;kg_only;KG;emdat_wwa_alignment.xlsx;38;2023-0804-MDA;Republic of Moldova;Storm;Blizzard/Winter storm;https://www.worldweatherattribution.org/climate-change-increased-heavy-precipitation-associated-with-impactful-storm-bettina-over-black-sea/;event_id: 2023-0804-MDA | Historic: No | Classification Key: nat-met-sto-bli | Disaster Group: Natural | Disaster Subgroup: Meteorological | Disaster Type: Storm | Disaster Subtype: Blizzard/Winter storm | Event Name: Storm 'Bettina' | ISO: MDA | Country: Republic of Moldova | Subregion: Eastern Europe | Region: Europe | Location: Coscalia, Cruglic, Grigoriopol | OFDA/BHA Response: No | Appeal: No | Declaration: No | Magnitude Scale: Kph | Start Year: 2023 | Start Month: 11 | Start Day: 26 | End Year: 2023 | End Month: 11 | End Day: 28 | Total Deaths: 4 | No. Injured: 10 | Total Affected: 10 | CPI: 94.6446220103845;What was the name of the storm that impacted Coscalia, Cruglic, Grigoriopol in Moldova in November 2023?;Storm 'Bettina';single-hop
kg_0039_2;kg_only;KG;emdat_wwa_alignment.xlsx;38;2023-0804-MDA;Republic of Moldova;Storm;Blizzard/Winter storm;https://www.worldweatherattribution.org/climate-change-increased-heavy-precipitation-associated-with-impactful-storm-bettina-over-black-sea/;event_id: 2023-0804-MDA | Historic: No | Classification Key: nat-met-sto-bli | Disaster Group: Natural | Disaster Subgroup: Meteorological | Disaster Type: Storm | Disaster Subtype: Blizzard/Winter storm | Event Name: Storm 'Bettina' | ISO: MDA | Country: Republic of Moldova | Subregion: Eastern Europe | Region: Europe | Location: Coscalia, Cruglic, Grigoriopol | OFDA/BHA Response: No | Appeal: No | Declaration: No | Magnitude Scale: Kph | Start Year: 2023 | Start Month: 11 | Start Day: 26 | End Year: 2023 | End Month: 11 | End Day: 28 | Total Deaths: 4 | No. Injured: 10 | Total Affected: 10 | CPI: 94.6446220103845;How many deaths and how many injured were reported from this storm event in Moldova?;4 deaths and 10 injured;multi-attribute
kg_0040_1;kg_only;KG;emdat_wwa_alignment.xlsx;39;2023-0804-TUR;Türkiye;Storm;Blizzard/Winter storm;https://www.worldweatherattribution.org/climate-change-increased-heavy-precipitation-associated-with-impactful-storm-bettina-over-black-sea/;event_id: 2023-0804-TUR | Historic: No | Classification Key: nat-met-sto-bli | Disaster Group: Natural | Disaster Subgroup: Meteorological | Disaster Type: Storm | Disaster Subtype: Blizzard/Winter storm | Event Name: Storm 'Bettina' | ISO: TUR | Country: Türkiye | Subregion: Western Asia | Region: Asia | OFDA/BHA Response: No | Appeal: No | Declaration: No | Magnitude Scale: Kph | Start Year: 2023 | Start Month: 11 | Start Day: 26 | End Year: 2023 | End Month: 11 | End Day: 27 | Total Deaths: 2 | CPI: 94.6446220103845;What was the name of the storm that struck Turkey on November 26‑27, 2023?;Storm 'Bettina';single-hop
kg_0040_2;kg_only;KG;emdat_wwa_alignment.xlsx;39;2023-0804-TUR;Türkiye;Storm;Blizzard/Winter storm;https://www.worldweatherattribution.org/climate-change-increased-heavy-precipitation-associated-with-impactful-storm-bettina-over-black-sea/;event_id: 2023-0804-TUR | Historic: No | Classification Key: nat-met-sto-bli | Disaster Group: Natural | Disaster Subgroup: Meteorological | Disaster Type: Storm | Disaster Subtype: Blizzard/Winter storm | Event Name: Storm 'Bettina' | ISO: TUR | Country: Türkiye | Subregion: Western Asia | Region: Asia | OFDA/BHA Response: No | Appeal: No | Declaration: No | Magnitude Scale: Kph | Start Year: 2023 | Start Month: 11 | Start Day: 26 | End Year: 2023 | End Month: 11 | End Day: 27 | Total Deaths: 2 | CPI: 94.6446220103845;How many deaths were recorded and what was the CPI value for the storm ‘Bettina’?;2 deaths and a CPI of 94.6446220103845;multi-attribute
kg_0041_1;kg_only;KG;emdat_wwa_alignment.xlsx;40;2023-9651-BRA;Brazil;Drought;Drought;https://www.worldweatherattribution.org/climate-change-not-el-nino-main-driver-of-exceptional-drought-in-highly-vulnerable-amazon-river-basin/;event_id: 2023-9651-BRA | Historic: No | Classification Key: nat-cli-dro-dro | Disaster Group: Natural | Disaster Subgroup: Climatological | Disaster Type: Drought | Disaster Subtype: Drought | ISO: BRA | Country: Brazil | Subregion: Latin America and the Caribbean | Region: Americas | Location: Amazonas state | OFDA/BHA Response: No | Appeal: No | Declaration: Yes | Magnitude Scale: Km2 | Start Year: 2023 | Start Month: 3 | Start Day: 1 | End Year: 2023 | End Month: 12 | End Day: 31 | No. Affected: 608000 | Total Affected: 608000 | Total Damage ('000 US$): 2500000 | Total Damage, Adjusted ('000 US$): 2641460 | CPI: 94.6446220103845;How many individuals were reported as affected by the drought in Amazonas state in 2023?;608,000;single-hop
kg_0041_2;kg_only;KG;emdat_wwa_alignment.xlsx;40;2023-9651-BRA;Brazil;Drought;Drought;https://www.worldweatherattribution.org/climate-change-not-el-nino-main-driver-of-exceptional-drought-in-highly-vulnerable-amazon-river-basin/;event_id: 2023-9651-BRA | Historic: No | Classification Key: nat-cli-dro-dro | Disaster Group: Natural | Disaster Subgroup: Climatological | Disaster Type: Drought | Disaster Subtype: Drought | ISO: BRA | Country: Brazil | Subregion: Latin America and the Caribbean | Region: Americas | Location: Amazonas state | OFDA/BHA Response: No | Appeal: No | Declaration: Yes | Magnitude Scale: Km2 | Start Year: 2023 | Start Month: 3 | Start Day: 1 | End Year: 2023 | End Month: 12 | End Day: 31 | No. Affected: 608000 | Total Affected: 608000 | Total Damage ('000 US$): 2500000 | Total Damage, Adjusted ('000 US$): 2641460 | CPI: 94.6446220103845;Over how many months did the drought event in Amazonas state last, given it began on March 1, 2023 and ended on December 31, 2023?;10 months;multi-attribute
kg_0042_1;kg_only;KG;emdat_wwa_alignment.xlsx;41;2023-0293-ITA;Italy;Flood;Flood (General);https://www.worldweatherattribution.org/limited-net-role-for-climate-change-in-heavy-spring-rainfall-in-emilia-romagna/;"event_id: 2023-0293-ITA | Historic: No | Classification Key: nat-hyd-flo-flo | Disaster Group: Natural | Disaster Subgroup: Hydrological | Disaster Type: Flood | Disaster Subtype: Flood (General) | External IDs: GLIDE:FL-2023-000080|GLIDE:FL-2023-000088 | ISO: ITA | Country: Italy | Subregion: Southern Europe | Region: Europe | Location: Bologna, Ferrara, Forlì-Cesena, Modena, Parma, Ravenna, Reggio Emilia, Rimini; | Origin: Storm Minerva | Associated Types: Slide (land, mud, snow, rock) | OFDA/BHA Response: No | Appeal: No | Declaration: No | Magnitude Scale: Km2 | Start Year: 2023 | Start Month: 5 | Start Day: 16 | End Year: 2023 | End Month: 5 | End Day: 20 | Total Deaths: 15 | No. Affected: 46000 | Total Affected: 46000 | Total Damage ('000 US$): 9750000 | Total Damage, Adjusted ('000 US$): 10301695 | CPI: 94.6446220103845 | Admin Units: [{""adm2_code"":18334,""adm2_name"":""Bologna""},{""adm2_code"":18335,""adm2_name"":""Ferrara""},{""adm2_code"":18336,""adm2_name"":""Forli'""},{""adm2_code"":18337,""adm2_name"":""Modena""},{""adm2_code"":18338,""adm2_name"":""Parma""},{""adm2_code"":18340,""adm2_name"":""Ravenna""},{""adm2_code"":18341,""adm2_name"":""Reggio Emilia""},{""adm2_code"":18342,""adm2_name"":""Rimini""}] | GADM Admin Units: [{""gid_2"":""ITA.6.1_1"",""migration_date"":""2025-12-20"",""migration_method"":""jaccard2"",""name_2"":""Bologna""},{""gid_2"":""ITA.6.2_1"",""migration_date"":""2025-12-20"",""migration_method"":""jaccard2"",""name_2"":""Ferrara""},{""gid_2"":""ITA.6.3_1"",""migration_date"":""2025-12-20"",""migration_method"":""jaccard2"",""name_2"":""Forli' - Cesena""},{""gid_2"":""ITA.6.4_1"",""migration_date"":""2025-12-20"",""migration_method"":""jaccard2"",""name_2"":""Modena""},{""gid_2"":""ITA.6.5_1"",""migration_date"":""2025-12-20"",""migration_method"":""jaccard2"",""name_2"":""Parma""},{""gid_2"":""ITA.6.7_1"",""migration_date"":""2025-12-20"",""migration_method"":""jaccard2"",""name_2"":""Ravenna""},{""gid_2"":""ITA.6.8_1"",""migration_date"":""2025-12-20"",""migration_method"":""jaccard2"",""name_2"":""Reggio Nell'Emilia""},{""gid_2"":""ITA.6.9_1"",""migration_date"":""2025-12-20"",""migration_method"":""jaccard2"",""name_2"":""Rimini""}]";How many people were affected by the flood event in Italy in May 2023?;46000;single-hop
kg_0042_2;kg_only;KG;emdat_wwa_alignment.xlsx;41;2023-0293-ITA;Italy;Flood;Flood (General);https://www.worldweatherattribution.org/limited-net-role-for-climate-change-in-heavy-spring-rainfall-in-emilia-romagna/;"event_id: 2023-0293-ITA | Historic: No | Classification Key: nat-hyd-flo-flo | Disaster Group: Natural | Disaster Subgroup: Hydrological | Disaster Type: Flood | Disaster Subtype: Flood (General) | External IDs: GLIDE:FL-2023-000080|GLIDE:FL-2023-000088 | ISO: ITA | Country: Italy | Subregion: Southern Europe | Region: Europe | Location: Bologna, Ferrara, Forlì-Cesena, Modena, Parma, Ravenna, Reggio Emilia, Rimini; | Origin: Storm Minerva | Associated Types: Slide (land, mud, snow, rock) | OFDA/BHA Response: No | Appeal: No | Declaration: No | Magnitude Scale: Km2 | Start Year: 2023 | Start Month: 5 | Start Day: 16 | End Year: 2023 | End Month: 5 | End Day: 20 | Total Deaths: 15 | No. Affected: 46000 | Total Affected: 46000 | Total Damage ('000 US$): 9750000 | Total Damage, Adjusted ('000 US$): 10301695 | CPI: 94.6446220103845 | Admin Units: [{""adm2_code"":18334,""adm2_name"":""Bologna""},{""adm2_code"":18335,""adm2_name"":""Ferrara""},{""adm2_code"":18336,""adm2_name"":""Forli'""},{""adm2_code"":18337,""adm2_name"":""Modena""},{""adm2_code"":18338,""adm2_name"":""Parma""},{""adm2_code"":18340,""adm2_name"":""Ravenna""},{""adm2_code"":18341,""adm2_name"":""Reggio Emilia""},{""adm2_code"":18342,""adm2_name"":""Rimini""}] | GADM Admin Units: [{""gid_2"":""ITA.6.1_1"",""migration_date"":""2025-12-20"",""migration_method"":""jaccard2"",""name_2"":""Bologna""},{""gid_2"":""ITA.6.2_1"",""migration_date"":""2025-12-20"",""migration_method"":""jaccard2"",""name_2"":""Ferrara""},{""gid_2"":""ITA.6.3_1"",""migration_date"":""2025-12-20"",""migration_method"":""jaccard2"",""name_2"":""Forli' - Cesena""},{""gid_2"":""ITA.6.4_1"",""migration_date"":""2025-12-20"",""migration_method"":""jaccard2"",""name_2"":""Modena""},{""gid_2"":""ITA.6.5_1"",""migration_date"":""2025-12-20"",""migration_method"":""jaccard2"",""name_2"":""Parma""},{""gid_2"":""ITA.6.7_1"",""migration_date"":""2025-12-20"",""migration_method"":""jaccard2"",""name_2"":""Ravenna""},{""gid_2"":""ITA.6.8_1"",""migration_date"":""2025-12-20"",""migration_method"":""jaccard2"",""name_2"":""Reggio Nell'Emilia""},{""gid_2"":""ITA.6.9_1"",""migration_date"":""2025-12-20"",""migration_method"":""jaccard2"",""name_2"":""Rimini""}]";What was the total adjusted damage (in thousands of US dollars) for the flood caused by Storm Minerva?;10301695;single-hop
kg_0043_1;kg_only;KG;emdat_wwa_alignment.xlsx;42;2023-0267-RWA;Rwanda;Flood;Flood (General);https://www.worldweatherattribution.org/limited-data-prevent-assessment-of-role-of-climate-change-in-deadly-floods-affecting-highly-vulnerable-communities-around-lake-kivu/;event_id: 2023-0267-RWA | Historic: No | Classification Key: nat-hyd-flo-flo | Disaster Group: Natural | Disaster Subgroup: Hydrological | Disaster Type: Flood | Disaster Subtype: Flood (General) | External IDs: GLIDE:FL-2023-000064 | ISO: RWA | Country: Rwanda | Subregion: Sub-Saharan Africa | Region: Africa | Location: Northern, western and southern provinces | Origin: Heavy rains | Associated Types: Slide (land, mud, snow, rock) | OFDA/BHA Response: No | Appeal: No | Declaration: No | Magnitude Scale: Km2 | Start Year: 2023 | Start Month: 5 | Start Day: 1 | End Year: 2023 | End Month: 5 | End Day: 3 | Total Deaths: 131 | No. Injured: 77 | No. Affected: 51905 | Total Affected: 51982 | Reconstruction Costs ('000 US$): 100000 | Reconstruction Costs, Adjusted ('000 US$): 105658 | CPI: 94.6446220103845;How many deaths were reported in the 2023 flood in Rwanda?;131;single-hop
kg_0043_2;kg_only;KG;emdat_wwa_alignment.xlsx;42;2023-0267-RWA;Rwanda;Flood;Flood (General);https://www.worldweatherattribution.org/limited-data-prevent-assessment-of-role-of-climate-change-in-deadly-floods-affecting-highly-vulnerable-communities-around-lake-kivu/;event_id: 2023-0267-RWA | Historic: No | Classification Key: nat-hyd-flo-flo | Disaster Group: Natural | Disaster Subgroup: Hydrological | Disaster Type: Flood | Disaster Subtype: Flood (General) | External IDs: GLIDE:FL-2023-000064 | ISO: RWA | Country: Rwanda | Subregion: Sub-Saharan Africa | Region: Africa | Location: Northern, western and southern provinces | Origin: Heavy rains | Associated Types: Slide (land, mud, snow, rock) | OFDA/BHA Response: No | Appeal: No | Declaration: No | Magnitude Scale: Km2 | Start Year: 2023 | Start Month: 5 | Start Day: 1 | End Year: 2023 | End Month: 5 | End Day: 3 | Total Deaths: 131 | No. Injured: 77 | No. Affected: 51905 | Total Affected: 51982 | Reconstruction Costs ('000 US$): 100000 | Reconstruction Costs, Adjusted ('000 US$): 105658 | CPI: 94.6446220103845;What was the combined total of deaths and injured persons in the flood event in Rwanda in 2023?;208;multi-attribute
kg_0044_1;kg_only;KG;emdat_wwa_alignment.xlsx;43;2023-0079-NZL;New Zealand;Storm;Tropical cyclone;https://www.worldweatherattribution.org/the-role-of-climate-change-in-extreme-rainfall-associated-with-cyclone-gabrielle-over-aotearoa-new-zealands-east-coast/;event_id: 2023-0079-NZL | Historic: No | Classification Key: nat-met-sto-tro | Disaster Group: Natural | Disaster Subgroup: Meteorological | Disaster Type: Storm | Disaster Subtype: Tropical cyclone | Event Name: Cyclone 'Gabrielle' | ISO: NZL | Country: New Zealand | Subregion: Australia and New Zealand | Region: Oceania | Location: Northland, Auckland, Tairawhiti, Bay of Plenty, Waikato, and Hawkes Bay | Associated Types: Flood|Slide (land, mud, snow, rock) | OFDA/BHA Response: No | Appeal: No | Declaration: Yes | Magnitude: 140 | Magnitude Scale: Kph | Start Year: 2023 | Start Month: 2 | Start Day: 11 | End Year: 2023 | End Month: 2 | End Day: 17 | Total Deaths: 11 | No. Affected: 10500 | Total Affected: 10500 | Insured Damage ('000 US$): 1900000 | Insured Damage, Adjusted ('000 US$): 2007510 | Total Damage ('000 US$): 2800000 | Total Damage, Adjusted ('000 US$): 2958435 | CPI: 94.6446220103845;How many deaths were caused by Cyclone 'Gabrielle' in New Zealand?;11;single-hop
kg_0044_2;kg_only;KG;emdat_wwa_alignment.xlsx;43;2023-0079-NZL;New Zealand;Storm;Tropical cyclone;https://www.worldweatherattribution.org/the-role-of-climate-change-in-extreme-rainfall-associated-with-cyclone-gabrielle-over-aotearoa-new-zealands-east-coast/;event_id: 2023-0079-NZL | Historic: No | Classification Key: nat-met-sto-tro | Disaster Group: Natural | Disaster Subgroup: Meteorological | Disaster Type: Storm | Disaster Subtype: Tropical cyclone | Event Name: Cyclone 'Gabrielle' | ISO: NZL | Country: New Zealand | Subregion: Australia and New Zealand | Region: Oceania | Location: Northland, Auckland, Tairawhiti, Bay of Plenty, Waikato, and Hawkes Bay | Associated Types: Flood|Slide (land, mud, snow, rock) | OFDA/BHA Response: No | Appeal: No | Declaration: Yes | Magnitude: 140 | Magnitude Scale: Kph | Start Year: 2023 | Start Month: 2 | Start Day: 11 | End Year: 2023 | End Month: 2 | End Day: 17 | Total Deaths: 11 | No. Affected: 10500 | Total Affected: 10500 | Insured Damage ('000 US$): 1900000 | Insured Damage, Adjusted ('000 US$): 2007510 | Total Damage ('000 US$): 2800000 | Total Damage, Adjusted ('000 US$): 2958435 | CPI: 94.6446220103845;How many people were affected by Cyclone 'Gabrielle' and what was the adjusted total damage in thousands of US dollars?;10,500 people and 2,958,435;multi-attribute
kg_0045_1;kg_only;KG;emdat_wwa_alignment.xlsx;44;2023-0804-BGR;Bulgaria;Storm;Blizzard/Winter storm;https://www.worldweatherattribution.org/climate-change-increased-heavy-precipitation-associated-with-impactful-storm-bettina-over-black-sea/;event_id: 2023-0804-BGR | Historic: No | Classification Key: nat-met-sto-bli | Disaster Group: Natural | Disaster Subgroup: Meteorological | Disaster Type: Storm | Disaster Subtype: Blizzard/Winter storm | Event Name: Storm 'Bettina' | ISO: BGR | Country: Bulgaria | Subregion: Eastern Europe | Region: Europe | Location: Northeastern | OFDA/BHA Response: No | Appeal: No | Declaration: Yes | Magnitude Scale: Kph | Start Year: 2023 | Start Month: 11 | Start Day: 25 | End Year: 2023 | End Month: 11 | End Day: 27 | Total Deaths: 2 | No. Injured: 36 | Total Affected: 36 | CPI: 94.6446220103845;How many total deaths were reported from Storm 'Bettina' in Bulgaria?;2;single-hop
kg_0045_2;kg_only;KG;emdat_wwa_alignment.xlsx;44;2023-0804-BGR;Bulgaria;Storm;Blizzard/Winter storm;https://www.worldweatherattribution.org/climate-change-increased-heavy-precipitation-associated-with-impactful-storm-bettina-over-black-sea/;event_id: 2023-0804-BGR | Historic: No | Classification Key: nat-met-sto-bli | Disaster Group: Natural | Disaster Subgroup: Meteorological | Disaster Type: Storm | Disaster Subtype: Blizzard/Winter storm | Event Name: Storm 'Bettina' | ISO: BGR | Country: Bulgaria | Subregion: Eastern Europe | Region: Europe | Location: Northeastern | OFDA/BHA Response: No | Appeal: No | Declaration: Yes | Magnitude Scale: Kph | Start Year: 2023 | Start Month: 11 | Start Day: 25 | End Year: 2023 | End Month: 11 | End Day: 27 | Total Deaths: 2 | No. Injured: 36 | Total Affected: 36 | CPI: 94.6446220103845;What magnitude scale was used to describe the intensity of Storm 'Bettina'?;Kph;single-hop
kg_0046_2;kg_only;KG;emdat_wwa_alignment.xlsx;45;2023-0804-ROU;Romania;Storm;Blizzard/Winter storm;https://www.worldweatherattribution.org/climate-change-increased-heavy-precipitation-associated-with-impactful-storm-bettina-over-black-sea/;event_id: 2023-0804-ROU | Historic: No | Classification Key: nat-met-sto-bli | Disaster Group: Natural | Disaster Subgroup: Meteorological | Disaster Type: Storm | Disaster Subtype: Blizzard/Winter storm | Event Name: Storm 'Bettina' | ISO: ROU | Country: Romania | Subregion: Eastern Europe | Region: Europe | Location: Constanta, Tulcea, Galati, and Braila | OFDA/BHA Response: No | Appeal: No | Declaration: No | Magnitude Scale: Kph | Start Year: 2023 | Start Month: 11 | Start Day: 25 | End Year: 2023 | End Month: 11 | End Day: 27 | CPI: 94.6446220103845;What was the CPI value associated with the storm that occurred from 25 November 2023 to 27 November 2023?;94.6446220103845;multi-attribute
kg_0047_1;kg_only;KG;emdat_wwa_alignment.xlsx;46;2024-0020-PHL;Philippines;Flood;Flood (General);https://www.worldweatherattribution.org/reducing-vulnerability-and-improved-land-management-needed-with-increasing-heavy-rainfall-in-mindanao-island-southern-philippines-2/;"event_id: 2024-0020-PHL | Historic: No | Classification Key: nat-hyd-flo-flo | Disaster Group: Natural | Disaster Subgroup: Hydrological | Disaster Type: Flood | Disaster Subtype: Flood (General) | External IDs: GLIDE:FL-2024-000011 | ISO: PHL | Country: Philippines | Subregion: South-eastern Asia | Region: Asia | Location: Region X (Northern Mindanao), Region XI (Davao Region), Region XII (Soccsksargen), Region XIII (Caraga) | Origin: Heavy rains; effects of the Shear Line | Associated Types: Slide (land, mud, snow, rock) | OFDA/BHA Response: No | Appeal: No | Declaration: Yes | Magnitude Scale: Km2 | Start Year: 2024 | Start Month: 1 | Start Day: 14 | End Year: 2024 | End Month: 2 | End Day: 2 | Total Deaths: 21 | No. Injured: 11 | No. Affected: 1228003 | Total Affected: 1228014 | Total Damage ('000 US$): 30000 | Total Damage, Adjusted ('000 US$): 30789 | CPI: 97.43617561613397";How many deaths were reported from the flood in the Philippines in early 2024?;21;single-hop
kg_0047_2;kg_only;KG;emdat_wwa_alignment.xlsx;46;2024-0020-PHL;Philippines;Flood;Flood (General);https://www.worldweatherattribution.org/reducing-vulnerability-and-improved-land-management-needed-with-increasing-heavy-rainfall-in-mindanao-island-southern-philippines-2/;"event_id: 2024-0020-PHL | Historic: No | Classification Key: nat-hyd-flo-flo | Disaster Group: Natural | Disaster Subgroup: Hydrological | Disaster Type: Flood | Disaster Subtype: Flood (General) | External IDs: GLIDE:FL-2024-000011 | ISO: PHL | Country: Philippines | Subregion: South-eastern Asia | Region: Asia | Location: Region X (Northern Mindanao), Region XI (Davao Region), Region XII (Soccsksargen), Region XIII (Caraga) | Origin: Heavy rains; effects of the Shear Line | Associated Types: Slide (land, mud, snow, rock) | OFDA/BHA Response: No | Appeal: No | Declaration: Yes | Magnitude Scale: Km2 | Start Year: 2024 | Start Month: 1 | Start Day: 14 | End Year: 2024 | End Month: 2 | End Day: 2 | Total Deaths: 21 | No. Injured: 11 | No. Affected: 1228003 | Total Affected: 1228014 | Total Damage ('000 US$): 30000 | Total Damage, Adjusted ('000 US$): 30789 | CPI: 97.43617561613397";What was the total adjusted damage in thousands of US dollars for the flood event in the Philippines in early 2024?;30789;single-hop
kg_0048_1;kg_only;KG;emdat_wwa_alignment.xlsx;47;2024-0544-SDN;Sudan;Flood;Flash flood;https://www.worldweatherattribution.org/conflict-poverty-and-water-management-issues-exposing-vulnerable-communities-in-africa-to-extreme-floods-that-are-now-common-events-because-of-climate-change/;event_id: 2024-0544-SDN | Historic: No | Classification Key: nat-hyd-flo-fla | Disaster Group: Natural | Disaster Subgroup: Hydrological | Disaster Type: Flood | Disaster Subtype: Flash flood | External IDs: GLIDE:FL-2024-000128 | ISO: SDN | Country: Sudan | Subregion: Northern Africa | Region: Africa | Location: Kassala, Aj Jazirah, East Darfur, Central Darfur, North Darfur, Khartoum, North Kordofan, Northern, Red Sea, River Nile, West Darfur, and White Nile states | Origin: Heavy rain | Associated Types: Broken Dam/Burst bank | OFDA/BHA Response: No | Appeal: No | Declaration: No | Magnitude Scale: Km2 | River Basin: Gash River | Start Year: 2024 | Start Month: 6 | Start Day: 1 | End Year: 2024 | End Month: 8 | End Day: 27 | Total Deaths: 132 | No. Injured: 107 | No. Affected: 317000 | Total Affected: 317107 | CPI: 97.43617561613397;How many deaths were reported for the flood event in Sudan that started on June 1, 2024?;132;single-hop
kg_0048_2;kg_only;KG;emdat_wwa_alignment.xlsx;47;2024-0544-SDN;Sudan;Flood;Flash flood;https://www.worldweatherattribution.org/conflict-poverty-and-water-management-issues-exposing-vulnerable-communities-in-africa-to-extreme-floods-that-are-now-common-events-because-of-climate-change/;event_id: 2024-0544-SDN | Historic: No | Classification Key: nat-hyd-flo-fla | Disaster Group: Natural | Disaster Subgroup: Hydrological | Disaster Type: Flood | Disaster Subtype: Flash flood | External IDs: GLIDE:FL-2024-000128 | ISO: SDN | Country: Sudan | Subregion: Northern Africa | Region: Africa | Location: Kassala, Aj Jazirah, East Darfur, Central Darfur, North Darfur, Khartoum, North Kordofan, Northern, Red Sea, River Nile, West Darfur, and White Nile states | Origin: Heavy rain | Associated Types: Broken Dam/Burst bank | OFDA/BHA Response: No | Appeal: No | Declaration: No | Magnitude Scale: Km2 | River Basin: Gash River | Start Year: 2024 | Start Month: 6 | Start Day: 1 | End Year: 2024 | End Month: 8 | End Day: 27 | Total Deaths: 132 | No. Injured: 107 | No. Affected: 317000 | Total Affected: 317107 | CPI: 97.43617561613397;Which river basin was associated with the flash flood that affected multiple states in Sudan?;Gash River;single-hop
kg_0049_1;kg_only;KG;emdat_wwa_alignment.xlsx;48;2024-0219-ARE;United Arab Emirates;Flood;Flash flood;https://www.worldweatherattribution.org/heavy-precipitation-hitting-vulnerable-communities-in-the-uae-and-oman-becoming-an-increasing-threat-as-the-climate-warms/;event_id: 2024-0219-ARE | Historic: No | Classification Key: nat-hyd-flo-fla | Disaster Group: Natural | Disaster Subgroup: Hydrological | Disaster Type: Flood | Disaster Subtype: Flash flood | ISO: ARE | Country: United Arab Emirates | Subregion: Western Asia | Region: Asia | Location: Dubai | Origin: Heavy rains | Associated Types: Storm | OFDA/BHA Response: No | Appeal: No | Declaration: No | Magnitude Scale: Km2 | Start Year: 2024 | Start Month: 4 | Start Day: 15 | End Year: 2024 | End Month: 4 | End Day: 16 | Total Deaths: 4 | CPI: 97.43617561613397;How many fatalities were recorded in the Dubai flash flood event of April 2024?;4;single-hop
kg_0049_2;kg_only;KG;emdat_wwa_alignment.xlsx;48;2024-0219-ARE;United Arab Emirates;Flood;Flash flood;https://www.worldweatherattribution.org/heavy-precipitation-hitting-vulnerable-communities-in-the-uae-and-oman-becoming-an-increasing-threat-as-the-climate-warms/;event_id: 2024-0219-ARE | Historic: No | Classification Key: nat-hyd-flo-fla | Disaster Group: Natural | Disaster Subgroup: Hydrological | Disaster Type: Flood | Disaster Subtype: Flash flood | ISO: ARE | Country: United Arab Emirates | Subregion: Western Asia | Region: Asia | Location: Dubai | Origin: Heavy rains | Associated Types: Storm | OFDA/BHA Response: No | Appeal: No | Declaration: No | Magnitude Scale: Km2 | Start Year: 2024 | Start Month: 4 | Start Day: 15 | End Year: 2024 | End Month: 4 | End Day: 16 | Total Deaths: 4 | CPI: 97.43617561613397;What were the start and end dates of the flash flood that affected Dubai in 2024?;April 15, 2024 to April 16, 2024;multi-attribute
kg_0050_1;kg_only;KG;emdat_wwa_alignment.xlsx;49;2024-0152-BRA;Brazil;Flood;Flood (General);https://www.worldweatherattribution.org/climate-change-made-the-floods-in-southern-brazil-twice-as-likely/;"event_id: 2024-0152-BRA | Historic: No | Classification Key: nat-hyd-flo-flo | Disaster Group: Natural | Disaster Subgroup: Hydrological | Disaster Type: Flood | Disaster Subtype: Flood (General) | ISO: BRA | Country: Brazil | Subregion: Latin America and the Caribbean | Region: Americas | Location: Mimoso do Sul, Apiacá Municipal, Vargem Alta Muniz Freire and Bom Jesus do Norte municipalities (Espirito Santo); Rio de Janeiro States) | Origin: Heavy rains | Associated Types: Slide (land, mud, snow, rock) | OFDA/BHA Response: No | Appeal: No | Declaration: No | Magnitude Scale: Km2 | Start Year: 2024 | Start Month: 3 | Start Day: 22 | End Year: 2024 | End Month: 3 | End Day: 26 | Total Deaths: 34 | No. Affected: 7708 | Total Affected: 7708 | Total Damage ('000 US$): 140000 | Total Damage, Adjusted ('000 US$): 143684 | CPI: 97.43617561613397";How many fatalities were recorded during the flood that impacted municipalities in Espírito Santo and Rio de Janeiro states in March 2024?;34;single-hop
kg_0050_2;kg_only;KG;emdat_wwa_alignment.xlsx;49;2024-0152-BRA;Brazil;Flood;Flood (General);https://www.worldweatherattribution.org/climate-change-made-the-floods-in-southern-brazil-twice-as-likely/;"event_id: 2024-0152-BRA | Historic: No | Classification Key: nat-hyd-flo-flo | Disaster Group: Natural | Disaster Subgroup: Hydrological | Disaster Type: Flood | Disaster Subtype: Flood (General) | ISO: BRA | Country: Brazil | Subregion: Latin America and the Caribbean | Region: Americas | Location: Mimoso do Sul, Apiacá Municipal, Vargem Alta Muniz Freire and Bom Jesus do Norte municipalities (Espirito Santo); Rio de Janeiro States) | Origin: Heavy rains | Associated Types: Slide (land, mud, snow, rock) | OFDA/BHA Response: No | Appeal: No | Declaration: No | Magnitude Scale: Km2 | Start Year: 2024 | Start Month: 3 | Start Day: 22 | End Year: 2024 | End Month: 3 | End Day: 26 | Total Deaths: 34 | No. Affected: 7708 | Total Affected: 7708 | Total Damage ('000 US$): 140000 | Total Damage, Adjusted ('000 US$): 143684 | CPI: 97.43617561613397";Which states in Brazil were affected by the flood that resulted in an adjusted total damage of 143684 thousand US dollars?;Espírito Santo and Rio de Janeiro;multi-attribute
kg_0051_1;kg_only;KG;emdat_wwa_alignment.xlsx;50;2024-0056-CHL;Chile;Wildfire;Wildfire (General);https://www.worldweatherattribution.org/despite-known-coastal-cooling-trend-risk-of-deadly-wildfires-in-central-chile-increasing-with-changing-land-management-in-a-warming-climate/;"event_id: 2024-0056-CHL | Historic: No | Classification Key: nat-cli-wil-wil | Disaster Group: Natural | Disaster Subgroup: Climatological | Disaster Type: Wildfire | Disaster Subtype: Wildfire (General) | External IDs: GLIDE:WF-2024-000010 | Event Name: Tablax Complex fire | ISO: CHL | Country: Chile | Subregion: Latin America and the Caribbean | Region: Americas | Location: Viña del Mar City, Quilpué City (Marga Marga Province; Valparaíso Region); O'Higgins, Maule, Ñuble, Los Ríos, Arucania, Aysén regions | OFDA/BHA Response: No | Appeal: No | Declaration: Yes | Magnitude Scale: Km2 | Start Year: 2024 | Start Month: 2 | Start Day: 1 | End Year: 2024 | End Month: 2 | End Day: 7 | Total Deaths: 135 | No. Injured: 1250 | No. Affected: 39528 | Total Affected: 40778 | Total Damage ('000 US$): 1000000 | Total Damage, Adjusted ('000 US$): 1026313 | CPI: 97.43617561613397";How many total deaths were reported for the Tablax Complex fire?;135;single-hop
kg_0051_2;kg_only;KG;emdat_wwa_alignment.xlsx;50;2024-0056-CHL;Chile;Wildfire;Wildfire (General);https://www.worldweatherattribution.org/despite-known-coastal-cooling-trend-risk-of-deadly-wildfires-in-central-chile-increasing-with-changing-land-management-in-a-warming-climate/;"event_id: 2024-0056-CHL | Historic: No | Classification Key: nat-cli-wil-wil | Disaster Group: Natural | Disaster Subgroup: Climatological | Disaster Type: Wildfire | Disaster Subtype: Wildfire (General) | External IDs: GLIDE:WF-2024-000010 | Event Name: Tablax Complex fire | ISO: CHL | Country: Chile | Subregion: Latin America and the Caribbean | Region: Americas | Location: Viña del Mar City, Quilpué City (Marga Marga Province; Valparaíso Region); O'Higgins, Maule, Ñuble, Los Ríos, Arucania, Aysén regions | OFDA/BHA Response: No | Appeal: No | Declaration: Yes | Magnitude Scale: Km2 | Start Year: 2024 | Start Month: 2 | Start Day: 1 | End Year: 2024 | End Month: 2 | End Day: 7 | Total Deaths: 135 | No. Injured: 1250 | No. Affected: 39528 | Total Affected: 40778 | Total Damage ('000 US$): 1000000 | Total Damage, Adjusted ('000 US$): 1026313 | CPI: 97.43617561613397";What were the start and end dates of the Tablax Complex fire?;February 1, 2024 to February 7, 2024;multi-attribute
kg_0052_1;kg_only;KG;emdat_wwa_alignment.xlsx;51;2024-0285-AFG;Afghanistan;Flood;Flood (General);https://www.worldweatherattribution.org/increasing-april-may-rainfall-el-nino-and-high-vulnerability-behind-deadly-flooding-in-afghanistan-pakistan-and-iran/;event_id: 2024-0285-AFG | Historic: No | Classification Key: nat-hyd-flo-flo | Disaster Group: Natural | Disaster Subgroup: Hydrological | Disaster Type: Flood | Disaster Subtype: Flood (General) | External IDs: GLIDE:FF-2024-000049 | ISO: AFG | Country: Afghanistan | Subregion: Southern Asia | Region: Asia | Location: Baghlan, Badakhshan, Takhar, Ghor, Herat, Balkh, Faryab, Samangan, Sar-e-Pul | Origin: Heavy rains | OFDA/BHA Response: No | Appeal: No | Declaration: Yes | Magnitude Scale: Km2 | Start Year: 2024 | Start Month: 5 | Start Day: 10 | End Year: 2024 | End Month: 5 | End Day: 17 | Total Deaths: 357 | No. Injured: 572 | No. Affected: 257850 | Total Affected: 258422 | CPI: 97.43617561613397;How many total deaths were reported in the flood event in Afghanistan that began on May 10, 2024?;357;single-hop
kg_0052_2;kg_only;KG;emdat_wwa_alignment.xlsx;51;2024-0285-AFG;Afghanistan;Flood;Flood (General);https://www.worldweatherattribution.org/increasing-april-may-rainfall-el-nino-and-high-vulnerability-behind-deadly-flooding-in-afghanistan-pakistan-and-iran/;event_id: 2024-0285-AFG | Historic: No | Classification Key: nat-hyd-flo-flo | Disaster Group: Natural | Disaster Subgroup: Hydrological | Disaster Type: Flood | Disaster Subtype: Flood (General) | External IDs: GLIDE:FF-2024-000049 | ISO: AFG | Country: Afghanistan | Subregion: Southern Asia | Region: Asia | Location: Baghlan, Badakhshan, Takhar, Ghor, Herat, Balkh, Faryab, Samangan, Sar-e-Pul | Origin: Heavy rains | OFDA/BHA Response: No | Appeal: No | Declaration: Yes | Magnitude Scale: Km2 | Start Year: 2024 | Start Month: 5 | Start Day: 10 | End Year: 2024 | End Month: 5 | End Day: 17 | Total Deaths: 357 | No. Injured: 572 | No. Affected: 257850 | Total Affected: 258422 | CPI: 97.43617561613397;What was the total number of people affected by the flood that started on May 10, 2024 in Afghanistan?;258422;single-hop
kg_0053_1;kg_only;KG;emdat_wwa_alignment.xlsx;52;2024-0352-MEX;Mexico;Extreme temperature;Heat wave;https://www.worldweatherattribution.org/extreme-heat-killing-more-than-100-people-in-mexico-hotter-and-much-more-likely-due-to-climate-change/;event_id: 2024-0352-MEX | Historic: No | Classification Key: nat-met-ext-hea | Disaster Group: Natural | Disaster Subgroup: Meteorological | Disaster Type: Extreme temperature | Disaster Subtype: Heat wave | ISO: MEX | Country: Mexico | Subregion: Latin America and the Caribbean | Region: Americas | Origin: Heat dome | OFDA/BHA Response: No | Appeal: No | Declaration: No | Magnitude: 45 | Magnitude Scale: °C | Start Year: 2024 | Start Month: 3 | Start Day: 1 | End Year: 2024 | End Month: 5 | End Day: 31 | Total Deaths: 155 | No. Injured: 2567 | Total Affected: 2567 | CPI: 97.43617561613397;What was the highest temperature recorded during the 2024 heat wave in Mexico?;45 °C;single-hop
kg_0053_2;kg_only;KG;emdat_wwa_alignment.xlsx;52;2024-0352-MEX;Mexico;Extreme temperature;Heat wave;https://www.worldweatherattribution.org/extreme-heat-killing-more-than-100-people-in-mexico-hotter-and-much-more-likely-due-to-climate-change/;event_id: 2024-0352-MEX | Historic: No | Classification Key: nat-met-ext-hea | Disaster Group: Natural | Disaster Subgroup: Meteorological | Disaster Type: Extreme temperature | Disaster Subtype: Heat wave | ISO: MEX | Country: Mexico | Subregion: Latin America and the Caribbean | Region: Americas | Origin: Heat dome | OFDA/BHA Response: No | Appeal: No | Declaration: No | Magnitude: 45 | Magnitude Scale: °C | Start Year: 2024 | Start Month: 3 | Start Day: 1 | End Year: 2024 | End Month: 5 | End Day: 31 | Total Deaths: 155 | No. Injured: 2567 | Total Affected: 2567 | CPI: 97.43617561613397;How many people were reported injured during this heat wave event in 2024 in Mexico?;2567;single-hop
kg_0054_1;kg_only;KG;emdat_wwa_alignment.xlsx;53;2024-0369-GRC;Greece;Extreme temperature;Heat wave;https://www.worldweatherattribution.org/deadly-mediterranean-heatwave-would-not-have-occurred-without-human-induced-climate-change/;event_id: 2024-0369-GRC | Historic: No | Classification Key: nat-met-ext-hea | Disaster Group: Natural | Disaster Subgroup: Meteorological | Disaster Type: Extreme temperature | Disaster Subtype: Heat wave | ISO: GRC | Country: Greece | Subregion: Southern Europe | Region: Europe | OFDA/BHA Response: No | Appeal: No | Declaration: No | Magnitude: 40 | Magnitude Scale: °C | Start Year: 2024 | Start Month: 6 | Start Day: 1 | End Year: 2024 | End Month: 9 | End Day: 30 | Total Deaths: 5980 | CPI: 97.43617561613397;What was the total number of deaths caused by the heat wave in Greece in 2024?;5980;multi-attribute
kg_0054_2;kg_only;KG;emdat_wwa_alignment.xlsx;53;2024-0369-GRC;Greece;Extreme temperature;Heat wave;https://www.worldweatherattribution.org/deadly-mediterranean-heatwave-would-not-have-occurred-without-human-induced-climate-change/;event_id: 2024-0369-GRC | Historic: No | Classification Key: nat-met-ext-hea | Disaster Group: Natural | Disaster Subgroup: Meteorological | Disaster Type: Extreme temperature | Disaster Subtype: Heat wave | ISO: GRC | Country: Greece | Subregion: Southern Europe | Region: Europe | OFDA/BHA Response: No | Appeal: No | Declaration: No | Magnitude: 40 | Magnitude Scale: °C | Start Year: 2024 | Start Month: 6 | Start Day: 1 | End Year: 2024 | End Month: 9 | End Day: 30 | Total Deaths: 5980 | CPI: 97.43617561613397;What temperature magnitude was recorded for the extreme temperature event that began on June 1, 2024 in Greece?;40 °C;single-hop
kg_0055_1;kg_only;KG;emdat_wwa_alignment.xlsx;54;2024-9197-ZWE;Zimbabwe;Drought;Drought;https://www.worldweatherattribution.org/el-nino-key-driver-of-drought-in-highly-vulnerable-southern-african-countries/;event_id: 2024-9197-ZWE | Historic: No | Classification Key: nat-cli-dro-dro | Disaster Group: Natural | Disaster Subgroup: Climatological | Disaster Type: Drought | Disaster Subtype: Drought | External IDs: GLIDE:DR-2024-000066|GLIDE:DR-2024-000069 | ISO: ZWE | Country: Zimbabwe | Subregion: Sub-Saharan Africa | Region: Africa | Origin: El NIno | Associated Types: Food shortage|Water shortage | OFDA/BHA Response: No | Appeal: No | Declaration: Yes | Magnitude Scale: Km2 | Start Year: 2024 | Start Month: 4 | End Year: 2024 | No. Affected: 7600000 | Total Affected: 7600000 | Total Damage ('000 US$): 500000 | Total Damage, Adjusted ('000 US$): 513156 | CPI: 97.43617561613397;In which African country was a drought declared in April 2024?;Zimbabwe;single-hop
kg_0056_1;kg_only;KG;emdat_wwa_alignment.xlsx;55;2024-0150-KEN;Kenya;Flood;Flash flood;https://www.worldweatherattribution.org/urban-planning-at-the-heart-of-increasingly-severe-east-african-flood-impacts-in-a-warming-world/;event_id: 2024-0150-KEN | Historic: No | Classification Key: nat-hyd-flo-fla | Disaster Group: Natural | Disaster Subgroup: Hydrological | Disaster Type: Flood | Disaster Subtype: Flash flood | External IDs: GLIDE:FL-2024-000045 | ISO: KEN | Country: Kenya | Subregion: Sub-Saharan Africa | Region: Africa | Location: Marsabit, Turkana, Tana River, Garissa, Kirinyaga, Muranga, Kiambu, Meru, Kisumu, Nairobi, Kitui, Kajiado, West Pokot | Origin: Heavy rains | Associated Types: Broken Dam/Burst bank|Slide (land, mud, snow, rock) | OFDA/BHA Response: No | Appeal: No | Declaration: No | Magnitude Scale: Km2 | River Basin: Tana and the Mara rivers | Start Year: 2024 | Start Month: 3 | Start Day: 24 | End Year: 2024 | End Month: 5 | End Day: 3 | Total Deaths: 353 | No. Injured: 188 | No. Affected: 306520 | Total Affected: 306708 | CPI: 97.43617561613397;How many total deaths were recorded for the flash flood event in Kenya in 2024?;353;single-hop
kg_0057_1;kg_only;KG;emdat_wwa_alignment.xlsx;56;2024-0199-AUS;Australia;Flood;Flash flood;https://www.worldweatherattribution.org/mixed-rainfall-trends-highlight-the-importance-of-climate-adaptation-in-coastal-new-south-wales/;"event_id: 2024-0199-AUS | Historic: No | Classification Key: nat-hyd-flo-fla | Disaster Group: Natural | Disaster Subgroup: Hydrological | Disaster Type: Flood | Disaster Subtype: Flash flood | ISO: AUS | Country: Australia | Subregion: Australia and New Zealand | Region: Oceania | Location: Greater Sidney area (eastern New South Wales State); Queensland | Origin: Heavy rains | Associated Types: Slide (land, mud, snow, rock)|Storm | OFDA/BHA Response: No | Appeal: No | Declaration: No | Magnitude Scale: Km2 | Start Year: 2024 | Start Month: 4 | Start Day: 5 | End Year: 2024 | End Month: 4 | End Day: 9 | No. Injured: 6 | No. Affected: 200 | Total Affected: 206 | Total Damage ('000 US$): 260000 | Total Damage, Adjusted ('000 US$): 266841 | CPI: 97.43617561613397";How many people were injured in the flash flood in Australia in 2024?;6;single-hop